medicineId,name,manufacturer,stock,expiryDate,daysUntilExpiry,bucket
6a65d17eb65e7b032dc74461,Asthakind-P Drops,Mankind Pharma Ltd,116,2026-10-24 17:59:43.962000+00:00,90,Within 90 Days
6a65d17eb65e7b032dc747f7,Banshel Tablet,Bantom Laboratories Pvt Ltd,73,2026-10-24 11:29:30.661000+00:00,90,Within 90 Days
6a65d17eb65e7b032dc747a5,Benadryl DR Syrup,Johnson & Johnson Ltd,98,2026-10-24 16:09:48.678000+00:00,90,Within 90 Days
6a65d17eb65e7b032dc744cc,Acolate Plus Tablet,Gujarat Terce Laboratories Ltd,4,2026-10-24 22:54:12.646000+00:00,90,Within 90 Days
6a65d17eb65e7b032dc7463d,Alpan 40mg Tablet,Altak Pharmaceuticals Pvt Ltd,31,2026-10-27 17:42:15.392000+00:00,93,Beyond 90 Days
6a65d17eb65e7b032dc7460b,Abixim CV 200mg/125mg Tablet,Abbott,83,2026-10-28 01:16:28.127000+00:00,93,Beyond 90 Days
6a65d17eb65e7b032dc7479c,Apmupi Ointment,Apkavit Lifesciences,131,2026-10-28 20:40:36.722000+00:00,94,Beyond 90 Days
6a65d17eb65e7b032dc7464e,Airwin-LB Respules (2ml Each),Ultimate Healthcare,134,2026-10-28 14:21:27.711000+00:00,94,Beyond 90 Days
6a65d17eb65e7b032dc745dc,Amchek-Z Tablet,Indoco Remedies Ltd,61,2026-10-29 17:46:18.799000+00:00,95,Beyond 90 Days
6a65d17eb65e7b032dc7452a,Amaryl 4mg Tablet,Sanofi India  Ltd,96,2026-10-31 10:12:09.840000+00:00,97,Beyond 90 Days
6a65d17eb65e7b032dc7470d,Alom 20mg Capsule,Alvid-Indo Corporation,125,2026-10-31 11:21:26.388000+00:00,97,Beyond 90 Days
6a65d17eb65e7b032dc74588,Adiflam 50mg Tablet,Leben Life Sciences Pvt Ltd,27,2026-10-31 19:58:59.571000+00:00,97,Beyond 90 Days
6a65d17eb65e7b032dc74691,Akfer-XT Tablet,Akiez Healthcare,11,2026-11-02 02:10:52.938000+00:00,98,Beyond 90 Days
6a65d17eb65e7b032dc7459a,Acbro 3D 10mg/120mg/200mg Tablet SR,WellOK Pharma,109,2026-11-03 04:35:35.660000+00:00,99,Beyond 90 Days
6a65d17eb65e7b032dc74775,Artidine Tablet,Overseas Pharma Pvt Ltd,45,2026-11-04 15:17:00.002000+00:00,101,Beyond 90 Days
6a65d17eb65e7b032dc7461a,Actimol 50 mg/500 mg Tablet,Pharmed Ltd,43,2026-11-06 02:53:17.034000+00:00,102,Beyond 90 Days
6a65d17eb65e7b032dc74645,Alexza Tablet,Sulzderma Pharmaceuticals Pvt Ltd,111,2026-11-06 04:42:51.246000+00:00,102,Beyond 90 Days
6a65d17eb65e7b032dc7443d,Aerocort Inhaler,Cipla Ltd,4,2026-11-07 05:30:12.083000+00:00,103,Beyond 90 Days
6a65d17fb65e7b032dc74890,W-Vit-Plus Injection Combipack,Woriox Pharma Private Limited,45,2026-11-07 10:29:01.819000+00:00,104,Beyond 90 Days
6a65d17eb65e7b032dc744c3,Acenac SP 100mg/325mg/15mg Tablet,Medley Pharmaceuticals,139,2026-11-08 13:03:43.706000+00:00,105,Beyond 90 Days
6a65d17eb65e7b032dc747c1,Burn Nil Cream,Scott Edil Pharmacia Ltd,85,2026-11-08 12:45:21.902000+00:00,105,Beyond 90 Days
6a65d17fb65e7b032dc74881,Oxyfag-B Oral Suspension Sugar Free,U & V Cancure Pvt. Ltd.,20,2026-11-09 04:45:37.099000+00:00,105,Beyond 90 Days
6a65d17eb65e7b032dc744cf,Acceclowoc-P Tablet,Wockhardt Ltd,29,2026-11-09 19:48:10.763000+00:00,106,Beyond 90 Days
6a65d17eb65e7b032dc7441a,Amoxyclav 625 Tablet,Abbott,139,2026-11-11 08:03:31.845000+00:00,107,Beyond 90 Days
6a65d17eb65e7b032dc7449e,Amlopin 5 Tablet,USV Ltd,45,2026-11-10 17:19:59.372000+00:00,107,Beyond 90 Days
6a65d17eb65e7b032dc74585,Alday AM Tablet SR,S H Pharmaceuticals Ltd,118,2026-11-11 23:19:24.870000+00:00,108,Beyond 90 Days
6a65d17fb65e7b032dc74858,Euthyroid 100 Tablet,Akumentis Healthcare Ltd,97,2026-11-12 10:41:31.467000+00:00,109,Beyond 90 Days
6a65d17eb65e7b032dc745c6,Arumin 50 mg/500 mg Tablet,Empiai Pharmaceuticals Pvt Ltd,7,2026-11-13 07:57:08.965000+00:00,109,Beyond 90 Days
6a65d17eb65e7b032dc746c3,Asthavent-BR Syrup,Ultramark Healthcare Pvt Ltd,60,2026-11-13 22:41:48.378000+00:00,110,Beyond 90 Days
6a65d17eb65e7b032dc7441f,Asthalin Syrup,Cipla Ltd,87,2026-11-13 23:46:23.222000+00:00,110,Beyond 90 Days
6a65d17fb65e7b032dc74823,Corituss  Syrup,Wanbury Ltd,17,2026-11-15 22:03:44.985000+00:00,112,Beyond 90 Days
6a65d17eb65e7b032dc746aa,A Nil Tablet,Pan Pharmaceuticals Ltd,67,2026-11-16 05:52:37.628000+00:00,112,Beyond 90 Days
6a65d17eb65e7b032dc7451e,Albutamol Plus Tablet,Centaur Pharmaceuticals Pvt Ltd,54,2026-11-17 07:41:49.765000+00:00,113,Beyond 90 Days
6a65d17eb65e7b032dc744e0,Akair LC Tablet,J B Chemicals and Pharmaceuticals Ltd,108,2026-11-17 18:57:46.864000+00:00,114,Beyond 90 Days
6a65d17eb65e7b032dc747be,Betadine First Aid Solution,Win-Medicare Pvt Ltd,124,2026-11-18 06:07:03.930000+00:00,114,Beyond 90 Days
6a65d17eb65e7b032dc7447c,Allercet Cold Tablet,Micro Labs Ltd,148,2026-11-17 19:56:27.844000+00:00,114,Beyond 90 Days
6a65d17eb65e7b032dc7441d,Augmentin Duo Oral Suspension,Glaxo SmithKline Pharmaceuticals Ltd,49,2026-11-18 05:55:04.591000+00:00,114,Beyond 90 Days
6a65d17fb65e7b032dc74805,Clopilet Tablet,Sun Pharmaceutical Industries Ltd,5,2026-11-19 01:45:58.842000+00:00,115,Beyond 90 Days
6a65d17eb65e7b032dc74787,Agradine Scrub,Agrawal Drugs Pvt. Ltd.,16,2026-11-18 22:53:07.471000+00:00,115,Beyond 90 Days
6a65d17eb65e7b032dc74452,Azikem 500mg Tablet,Alkem Laboratories Ltd,133,2026-11-19 22:19:11.189000+00:00,116,Beyond 90 Days
6a65d17eb65e7b032dc744a1,Asthakind-LS Drop,Mankind Pharma Ltd,114,2026-11-20 00:05:38.487000+00:00,116,Beyond 90 Days
6a65d17eb65e7b032dc74494,Amlong 10 Tablet,Micro Labs Ltd,84,2026-11-21 08:45:09.862000+00:00,117,Beyond 90 Days
6a65d17eb65e7b032dc74672,Ambrosal LS Syrup,Capri Pharmaceuticals,83,2026-11-21 13:16:28.524000+00:00,118,Beyond 90 Days
6a65d17eb65e7b032dc7457d,Admol Junior 125mg Tablet,Ethicare Pharma,74,2026-11-21 23:01:55.975000+00:00,118,Beyond 90 Days
6a65d17eb65e7b032dc74422,Asthalin 100mcg Inhaler,Cipla Ltd,36,2026-11-22 04:00:16.770000+00:00,118,Beyond 90 Days
6a65d17eb65e7b032dc74537,Angicam LT 50 mg/5 mg Tablet,Blue Cross Laboratories Ltd,100,2026-11-23 00:50:59.410000+00:00,119,Beyond 90 Days
6a65d17fb65e7b032dc7484e,Euthyrox 75 Tablet,Merck Ltd,75,2026-11-22 19:13:00.937000+00:00,119,Beyond 90 Days
6a65d17fb65e7b032dc74897,Zincovec 50 Tablet,Biorex Healthcare Pvt Ltd,130,2026-11-22 18:45:09.779000+00:00,119,Beyond 90 Days
6a65d17eb65e7b032dc747e9,Bupirobact 2% Ointment,German Remedies,96,2026-11-22 15:49:44.998000+00:00,119,Beyond 90 Days
6a65d17eb65e7b032dc74630,Antiplar 75mg Tablet,Emcure Pharmaceuticals Ltd,139,2026-11-23 11:13:53.488000+00:00,120,Beyond 90 Days
6a65d17eb65e7b032dc74643,Alfexo M 10mg/120mg Tablet,Ernst Pharmacia,53,2026-11-23 22:52:59.403000+00:00,120,Beyond 90 Days
6a65d17eb65e7b032dc7471d,Acep 500mg Tablet,Apple Biotech,108,2026-11-24 17:00:31.630000+00:00,121,Beyond 90 Days
6a65d17eb65e7b032dc744b5,Amtas-M 50 Tablet PR,Intas Pharmaceuticals Ltd,77,2026-11-26 00:37:36.592000+00:00,122,Beyond 90 Days
6a65d17eb65e7b032dc744c8,ATM 200 Oral Suspension,Indoco Remedies Ltd,72,2026-11-25 11:14:54.589000+00:00,122,Beyond 90 Days
6a65d17eb65e7b032dc745f9,Aristogyl Suspension,Aristo Pharmaceuticals Pvt Ltd,144,2026-11-26 08:57:11+00:00,122,Beyond 90 Days
6a65d17eb65e7b032dc74602,Arpan 40mg Tablet,Aryan Biotech Pvt Ltd,134,2026-11-26 06:59:19.096000+00:00,122,Beyond 90 Days
6a65d17eb65e7b032dc746e3,Axibact 2% Ointment,Aurz Pharmaceuticals Pvt Ltd,82,2026-11-26 17:49:37.052000+00:00,123,Beyond 90 Days
6a65d17eb65e7b032dc74701,Armez 20mg Capsule,Artel Laboratories,120,2026-11-27 17:52:26.372000+00:00,124,Beyond 90 Days
6a65d17eb65e7b032dc745a1,Atosky Gold 20 Capsule,Daxia Healthcare,63,2026-11-27 13:10:15.833000+00:00,124,Beyond 90 Days
6a65d17eb65e7b032dc744a7,Asthalin Plus Expectorant,Cipla Ltd,94,2026-11-27 18:52:25.589000+00:00,124,Beyond 90 Days
6a65d17eb65e7b032dc7474e,Avical 625mg/125IU Tablet,Bhavishya Pharmaceuticals Pvt Ltd,86,2026-11-27 20:30:21.857000+00:00,124,Beyond 90 Days
6a65d17eb65e7b032dc745cc,Afineday Tablet,Indchemie Health Specialities Pvt Ltd,139,2026-11-28 04:26:31.999000+00:00,124,Beyond 90 Days
6a65d17eb65e7b032dc74601,Anaflam P 100 mg/125 mg Suspension,Albert David Ltd,129,2026-11-27 13:12:47.017000+00:00,124,Beyond 90 Days
6a65d17eb65e7b032dc7477c,Anadox 100mg Tablet,Banson Pharmaceuticals Pvt Ltd,74,2026-11-28 05:57:30.211000+00:00,124,Beyond 90 Days
6a65d17eb65e7b032dc7450e,Anleo-DSR Capsule,AN Pharmaceuticals Pvt Ltd,121,2026-11-28 03:25:59.747000+00:00,124,Beyond 90 Days
6a65d17eb65e7b032dc7474c,Aldezol 200mg Tablet,Albert David Ltd,27,2026-11-29 02:45:45.599000+00:00,125,Beyond 90 Days
6a65d17eb65e7b032dc747cd,Bactorub Antiseptic Solution,Raman   Weil Pvt Ltd,32,2026-11-30 08:24:55.063000+00:00,126,Beyond 90 Days
6a65d17fb65e7b032dc74837,Drvilda 50mg Tablet,DR Best pharmaceuticals Pvt Ltd,95,2026-11-29 20:33:09.094000+00:00,126,Beyond 90 Days
6a65d17eb65e7b032dc74660,Anofer 100mg Injection,Sun Pharmaceutical Industries Ltd,139,2026-12-01 06:58:49.860000+00:00,127,Beyond 90 Days
6a65d17eb65e7b032dc7459b,Amloz TS Tablet,Shreya Life Sciences Pvt Ltd,54,2026-12-01 01:28:51.875000+00:00,127,Beyond 90 Days
6a65d17fb65e7b032dc7484a,Eglucent Mix 25 Kwikpen 100IU/ml,Lupin Ltd,147,2026-12-01 09:13:29.721000+00:00,127,Beyond 90 Days
6a65d17eb65e7b032dc74548,Agmamol 500mg Tablet,Amore Health Essentials Pvt Ltd,99,2026-11-30 22:41:00.116000+00:00,127,Beyond 90 Days
6a65d17eb65e7b032dc7445c,Atorlip-F Tablet,Cipla Ltd,22,2026-12-01 17:27:04.075000+00:00,128,Beyond 90 Days
6a65d17fb65e7b032dc74841,Eltroxin 75mcg Tablet,Glaxo SmithKline Pharmaceuticals Ltd,3,2026-12-02 00:17:37.825000+00:00,128,Beyond 90 Days
6a65d17eb65e7b032dc744e5,Amrox-LS Junior Syrup,Leeford Healthcare Ltd,45,2026-12-03 07:52:06.943000+00:00,129,Beyond 90 Days
6a65d17eb65e7b032dc746c8,Api 20mg Tablet,Vanguard Therapeutics Pvt Ltd,133,2026-12-02 20:24:39.463000+00:00,129,Beyond 90 Days
6a65d17eb65e7b032dc74524,Alenix 5 Tablet,Canixa Life Sciences Pvt,133,2026-12-02 12:43:19.024000+00:00,129,Beyond 90 Days
6a65d17fb65e7b032dc74852,Euthyrox 88 Tablet,Merck Ltd,81,2026-12-03 05:14:58.751000+00:00,129,Beyond 90 Days
6a65d17eb65e7b032dc74470,Asomex 2.5 Tablet,Emcure Pharmaceuticals Ltd,129,2026-12-03 09:54:05.898000+00:00,130,Beyond 90 Days
6a65d17eb65e7b032dc74515,Agmacet 10mg Tablet,Amore Health Essentials Pvt Ltd,53,2026-12-03 16:27:39.494000+00:00,130,Beyond 90 Days
6a65d17eb65e7b032dc74535,Arbitel-AMH Tablet,Micro Labs Ltd,82,2026-12-05 00:30:17.151000+00:00,131,Beyond 90 Days
6a65d17eb65e7b032dc74530,Aciban 40 Tablet,Cadila Pharmaceuticals Ltd,115,2026-12-04 09:53:01.136000+00:00,131,Beyond 90 Days
6a65d17eb65e7b032dc74726,Amyvit Plus Injection,Man Serve Pharma,39,2026-12-05 00:54:00.713000+00:00,131,Beyond 90 Days
6a65d17eb65e7b032dc747a1,Aptogrel 75mg Tablet,Mcneil & Argus Pharmaceuticals Ltd,56,2026-12-05 15:40:15.838000+00:00,132,Beyond 90 Days
6a65d17eb65e7b032dc74456,Atorva 20 Tablet,Zydus Cadila,142,2026-12-06 03:38:56.011000+00:00,132,Beyond 90 Days
6a65d17fb65e7b032dc7483d,Eldervit 12 Combipack,Elder Pharmaceuticals Ltd,128,2026-12-06 10:11:40.975000+00:00,133,Beyond 90 Days
6a65d17eb65e7b032dc74747,Axiset 4mg Tablet,Axis Life Science Pvt Ltd,49,2026-12-07 17:02:22.852000+00:00,134,Beyond 90 Days
6a65d17eb65e7b032dc744c4,Allrite DC Tablet ER,Zydus Cadila,4,2026-12-07 11:03:45.618000+00:00,134,Beyond 90 Days
6a65d17fb65e7b032dc7488d,T-Zinc Syrup,Terra Pharma Private Limited,120,2026-12-08 03:43:26.194000+00:00,134,Beyond 90 Days
6a65d17eb65e7b032dc74717,Adoloc 20mg Capsule,Adoc Pharma,135,2026-12-08 13:07:39.182000+00:00,135,Beyond 90 Days
6a65d17fb65e7b032dc7484f,Eglucent Rapid 100IU/ml Kwikpen,Lupin Ltd,46,2026-12-09 06:55:33.348000+00:00,135,Beyond 90 Days
6a65d17eb65e7b032dc744c0,Arbitel-AM Tablet,Micro Labs Ltd,121,2026-12-09 14:50:43.304000+00:00,136,Beyond 90 Days
6a65d17eb65e7b032dc746e5,Athrab 20mg Tablet,Athens Wellness,95,2026-12-09 18:19:35.458000+00:00,136,Beyond 90 Days
6a65d17eb65e7b032dc7443c,Acemiz -MR Tablet,Lupin Ltd,45,2026-12-10 23:05:14.484000+00:00,137,Beyond 90 Days
6a65d17eb65e7b032dc7465b,Afdiloc 300mg Tablet,Anglo-French Drugs & Industries Ltd,141,2026-12-10 14:59:14.952000+00:00,137,Beyond 90 Days
6a65d17eb65e7b032dc7444d,Augmentin 1.2gm Injection,Glaxo SmithKline Pharmaceuticals Ltd,31,2026-12-13 01:09:17.774000+00:00,139,Beyond 90 Days
6a65d17eb65e7b032dc745ec,Arifix 200mg Tablet DT,Sarian Healthcare,6,2026-12-14 01:33:03.879000+00:00,140,Beyond 90 Days
6a65d17eb65e7b032dc74792,Acrogyl 200mg/5ml Suspension,Acron Pharmaceuticals,116,2026-12-13 09:39:01.948000+00:00,140,Beyond 90 Days
6a65d17eb65e7b032dc74506,Arbitel-AV Tablet,Micro Labs Ltd,51,2026-12-14 11:32:12.053000+00:00,141,Beyond 90 Days
6a65d17eb65e7b032dc745d4,Actorab-D Capsule SR,Fitwel Pharmaceuticals Private Limited,53,2026-12-14 19:37:09.127000+00:00,141,Beyond 90 Days
6a65d17eb65e7b032dc747b2,Basaglar 100IU/ml Kwikpen,Cipla Ltd,56,2026-12-14 13:04:13.577000+00:00,141,Beyond 90 Days
6a65d17eb65e7b032dc7458d,AFM Tablet,Lemford Biotech Pvt Ltd,144,2026-12-14 12:14:49.089000+00:00,141,Beyond 90 Days
6a65d17eb65e7b032dc747e0,Biosulin N 40IU Injection,Innova Life Sciences Private Limited,149,2026-12-14 18:47:37.455000+00:00,141,Beyond 90 Days
6a65d17eb65e7b032dc747a7,Betadine Powder,Win-Medicare Pvt Ltd,13,2026-12-15 20:51:05.105000+00:00,142,Beyond 90 Days
6a65d17eb65e7b032dc74610,Auriase M 5mg/10mg Tablet,Surya Pharmaceutical Ltd,110,2026-12-16 02:40:15.185000+00:00,142,Beyond 90 Days
6a65d17eb65e7b032dc747ef,Blzole Dusting Powder,Blaze Remedies,54,2026-12-16 18:01:23.809000+00:00,143,Beyond 90 Days
6a65d17eb65e7b032dc74556,Anadom 10mg/500mg Tablet,Icon Life Sciences,30,2026-12-16 20:56:46.197000+00:00,143,Beyond 90 Days
6a65d17fb65e7b032dc74834,Debiglip 50mg Tablet,Leeford Healthcare Ltd,0,2026-12-17 15:54:28.434000+00:00,144,Beyond 90 Days
6a65d17eb65e7b032dc7442b,Aldigesic-SP Tablet,Alkem Laboratories Ltd,15,2026-12-17 19:32:30.406000+00:00,144,Beyond 90 Days
6a65d17eb65e7b032dc7478c,Agradine 5% Lotion,Agrawal Drugs Pvt. Ltd.,118,2026-12-18 13:51:02.517000+00:00,145,Beyond 90 Days
6a65d17eb65e7b032dc7467a,Adidox 100mg Capsule,Adison Pharmaceuticals,34,2026-12-19 10:49:38.583000+00:00,146,Beyond 90 Days
6a65d17eb65e7b032dc74423,Almox 500 Capsule,Alkem Laboratories Ltd,12,2026-12-20 07:28:01.117000+00:00,146,Beyond 90 Days
6a65d17eb65e7b032dc7450b,Afoglip M  1000 Tablet ER,Torrent Pharmaceuticals Ltd,84,2026-12-20 07:43:36.809000+00:00,146,Beyond 90 Days
6a65d17fb65e7b032dc7483a,Doevil 50mg Tablet,Doer Life Sciences,14,2026-12-20 09:29:05.775000+00:00,147,Beyond 90 Days
6a65d17fb65e7b032dc74886,Sofirash Cream,KLM Laboratories Pvt Ltd,118,2026-12-20 16:21:51.617000+00:00,147,Beyond 90 Days
6a65d17eb65e7b032dc74800,Boscort C 1% Dusting Powder,Elkos Healthcare Pvt Ltd,51,2026-12-20 23:11:11.321000+00:00,147,Beyond 90 Days
6a65d17eb65e7b032dc744e1,Azulix 1 Tablet,Torrent Pharmaceuticals Ltd,73,2026-12-20 23:51:57.649000+00:00,147,Beyond 90 Days
6a65d17eb65e7b032dc74657,Asterab 20 Tablet,Aster Medipharm Pvt Ltd,10,2026-12-21 17:23:04.403000+00:00,148,Beyond 90 Days
6a65d17fb65e7b032dc74868,Foly-Act Tablet,Morepen Laboratories Ltd,110,2026-12-21 09:56:17.190000+00:00,148,Beyond 90 Days
6a65d17fb65e7b032dc74836,Diavild 50mg Tablet,Proqol Healthcare,146,2026-12-23 06:51:32.152000+00:00,149,Beyond 90 Days
6a65d17eb65e7b032dc74580,Asthamon-L Tablet,East West Pharma,92,2026-12-22 23:14:17.556000+00:00,149,Beyond 90 Days
6a65d17fb65e7b032dc74891,Xcorbic 1.5gm Injection,Dote Health Care,88,2026-12-23 04:25:36.606000+00:00,149,Beyond 90 Days
6a65d17eb65e7b032dc745df,Auriase 5mg Tablet,Surya Pharmaceutical Ltd,34,2026-12-22 14:09:19.104000+00:00,149,Beyond 90 Days
6a65d17eb65e7b032dc74772,Alvitral  Tablet,East West Pharma,15,2026-12-24 07:07:39.269000+00:00,150,Beyond 90 Days
6a65d17eb65e7b032dc747a6,Burnheal Cream,Cipla Ltd,110,2026-12-23 18:29:55.366000+00:00,150,Beyond 90 Days
6a65d17eb65e7b032dc74647,Avilox 250mg Tablet,Avalanche Pharmaceuticals,60,2026-12-24 21:08:08.655000+00:00,151,Beyond 90 Days
6a65d17eb65e7b032dc745c5,Arropan 40mg Tablet,Ardent Life Sciences Pvt Ltd,81,2026-12-24 11:41:57.307000+00:00,151,Beyond 90 Days
6a65d17eb65e7b032dc74698,Alset 4mg Tablet,Alpha Lab,87,2026-12-26 14:36:51.716000+00:00,153,Beyond 90 Days
6a65d17eb65e7b032dc744e9,Arbitel-MT 50 Tablet ER,Micro Labs Ltd,105,2026-12-26 22:26:58.146000+00:00,153,Beyond 90 Days
6a65d17eb65e7b032dc745a0,Axim 200mg Tablet,Uni-Pex Pharmaceuticals Pvt Ltd,77,2026-12-28 06:26:16.446000+00:00,154,Beyond 90 Days
6a65d17eb65e7b032dc745d6,Aquasol C Oral Drops,Lifeon Paediatrics Ltd,4,2026-12-28 04:07:57.360000+00:00,154,Beyond 90 Days
6a65d17eb65e7b032dc7475d,Alfolic 5mg Tablet,Altak Pharmaceuticals Pvt Ltd,11,2026-12-29 03:41:21.933000+00:00,155,Beyond 90 Days
6a65d17fb65e7b032dc74855,Euthyrox 12.5mcg Tablet,Merck Ltd,146,2026-12-29 03:13:13.966000+00:00,155,Beyond 90 Days
6a65d17eb65e7b032dc745de,Apidine Eye Drop,Appasamy Ocular Device Pvt Ltd,21,2026-12-30 05:37:09.378000+00:00,156,Beyond 90 Days
6a65d17eb65e7b032dc746a2,Alcipro 1000mg Tablet,Alkem Laboratories Ltd,15,2026-12-30 22:01:15.690000+00:00,157,Beyond 90 Days
6a65d17eb65e7b032dc74541,Azulix 0.5 MF Tablet PR,Torrent Pharmaceuticals Ltd,56,2026-12-31 05:20:18.270000+00:00,157,Beyond 90 Days
6a65d17eb65e7b032dc747ea,Bactirel Ointment,Reliance Life Sciences,88,2026-12-30 15:20:46.341000+00:00,157,Beyond 90 Days
6a65d17eb65e7b032dc747bc,Briodox Tablet,Brinton Pharmaceuticals Pvt Ltd,141,2027-01-01 01:19:39.701000+00:00,158,Beyond 90 Days
6a65d17eb65e7b032dc74774,Aztec 25mg Injection,Ind Swift Laboratories Ltd,97,2027-01-01 12:24:19.955000+00:00,159,Beyond 90 Days
6a65d17eb65e7b032dc746eb,Alodyne Ointment,Dynamed Pharmaceuticals Pvt Ltd,139,2027-01-03 05:55:33.183000+00:00,160,Beyond 90 Days
6a65d17eb65e7b032dc7446a,Azithral 100 Liquid,Alembic Pharmaceuticals Ltd,142,2027-01-02 22:23:50.411000+00:00,160,Beyond 90 Days
6a65d17eb65e7b032dc745a6,Angizaar 25 Tablet,Micro Labs Ltd,85,2027-01-03 04:00:51.026000+00:00,160,Beyond 90 Days
6a65d17eb65e7b032dc7465d,Acirab 20mg Tablet,Mestra Pharma Pvt Ltd,31,2027-01-04 18:03:39.363000+00:00,162,Beyond 90 Days
6a65d17eb65e7b032dc746fa,Acirox 500mg Tablet,Comex Pharma,130,2027-01-05 00:34:24.499000+00:00,162,Beyond 90 Days
6a65d17eb65e7b032dc74636,Astecef O 200mg/200mg Tablet,Aster Medipharm Pvt Ltd,104,2027-01-05 02:45:25.683000+00:00,162,Beyond 90 Days
6a65d17eb65e7b032dc7457e,Alsartan AM Tablet,Aristo Pharmaceuticals Pvt Ltd,10,2027-01-04 22:36:56.590000+00:00,162,Beyond 90 Days
6a65d17fb65e7b032dc74869,Folimac 5mg Tablet,Ikon Pharmachem Pvt Ltd,3,2027-01-04 18:05:35.390000+00:00,162,Beyond 90 Days
6a65d17eb65e7b032dc74677,Acidcut Tablet,Hebert Biotech,35,2027-01-05 14:19:49.759000+00:00,163,Beyond 90 Days
6a65d17fb65e7b032dc74815,CO Mupimet Collagen Particles,Fourrts India Laboratories Pvt Ltd,15,2027-01-05 12:34:07.478000+00:00,163,Beyond 90 Days
6a65d17fb65e7b032dc7480d,Clavix Tablet,Intas Pharmaceuticals Ltd,87,2027-01-05 23:43:48.872000+00:00,163,Beyond 90 Days
6a65d17eb65e7b032dc745bc,Acefenac SP Tablet,Medichem Pharmceuticals Ltd,77,2027-01-05 23:13:48.558000+00:00,163,Beyond 90 Days
6a65d17eb65e7b032dc74437,Ambrodil-LX Syrup,Aristo Pharmaceuticals Pvt Ltd,28,2027-01-06 10:18:52.204000+00:00,164,Beyond 90 Days
6a65d17fb65e7b032dc74844,Euthyrox 100 Tablet,Merck Ltd,93,2027-01-06 18:49:10.510000+00:00,164,Beyond 90 Days
6a65d17eb65e7b032dc745f6,Anzipan-DSR Capsule,Angiolife Healthcare Pvt Ltd,135,2027-01-07 06:49:44.455000+00:00,164,Beyond 90 Days
6a65d17eb65e7b032dc74554,Amlosafe TM 80 Tablet,Aristo Pharmaceuticals Pvt Ltd,127,2027-01-06 13:24:26.739000+00:00,164,Beyond 90 Days
6a65d17eb65e7b032dc74563,Azulix MV 1mg/500mg/0.2mg Tablet SR,Torrent Pharmaceuticals Ltd,131,2027-01-07 16:47:04.357000+00:00,165,Beyond 90 Days
6a65d17eb65e7b032dc744b1,Amoxycillin 125mg Oral Suspension,Nestor Pharmaceuticals,93,2027-01-07 09:44:45.953000+00:00,165,Beyond 90 Days
6a65d17eb65e7b032dc7442c,Acemiz Plus Tablet,Lupin Ltd,49,2027-01-08 06:33:48.101000+00:00,165,Beyond 90 Days
6a65d17eb65e7b032dc74724,Albidox LB 100mg Capsule,Albia Biocare,1,2027-01-09 19:22:59.534000+00:00,167,Beyond 90 Days
6a65d17eb65e7b032dc7464f,Agivog M 0.3 Tablet SR,Jubilant Life Sciences,102,2027-01-11 21:44:13.180000+00:00,169,Beyond 90 Days
6a65d17eb65e7b032dc745f8,Acdof 40mg Injection,Alkem Laboratories Ltd,23,2027-01-11 11:25:27.416000+00:00,169,Beyond 90 Days
6a65d17eb65e7b032dc74707,Allflam 400 mg/500 mg Tablet,Allentis Pharmaceuticals Pvt Ltd,144,2027-01-11 15:58:50.721000+00:00,169,Beyond 90 Days
6a65d17eb65e7b032dc74629,Astecef 200mg Tablet,Aster Medipharm Pvt Ltd,114,2027-01-11 18:04:27.139000+00:00,169,Beyond 90 Days
6a65d17eb65e7b032dc747ad,Basugine 100IU/ml Injection,Lupin Ltd,104,2027-01-12 08:10:33.193000+00:00,169,Beyond 90 Days
6a65d17eb65e7b032dc74467,Advent 228.5mg Dry Syrup,Cipla Ltd,102,2027-01-12 16:13:20.833000+00:00,170,Beyond 90 Days
6a65d17eb65e7b032dc7467b,Altracid 40mg Tablet,Alter Ego Pharmaceuticals,48,2027-01-13 04:09:18.800000+00:00,170,Beyond 90 Days
6a65d17eb65e7b032dc74440,Amlip 5 Tablet,Cipla Ltd,114,2027-01-12 11:37:51.882000+00:00,170,Beyond 90 Days
6a65d17eb65e7b032dc7456b,Amlovas LS Tablet,Macleods Pharmaceuticals Pvt Ltd,81,2027-01-14 09:15:59.416000+00:00,171,Beyond 90 Days
6a65d17eb65e7b032dc74634,Abzorb Syndet Bar,Sun Pharmaceutical Industries Ltd,58,2027-01-13 11:43:52.025000+00:00,171,Beyond 90 Days
6a65d17eb65e7b032dc7466c,Airise 60k Softgel Capsule,Ai Health Care LLP,83,2027-01-14 20:43:22.190000+00:00,172,Beyond 90 Days
6a65d17eb65e7b032dc7464a,Ali M 500mg Tablet,Mefro Pharmaceuticals Pvt Ltd,115,2027-01-14 12:20:17.728000+00:00,172,Beyond 90 Days
6a65d17eb65e7b032dc74567,Akme CT 10 Tablet,Akme Biotec,105,2027-01-15 20:33:55.013000+00:00,173,Beyond 90 Days
6a65d17eb65e7b032dc74607,Azicef-LB Tablet,Mclain Laboratories,3,2027-01-17 03:14:42.478000+00:00,174,Beyond 90 Days
6a65d17eb65e7b032dc744a8,Atchol 40 Tablet,Aristo Pharmaceuticals Pvt Ltd,103,2027-01-17 21:47:40.639000+00:00,175,Beyond 90 Days
6a65d17eb65e7b032dc74577,Allergin 10mg Tablet,Jenburkt Pharmaceuticals Ltd,109,2027-01-18 02:49:58.021000+00:00,175,Beyond 90 Days
6a65d17eb65e7b032dc74559,Azuvas 20-Gold Capsule,Azkka Pharmaceuticals Pvt Ltd,33,2027-01-18 05:04:12.994000+00:00,175,Beyond 90 Days
6a65d17eb65e7b032dc747d1,Burn O Relief Cream,Cure Tech Skincare,42,2027-01-19 01:22:41.265000+00:00,176,Beyond 90 Days
6a65d17fb65e7b032dc7481b,Cofstop-DX Syrup,Apex Laboratories Pvt Ltd,49,2027-01-19 16:46:37.413000+00:00,177,Beyond 90 Days
6a65d17eb65e7b032dc7476c,Aplatin 75 Tablet,Saga Laboratories,29,2027-01-21 01:31:29.660000+00:00,178,Beyond 90 Days
6a65d17fb65e7b032dc7487a,Inlime-CZ Chewable Tablet Orange,Winsome Bioceuticals,49,2027-01-21 01:35:16.364000+00:00,178,Beyond 90 Days
6a65d17eb65e7b032dc7454d,Adoxy LB Capsule,Atopic Laboratories,100,2027-01-22 07:45:16.827000+00:00,179,Beyond 90 Days
6a65d17eb65e7b032dc746b4,Acvilda-M 500mg/50mg Tablet,Acmedix Pharma LLP,75,2027-01-21 14:11:29.802000+00:00,179,Beyond 90 Days
6a65d17eb65e7b032dc7449f,Alciflox 500mg Tablet,Alkem Laboratories Ltd,5,2027-01-21 13:04:44.112000+00:00,179,Beyond 90 Days
6a65d17eb65e7b032dc74538,Alergin 10mg Tablet,Cipla Ltd,13,2027-01-22 13:39:33.374000+00:00,180,Beyond 90 Days
6a65d17eb65e7b032dc744f1,Aztogold 10 Capsule,Sun Pharmaceutical Industries Ltd,37,2027-01-23 21:56:05.687000+00:00,181,Beyond 90 Days
6a65d17eb65e7b032dc7459c,Azuvas 20 Tablet,Azkka Pharmaceuticals Pvt Ltd,136,2027-01-23 13:57:22.854000+00:00,181,Beyond 90 Days
6a65d17eb65e7b032dc746b5,Amgargl,Nri Vision Care India Limited,123,2027-01-23 13:13:46.551000+00:00,181,Beyond 90 Days
6a65d17fb65e7b032dc74810,Canesten Vaginal Cream,Bayer Pharmaceuticals Pvt Ltd,33,2027-01-23 21:21:05.340000+00:00,181,Beyond 90 Days
6a65d17eb65e7b032dc74738,Acer 20mg Capsule,Vision Medilink,62,2027-01-24 12:22:59.974000+00:00,182,Beyond 90 Days
6a65d17eb65e7b032dc747ab,Basaglar 100 Units/ml Cartridge,Cipla Ltd,20,2027-01-24 21:25:35.238000+00:00,182,Beyond 90 Days
6a65d17eb65e7b032dc7476d,Aldine 10% Ointment,Alpic Biotech Ltd,23,2027-01-24 11:19:43.971000+00:00,182,Beyond 90 Days
6a65d17eb65e7b032dc744d1,Atchol 20 Tablet,Aristo Pharmaceuticals Pvt Ltd,131,2027-01-25 02:52:13.449000+00:00,182,Beyond 90 Days
6a65d17eb65e7b032dc7459d,Acimol 500mg Tablet,Allied Chemicals & Pharmaceuticals Pvt Ltd,9,2027-01-25 08:03:48.666000+00:00,182,Beyond 90 Days
6a65d17eb65e7b032dc74595,Ambcet Syrup,Fourrts India Laboratories Pvt Ltd,22,2027-01-27 05:07:18.654000+00:00,184,Beyond 90 Days
6a65d17eb65e7b032dc74584,Aeknil Injection,Therapeutic Pharmaceuticals,72,2027-01-28 08:18:01.841000+00:00,185,Beyond 90 Days
6a65d17eb65e7b032dc745cb,Alocet-XL 2.5mg/5ml/30mg/5ml Syrup,Viilbery Healthcare Pvt Ltd,103,2027-01-28 11:33:31.265000+00:00,186,Beyond 90 Days
6a65d17eb65e7b032dc7468c,Asolt Tablet,Profic Organic Ltd,58,2027-01-28 11:15:46.155000+00:00,186,Beyond 90 Days
6a65d17eb65e7b032dc7468e,Auctista M 500mg/20mg Tablet,Bioaltus Pharmaceuticals Pvt Ltd,147,2027-01-28 14:56:41.271000+00:00,186,Beyond 90 Days
6a65d17eb65e7b032dc74527,Admol 650mg Tablet,Ethicare Pharma,135,2027-01-29 06:17:05.291000+00:00,186,Beyond 90 Days
6a65d17eb65e7b032dc744fe,Azovas T 40 Tablet,J B Chemicals and Pharmaceuticals Ltd,78,2027-01-28 12:27:24.736000+00:00,186,Beyond 90 Days
6a65d17eb65e7b032dc74429,Augmentin DDS Suspension,Glaxo SmithKline Pharmaceuticals Ltd,133,2027-01-30 02:16:17.614000+00:00,187,Beyond 90 Days
6a65d17eb65e7b032dc745db,Amrizol-DSR Capsule,Nuorik Healthcare,72,2027-01-30 06:20:38.489000+00:00,187,Beyond 90 Days
6a65d17fb65e7b032dc7482c,Coldnem Syrup,Nemi Pharmaceuticles,121,2027-01-30 16:00:32.611000+00:00,188,Beyond 90 Days
6a65d17eb65e7b032dc74460,Amlip AT Tablet,Cipla Ltd,132,2027-01-30 17:10:09.675000+00:00,188,Beyond 90 Days
6a65d17eb65e7b032dc746b6,Aucti 100mg Injection,Bioaltus Pharmaceuticals Pvt Ltd,107,2027-01-30 20:27:32.714000+00:00,188,Beyond 90 Days
6a65d17eb65e7b032dc746df,Ameto-LS Syrup,Shinto Organics (P) Limited,115,2027-01-30 17:52:55.691000+00:00,188,Beyond 90 Days
6a65d17eb65e7b032dc74550,Apriglim-MV 303 Tablet SR,Aprica Pharmaceuticals Pvt Ltd,0,2027-02-01 04:22:17.839000+00:00,189,Beyond 90 Days
6a65d17eb65e7b032dc74533,Amodep-TMH Tablet,FDC Ltd,25,2027-02-01 09:22:27.536000+00:00,189,Beyond 90 Days
6a65d17fb65e7b032dc74811,Cofsils Dry Cough Syrup,Cipla Health Ltd,29,2027-01-31 19:16:35.088000+00:00,189,Beyond 90 Days
6a65d17eb65e7b032dc74499,Aceclo Tablet,Aristo Pharmaceuticals Pvt Ltd,86,2027-02-01 04:04:51.522000+00:00,189,Beyond 90 Days
6a65d17eb65e7b032dc744b6,Akilos-P Tablet,Unison Pharmaceuticals Pvt Ltd,8,2027-02-02 00:15:29.497000+00:00,190,Beyond 90 Days
6a65d17eb65e7b032dc746c2,Atarol Tablet MD,Solace Biotech Ltd,60,2027-02-02 10:35:21.524000+00:00,191,Beyond 90 Days
6a65d17eb65e7b032dc7476e,Alferon XT 20mg Injection,Alarius Healthcare,75,2027-02-02 21:54:08.981000+00:00,191,Beyond 90 Days
6a65d17eb65e7b032dc746ee,Avilox Forte 500mg Tablet,Avalanche Pharmaceuticals,66,2027-02-03 04:11:09.262000+00:00,191,Beyond 90 Days
6a65d17eb65e7b032dc74424,Aciloc RD 20 Tablet,Cadila Pharmaceuticals Ltd,134,2027-02-04 04:18:41.242000+00:00,192,Beyond 90 Days
6a65d17eb65e7b032dc7473f,Alcipro 750mg Tablet,Alkem Laboratories Ltd,53,2027-02-04 03:44:43.628000+00:00,192,Beyond 90 Days
6a65d17eb65e7b032dc74447,Aceclo-MR Tablet,Aristo Pharmaceuticals Pvt Ltd,24,2027-02-03 21:24:54.371000+00:00,192,Beyond 90 Days
6a65d17eb65e7b032dc744da,Amlozaar-H Tablet,Micro Labs Ltd,99,2027-02-05 05:33:51.716000+00:00,193,Beyond 90 Days
6a65d17eb65e7b032dc74547,Abvida-M 50/500 Eazy Glide Tablet SR,Abbott,54,2027-02-04 20:21:03.775000+00:00,193,Beyond 90 Days
6a65d17eb65e7b032dc74783,Asitac 150mg Tablet,Smilax Pharmaceuticals,81,2027-02-04 21:52:54.712000+00:00,193,Beyond 90 Days
6a65d17fb65e7b032dc74825,Coba C Injection,Healsure Lifesciences Pvt. Ltd.,13,2027-02-06 06:51:18.225000+00:00,194,Beyond 90 Days
6a65d17eb65e7b032dc746e2,AD Fun 1% Cream,Aditya Pharmaceuticals,92,2027-02-06 05:29:23.927000+00:00,194,Beyond 90 Days
6a65d17eb65e7b032dc7462c,Ample 200mg Tablet,Kaps3 Life Sciences,16,2027-02-06 10:04:58.907000+00:00,195,Beyond 90 Days
6a65d17eb65e7b032dc745a8,Arden 650mg Tablet,Adonis Laboratories Pvt Ltd,16,2027-02-07 08:11:12.608000+00:00,195,Beyond 90 Days
6a65d17eb65e7b032dc7451c,Aciloc Only Oral Liquid,Cadila Pharmaceuticals Ltd,122,2027-02-07 08:37:30.648000+00:00,195,Beyond 90 Days
6a65d17fb65e7b032dc74850,Equisulin-M 30 Injection 40IU/ml,Koye Pharmaceuticals Pvt ltd,100,2027-02-07 04:54:21.224000+00:00,195,Beyond 90 Days
6a65d17eb65e7b032dc74544,Angizaar-H Tablet,Micro Labs Ltd,92,2027-02-07 01:48:18.156000+00:00,195,Beyond 90 Days
6a65d17fb65e7b032dc74848,Eltroxin 125mcg Tablet,Glaxo SmithKline Pharmaceuticals Ltd,8,2027-02-08 03:42:48.286000+00:00,196,Beyond 90 Days
6a65d17eb65e7b032dc74555,Alday Kid Syrup,S H Pharmaceuticals Ltd,44,2027-02-08 07:43:39.847000+00:00,196,Beyond 90 Days
6a65d17eb65e7b032dc74520,Alzero M Syrup,Indchemie Health Specialities Pvt Ltd,70,2027-02-07 10:22:20.153000+00:00,196,Beyond 90 Days
6a65d17eb65e7b032dc744d3,Amoxy 500mg Capsule,Blue Cross Laboratories Ltd,130,2027-02-08 11:54:13.110000+00:00,197,Beyond 90 Days
6a65d17eb65e7b032dc745d9,Asterab DSR Capsule,Aster Medipharm Pvt Ltd,27,2027-02-10 04:15:06.611000+00:00,198,Beyond 90 Days
6a65d17eb65e7b032dc74587,Ambolev 5mg Tablet,Intra Life,93,2027-02-09 18:41:21.407000+00:00,198,Beyond 90 Days
6a65d17eb65e7b032dc746de,Alcadin 2% Gargle,Ajanta Pharma Ltd,104,2027-02-09 21:49:13.340000+00:00,198,Beyond 90 Days
6a65d17eb65e7b032dc74793,Aciba 25mg Injection,Systacare Remedies,132,2027-02-09 11:49:41.674000+00:00,198,Beyond 90 Days
6a65d17eb65e7b032dc7447e,Amox 500mg Capsule,Synchem Lab,112,2027-02-10 14:16:39.117000+00:00,199,Beyond 90 Days
6a65d17eb65e7b032dc747a4,Betadine 10% Solution,Win-Medicare Pvt Ltd,109,2027-02-10 12:52:44.236000+00:00,199,Beyond 90 Days
6a65d17eb65e7b032dc74679,Anset OR 4mg/150mg Tablet,Bennet Mypher Pharmaceuticals LLP,98,2027-02-11 00:52:16.867000+00:00,199,Beyond 90 Days
6a65d17eb65e7b032dc746ae,Alcold Plus Tablet,Legend Pharma Technologies,127,2027-02-12 03:13:33.815000+00:00,200,Beyond 90 Days
6a65d17eb65e7b032dc747e4,Bacrocin 2% Ointment,Benedic Pharmaceutical Pvt Ltd,133,2027-02-11 21:47:56.079000+00:00,200,Beyond 90 Days
6a65d17eb65e7b032dc7455c,Alenix 10mg Tablet,Canixa Life Sciences Pvt,59,2027-02-12 04:04:17.782000+00:00,200,Beyond 90 Days
6a65d17eb65e7b032dc747bb,Bro Cofdex Plus Syrup,Cipla Ltd,78,2027-02-11 15:35:31.620000+00:00,200,Beyond 90 Days
6a65d17eb65e7b032dc74625,Albutamol Plus Syrup,Centaur Pharmaceuticals Pvt Ltd,7,2027-02-13 08:26:43.984000+00:00,201,Beyond 90 Days
6a65d17eb65e7b032dc744b9,Amlopres AT 25 Tablet,Cipla Ltd,144,2027-02-14 04:32:56.171000+00:00,202,Beyond 90 Days
6a65d17eb65e7b032dc744e8,Abixim 200mg Tablet,Abbott,9,2027-02-14 15:59:35.228000+00:00,203,Beyond 90 Days
6a65d17eb65e7b032dc74704,Aztec 150mg Tablet,Ind Swift Laboratories Ltd,81,2027-02-15 08:22:00.284000+00:00,203,Beyond 90 Days
6a65d17eb65e7b032dc74762,Atheroz 75mg Tablet,Klintoz Pharmaceuticals Pvt Ltd,105,2027-02-15 05:10:30.140000+00:00,203,Beyond 90 Days
6a65d17eb65e7b032dc744dd,Acimol 100 mg/325 mg Tablet,Leeford Healthcare Ltd,53,2027-02-14 17:31:36.639000+00:00,203,Beyond 90 Days
6a65d17fb65e7b032dc74876,Healtroxin 125mcg Tablet,Healing Pharma India Pvt Ltd,17,2027-02-15 19:05:34.859000+00:00,204,Beyond 90 Days
6a65d17eb65e7b032dc7467c,Amidase D 50mg/10mg Tablet,Adley Formulations,59,2027-02-16 06:45:30.513000+00:00,204,Beyond 90 Days
6a65d17eb65e7b032dc746cd,Antac 150mg Tablet,Angel Laboratories Pvt Ltd,40,2027-02-16 04:31:41.786000+00:00,204,Beyond 90 Days
6a65d17eb65e7b032dc74501,Albutamol Syrup,Centaur Pharmaceuticals Pvt Ltd,131,2027-02-16 10:47:18.211000+00:00,205,Beyond 90 Days
6a65d17eb65e7b032dc7458a,Alsartan 50 Tablet,Aristo Pharmaceuticals Pvt Ltd,132,2027-02-16 11:29:01.487000+00:00,205,Beyond 90 Days
6a65d17fb65e7b032dc74870,Galvus 50mg Tablet,Novartis India Ltd,83,2027-02-16 16:48:24.738000+00:00,205,Beyond 90 Days
6a65d17eb65e7b032dc744b4,Aztogold 20 Capsule,Sun Pharmaceutical Industries Ltd,90,2027-02-17 06:26:10.411000+00:00,205,Beyond 90 Days
6a65d17eb65e7b032dc74594,Arorab 40mg Tablet,Aareen Healthcare Pvt Ltd,76,2027-02-16 17:45:25.713000+00:00,205,Beyond 90 Days
6a65d17eb65e7b032dc74465,Asthalin AX Syrup,Cipla Ltd,124,2027-02-19 02:23:31.024000+00:00,207,Beyond 90 Days
6a65d17eb65e7b032dc747fc,Bioclop 75mg Tablet,Caddes Life Sciences,148,2027-02-20 09:17:05.971000+00:00,208,Beyond 90 Days
6a65d17eb65e7b032dc74637,Apidox 100mg Capsule,Alicon Pharmaceutical Pvt Ltd,104,2027-02-20 05:25:37.114000+00:00,208,Beyond 90 Days
6a65d17eb65e7b032dc744f7,Arachitol 3L Injection,Abbott,4,2027-02-19 14:25:18.329000+00:00,208,Beyond 90 Days
6a65d17eb65e7b032dc745b8,Actiglipt M 500mg/20mg Tablet,Akesiss Pharma Pvt Ltd,80,2027-02-19 13:38:21.630000+00:00,208,Beyond 90 Days
6a65d17eb65e7b032dc7447d,Atorlip 10 Tablet,Cipla Ltd,45,2027-02-20 12:53:59.622000+00:00,209,Beyond 90 Days
6a65d17fb65e7b032dc7487f,Medbic Injection,Medease Healthcare Pvt Ltd,60,2027-02-20 17:51:36.035000+00:00,209,Beyond 90 Days
6a65d17eb65e7b032dc74759,Avomits 4mg Tablet,Mits Healthcare Pvt Ltd,2,2027-02-21 11:37:30.911000+00:00,210,Beyond 90 Days
6a65d17eb65e7b032dc74582,Allerde 5mg Tablet,East West Pharma,78,2027-02-21 12:40:06.777000+00:00,210,Beyond 90 Days
6a65d17fb65e7b032dc74808,Candid TV Suspension,Glenmark Pharmaceuticals Ltd,43,2027-02-22 02:53:54.120000+00:00,210,Beyond 90 Days
6a65d17eb65e7b032dc74763,Alset 2mg Syrup,Alpha Lab,147,2027-02-21 12:04:35.510000+00:00,210,Beyond 90 Days
6a65d17eb65e7b032dc747c2,Boncare Tablet,Lifecare Innovations Pvt Ltd,26,2027-02-22 06:51:51.143000+00:00,210,Beyond 90 Days
6a65d17eb65e7b032dc74681,Anziolet 75mg Tablet,Ergos Life Sciences,42,2027-02-23 02:31:15.735000+00:00,211,Beyond 90 Days
6a65d17fb65e7b032dc7480a,Clop-GM Neo Cream,Zydus Cadila,135,2027-02-24 01:39:46.551000+00:00,212,Beyond 90 Days
6a65d17eb65e7b032dc7443b,Azax 500 Tablet,Sun Pharmaceutical Industries Ltd,47,2027-02-23 18:10:00.880000+00:00,212,Beyond 90 Days
6a65d17eb65e7b032dc7457a,A Doxid 100mg Capsule,Eskon Pharma,146,2027-02-24 03:17:37.404000+00:00,212,Beyond 90 Days
6a65d17eb65e7b032dc74487,Amoxyclav 375 Tablet,Abbott,94,2027-02-24 14:40:39.038000+00:00,213,Beyond 90 Days
6a65d17eb65e7b032dc74439,Aztor 10 Tablet,Sun Pharmaceutical Industries Ltd,110,2027-02-24 15:00:16.313000+00:00,213,Beyond 90 Days
6a65d17eb65e7b032dc74623,AB-Rozu 20 Tablet,Abbott,28,2027-02-25 07:25:43.540000+00:00,213,Beyond 90 Days
6a65d17eb65e7b032dc744d7,Amrox Junior Syrup,Leeford Healthcare Ltd,145,2027-02-24 17:59:41.503000+00:00,213,Beyond 90 Days
6a65d17eb65e7b032dc747cb,Burnfree Cream,Prevego Healthcare & Research Private Limited,57,2027-02-26 08:10:04.614000+00:00,214,Beyond 90 Days
6a65d17eb65e7b032dc74692,Azol 20 Capsule,Dr. Johns Laboratories Pvt Ltd,140,2027-02-25 16:32:27.435000+00:00,214,Beyond 90 Days
6a65d17eb65e7b032dc746a8,Asthabon 2mg Syrup,Ikon Remedies Pvt Ltd,26,2027-02-25 17:32:17.095000+00:00,214,Beyond 90 Days
6a65d17eb65e7b032dc74570,Anaflam 400mg/325mg Tablet,Albert David Ltd,62,2027-02-26 09:51:34.284000+00:00,215,Beyond 90 Days
6a65d17eb65e7b032dc74673,Allocid 20 Tablet,Allegiant Biotech,51,2027-02-26 18:17:43.283000+00:00,215,Beyond 90 Days
6a65d17eb65e7b032dc746f5,Aerozest 100mcg Rotacap,Macleods Pharmaceuticals Pvt Ltd,3,2027-02-28 06:53:27.830000+00:00,216,Beyond 90 Days
6a65d17eb65e7b032dc7466f,Azupan 40mg Tablet,Azurite Bio Science Pvt Ltd,82,2027-02-27 16:02:18.279000+00:00,216,Beyond 90 Days
6a65d17eb65e7b032dc74745,Alcibard Forte Tablet,B M Medico Pvt Ltd,59,2027-02-27 15:21:48.586000+00:00,216,Beyond 90 Days
6a65d17eb65e7b032dc746f2,Areflux-IT 20mg/150mg Capsule,Aegis Prescriptions Pvt Ltd,3,2027-02-28 10:12:02.543000+00:00,217,Beyond 90 Days
6a65d17eb65e7b032dc745e1,Aspirose 10mg/75mg Capsule,Alde Medi Impex Ltd,30,2027-02-28 15:18:02.830000+00:00,217,Beyond 90 Days
6a65d17eb65e7b032dc74458,Asthalin 4 Tablet,Cipla Ltd,34,2027-02-28 09:32:21.908000+00:00,217,Beyond 90 Days
6a65d17fb65e7b032dc74882,Oxistox 12 Injection,Zeelab Pharmacy Pvt Ltd,15,2027-03-02 04:29:58.098000+00:00,218,Beyond 90 Days
6a65d17eb65e7b032dc74721,Amotic Tablet,Signature Phytochemical Industries,48,2027-03-01 09:55:57.976000+00:00,218,Beyond 90 Days
6a65d17eb65e7b032dc744b0,Allercet-M Syrup,Micro Labs Ltd,52,2027-03-03 03:25:39.341000+00:00,219,Beyond 90 Days
6a65d17eb65e7b032dc744b3,Amtas-AT Tablet,Intas Pharmaceuticals Ltd,103,2027-03-02 21:55:20.585000+00:00,219,Beyond 90 Days
6a65d17fb65e7b032dc74864,Folicel Tablet,Aishwarya Healthcare,133,2027-03-03 16:48:16.847000+00:00,220,Beyond 90 Days
6a65d17eb65e7b032dc745fc,Akroz Tablet,Akesiss Pharma Pvt Ltd,47,2027-03-03 23:15:46.168000+00:00,220,Beyond 90 Days
6a65d17eb65e7b032dc745a5,Allerde M Tablet,East West Pharma,64,2027-03-03 22:50:51.503000+00:00,220,Beyond 90 Days
6a65d17eb65e7b032dc74649,Avd3 Softgel Capsule,H2H India Biotech Private Limited,63,2027-03-06 10:31:27.971000+00:00,223,Beyond 90 Days
6a65d17eb65e7b032dc74560,Arostat 10mg Tablet,Aareen Healthcare Pvt Ltd,38,2027-03-06 15:52:07.900000+00:00,223,Beyond 90 Days
6a65d17eb65e7b032dc74466,Amlovas-AT Tablet,Macleods Pharmaceuticals Pvt Ltd,87,2027-03-07 06:54:44.274000+00:00,223,Beyond 90 Days
6a65d17eb65e7b032dc7456f,Arorab-DSR Capsule,Aareen Healthcare Pvt Ltd,37,2027-03-06 14:09:41.504000+00:00,223,Beyond 90 Days
6a65d17eb65e7b032dc74757,Ameebee 200mg/250mg Tablet,TOSC International Pvt Ltd,76,2027-03-08 05:44:26.922000+00:00,224,Beyond 90 Days
6a65d17eb65e7b032dc745b0,Alviroz 10 Tablet,Salud Care India Pvt Ltd,77,2027-03-07 14:43:02.124000+00:00,224,Beyond 90 Days
6a65d17eb65e7b032dc74490,Amaryl M Forte 2mg Tablet PR,Sanofi India  Ltd,125,2027-03-08 05:50:35.488000+00:00,224,Beyond 90 Days
6a65d17eb65e7b032dc7454e,Aspisol 150 Tablet,Shreya Life Sciences Pvt Ltd,132,2027-03-10 01:11:40.805000+00:00,226,Beyond 90 Days
6a65d17eb65e7b032dc74684,Apra 40mg Tablet,Kritikos Care,27,2027-03-10 08:41:03.853000+00:00,226,Beyond 90 Days
6a65d17eb65e7b032dc744f2,Arvast-A 75 Capsule,Intas Pharmaceuticals Ltd,29,2027-03-10 00:18:54.165000+00:00,226,Beyond 90 Days
6a65d17eb65e7b032dc747bd,Biodox LB Capsule,Bioderma Solutions,140,2027-03-09 15:28:26.869000+00:00,226,Beyond 90 Days
6a65d17eb65e7b032dc74708,Amzen LP 50mg/5mg Tablet,Welbe Life Sciences,96,2027-03-10 23:26:09.006000+00:00,227,Beyond 90 Days
6a65d17eb65e7b032dc744be,Amaryl 3mg Tablet,Sanofi India  Ltd,43,2027-03-10 16:35:03.362000+00:00,227,Beyond 90 Days
6a65d17eb65e7b032dc74712,Akcip TZ 500 mg/600 mg Tablet,Scott Edil Pharmacia Ltd,32,2027-03-10 17:55:13.628000+00:00,227,Beyond 90 Days
6a65d17eb65e7b032dc7465e,Acipro 500mg Tablet,Anoco Pharmaceuticals India Pvt Ltd,49,2027-03-10 16:44:15.617000+00:00,227,Beyond 90 Days
6a65d17eb65e7b032dc74751,Anflox M Suspension,Angel Laboratories Pvt Ltd,82,2027-03-11 09:10:41.448000+00:00,227,Beyond 90 Days
6a65d17eb65e7b032dc746b0,Anifer Syrup,Smilax Pharmaceuticals,62,2027-03-12 08:19:37.241000+00:00,228,Beyond 90 Days
6a65d17eb65e7b032dc7467d,Axinac Nano Gel,Axenic Healthcare,29,2027-03-12 12:49:45.875000+00:00,229,Beyond 90 Days
6a65d17eb65e7b032dc74591,Altram Tablet,Axon Drugs Pvt Ltd,69,2027-03-13 08:48:45.492000+00:00,229,Beyond 90 Days
6a65d17eb65e7b032dc74617,Artigesic 100 mg/162.5 mg Suspension,Glenmark Pharmaceuticals Ltd,53,2027-03-13 01:41:20.928000+00:00,229,Beyond 90 Days
6a65d17eb65e7b032dc746bb,Acutus-LS Syrup,Cascade India Pharmaceuticals,0,2027-03-14 00:55:07.388000+00:00,230,Beyond 90 Days
6a65d17eb65e7b032dc74516,Alides 5mg Tablet,Leeford Healthcare Ltd,13,2027-03-14 04:28:48.348000+00:00,230,Beyond 90 Days
6a65d17eb65e7b032dc746a3,Acipause 20mg Tablet,Medisun Pharma,107,2027-03-14 15:03:33.171000+00:00,231,Beyond 90 Days
6a65d17eb65e7b032dc745eb,Almocef 200mg Tablet,Gujarat Terce Laboratories Ltd,123,2027-03-14 09:33:14.382000+00:00,231,Beyond 90 Days
6a65d17eb65e7b032dc745be,Alenix-M Tablet,Canixa Life Sciences Pvt,94,2027-03-15 12:35:16.011000+00:00,232,Beyond 90 Days
6a65d17eb65e7b032dc747ec,Bactifree Lotion,Lupin Ltd,127,2027-03-17 07:11:44.115000+00:00,233,Beyond 90 Days
6a65d17eb65e7b032dc747cc,Bonenice Plus Softgel Capsule,Aexiom Pharmaceuticals,20,2027-03-17 12:47:25.153000+00:00,234,Beyond 90 Days
6a65d17eb65e7b032dc74464,Actrapid HM 100IU/ml Penfill,Novo Nordisk India Pvt Ltd,123,2027-03-18 02:26:48.831000+00:00,234,Beyond 90 Days
6a65d17eb65e7b032dc7468b,Argical HD Tablet,Torway Pharmacia Pvt Ltd,101,2027-03-18 08:47:27.267000+00:00,234,Beyond 90 Days
6a65d17eb65e7b032dc7472b,Axacip 2mg Infusion,AXA Parenterals Ltd,28,2027-03-19 20:44:37.942000+00:00,236,Beyond 90 Days
6a65d17eb65e7b032dc74746,A Tron 4mg Tablet MD,American Biocare,67,2027-03-20 15:53:21.651000+00:00,237,Beyond 90 Days
6a65d17eb65e7b032dc74666,Adox Tablet,Thrift Pharmaceuticals,149,2027-03-23 03:13:56.111000+00:00,239,Beyond 90 Days
6a65d17eb65e7b032dc7460c,Amalzol-DSR Capsule,Superlative Healthcare,51,2027-03-23 05:28:41.371000+00:00,239,Beyond 90 Days
6a65d17eb65e7b032dc74648,Algo 10mg Tablet,Rapross Pharmaceuticals Pvt Ltd,140,2027-03-22 20:48:53.767000+00:00,239,Beyond 90 Days
6a65d17eb65e7b032dc74445,Aciloc 300 Tablet,Cadila Pharmaceuticals Ltd,44,2027-03-22 12:40:07.135000+00:00,239,Beyond 90 Days
6a65d17fb65e7b032dc74861,Ezithyx 50mcg Tablet,DR Best pharmaceuticals Pvt Ltd,61,2027-03-24 06:53:20.396000+00:00,240,Beyond 90 Days
6a65d17eb65e7b032dc746af,Acrolax-LS Syrup,Medikem Pharmaceuticals,104,2027-03-23 11:32:17.593000+00:00,240,Beyond 90 Days
6a65d17fb65e7b032dc74843,Eglucent Mix 25 100IU/ml Suspension for Injection,Lupin Ltd,56,2027-03-24 05:19:34.193000+00:00,240,Beyond 90 Days
6a65d17fb65e7b032dc7480b,Clopivas 75 Tablet,Cipla Ltd,91,2027-03-23 14:48:36.792000+00:00,240,Beyond 90 Days
6a65d17eb65e7b032dc747aa,Basalog 100IU/ml Refill Cartridge,Biocon,127,2027-03-23 20:35:24.379000+00:00,240,Beyond 90 Days
6a65d17eb65e7b032dc74784,Afdiloc Injection,Anglo-French Drugs & Industries Ltd,70,2027-03-23 12:45:46.121000+00:00,240,Beyond 90 Days
6a65d17eb65e7b032dc7456d,ASA 50mg Tablet,Zydus Cadila,137,2027-03-25 05:52:41.676000+00:00,241,Beyond 90 Days
6a65d17eb65e7b032dc74564,Alerab-DSR Capsule,Alester Pharma Pvt Ltd,45,2027-03-25 04:25:00.641000+00:00,241,Beyond 90 Days
6a65d17eb65e7b032dc7445d,Advent Forte 457mg Syrup Tangy Orange,Cipla Ltd,29,2027-03-25 17:58:40.099000+00:00,242,Beyond 90 Days
6a65d17fb65e7b032dc7485d,Euvilda 50mg Tablet,Europa Healthcare Pvt Ltd,104,2027-03-28 00:56:04.110000+00:00,244,Beyond 90 Days
6a65d17eb65e7b032dc74518,Arophyll HD 10mg/120mg/200mg Tablet,Aareen Healthcare Pvt Ltd,137,2027-03-29 04:35:03.142000+00:00,245,Beyond 90 Days
6a65d17eb65e7b032dc74699,Arorab IT 20mg/150mg Capsule SR,Aareen Healthcare Pvt Ltd,46,2027-03-28 21:02:35.311000+00:00,245,Beyond 90 Days
6a65d17eb65e7b032dc7449b,Acera-D Capsule SR,Ipca Laboratories Ltd,82,2027-03-29 02:50:17.973000+00:00,245,Beyond 90 Days
6a65d17eb65e7b032dc7457f,Advastat Gold 75mg/10mg/75mg Capsule,Fusion Healthcare Pvt Ltd,108,2027-03-30 07:49:07.522000+00:00,246,Beyond 90 Days
6a65d17eb65e7b032dc7445b,Air-M Tablet,Systopic Laboratories Pvt Ltd,51,2027-03-29 14:51:12.389000+00:00,246,Beyond 90 Days
6a65d17eb65e7b032dc74689,Angilo 50 Tablet,Nitro Organics,101,2027-03-30 14:07:21.587000+00:00,247,Beyond 90 Days
6a65d17fb65e7b032dc74835,Debiglip 100 SR Tablet,Leeford Healthcare Ltd,10,2027-03-30 11:53:50.111000+00:00,247,Beyond 90 Days
6a65d17fb65e7b032dc74863,Foly 5mg Tablet,Kaizen Pharmaceuticals Pvt Ltd,74,2027-03-30 17:39:29.441000+00:00,247,Beyond 90 Days
6a65d17fb65e7b032dc7488c,Scornix Injection,Nixi Laboratories Private Limited,1,2027-04-01 08:53:01.871000+00:00,248,Beyond 90 Days
6a65d17eb65e7b032dc74644,Aripant 40mg Tablet,Arion Healthcare,94,2027-03-31 23:27:55.931000+00:00,248,Beyond 90 Days
6a65d17eb65e7b032dc746ad,Ascodil LS Syrup,M.M.A.F Pharma Private Limited,26,2027-04-01 23:42:54.465000+00:00,249,Beyond 90 Days
6a65d17eb65e7b032dc744e2,Avas 20 Tablet,Micro Labs Ltd,63,2027-04-01 10:14:52.220000+00:00,249,Beyond 90 Days
6a65d17eb65e7b032dc747d6,Beclo Cream,Welltrack Pharma,39,2027-04-01 18:45:21.335000+00:00,249,Beyond 90 Days
6a65d17eb65e7b032dc746ce,Arorab 20 Tablet,Aareen Healthcare Pvt Ltd,108,2027-04-02 15:22:51.914000+00:00,250,Beyond 90 Days
6a65d17eb65e7b032dc7456e,Arden 500mg Tablet,Adonis Laboratories Pvt Ltd,98,2027-04-02 12:33:20.049000+00:00,250,Beyond 90 Days
6a65d17eb65e7b032dc746d3,Aerotide Forte 400mcg/200mcg Diskette,Sun Pharmaceutical Industries Ltd,136,2027-04-04 09:01:34.592000+00:00,251,Beyond 90 Days
6a65d17eb65e7b032dc7460d,Alastin AG Syrup,Leeford Healthcare Ltd,87,2027-04-03 14:30:37.680000+00:00,251,Beyond 90 Days
6a65d17fb65e7b032dc74856,Euthyroid 50 Tablet,Akumentis Healthcare Ltd,10,2027-04-03 13:41:30.878000+00:00,251,Beyond 90 Days
6a65d17eb65e7b032dc74475,Azibact 500 Tablet,Ipca Laboratories Ltd,148,2027-04-03 16:15:55.871000+00:00,251,Beyond 90 Days
6a65d17eb65e7b032dc747fb,Buglac Mouth Wash,Urvija Pharmaceuticals,31,2027-04-04 22:50:37.311000+00:00,252,Beyond 90 Days
6a65d17eb65e7b032dc746d2,Adblock LH 50mg/5mg/12.5mg Tablet,Olcare Laboratories,15,2027-04-05 07:01:39.054000+00:00,252,Beyond 90 Days
6a65d17eb65e7b032dc74438,Amaryl 1mg Tablet,Sanofi India  Ltd,53,2027-04-04 17:19:32.529000+00:00,252,Beyond 90 Days
6a65d17eb65e7b032dc74599,Act Syrup,Caplet India Pvt Ltd,133,2027-04-05 21:32:40.368000+00:00,253,Beyond 90 Days
6a65d17eb65e7b032dc746d5,Ashmet 500mg Infusion,Aishwarya Healthcare,50,2027-04-06 19:25:23.496000+00:00,254,Beyond 90 Days
6a65d17eb65e7b032dc74608,Aspa 500mg/250mg Tablet,Chemech Laboratories Ltd,97,2027-04-08 03:33:44.282000+00:00,255,Beyond 90 Days
6a65d17fb65e7b032dc74883,Rashcare Cream,Leeford Healthcare Ltd,80,2027-04-07 15:13:34.517000+00:00,255,Beyond 90 Days
6a65d17eb65e7b032dc745f5,Asarab-DSR Capsule,Plena Remedies,135,2027-04-07 22:47:04.696000+00:00,255,Beyond 90 Days
6a65d17eb65e7b032dc74703,Azmino Plus Tablet,Medoz Pharmaceutical Pvt. Ltd,48,2027-04-08 13:22:25.551000+00:00,256,Beyond 90 Days
6a65d17eb65e7b032dc747f3,Bonterol D3 60K Softgel Capsule,Medflux Pharmaceuticals Pvt Ltd,141,2027-04-09 19:34:28.152000+00:00,257,Beyond 90 Days
6a65d17fb65e7b032dc74829,Corest-BR Syrup,Ikon Remedies Pvt Ltd,141,2027-04-12 04:37:51.527000+00:00,259,Beyond 90 Days
6a65d17eb65e7b032dc7461b,Alcipro 2mg Infusion,Alkem Laboratories Ltd,99,2027-04-11 12:43:07.561000+00:00,259,Beyond 90 Days
6a65d17eb65e7b032dc744c2,Amoxycillin  250mg Capsule,Torque Pharmaceuticals Pvt Ltd,73,2027-04-12 21:28:30.670000+00:00,260,Beyond 90 Days
6a65d17eb65e7b032dc74477,Ambrolite Syrup,Tablets India Limited,92,2027-04-14 08:52:53.565000+00:00,261,Beyond 90 Days
6a65d17eb65e7b032dc744ad,Azivent 500 Tablet,Aristo Pharmaceuticals Pvt Ltd,122,2027-04-14 14:47:48.904000+00:00,262,Beyond 90 Days
6a65d17eb65e7b032dc747f1,B Sim 2% Ointment,Starzol Pharma,122,2027-04-14 11:52:59.893000+00:00,262,Beyond 90 Days
6a65d17eb65e7b032dc74565,Algina 650 Tablet,Geno Pharmaceuticals Ltd,98,2027-04-16 07:30:15.932000+00:00,263,Beyond 90 Days
6a65d17eb65e7b032dc74514,Aricef O 50mg/5ml Dry Syrup,Micro Labs Ltd,67,2027-04-15 12:00:20.587000+00:00,263,Beyond 90 Days
6a65d17eb65e7b032dc74462,Alerfix Total Tablet SR,Eris Lifesciences Ltd,118,2027-04-15 20:40:26.644000+00:00,263,Beyond 90 Days
6a65d17eb65e7b032dc74581,Alsar D 10mg/20mg Tablet,Candrin Pharma Pvt Ltd,88,2027-04-17 03:48:54.903000+00:00,264,Beyond 90 Days
6a65d17eb65e7b032dc746bd,Ascovar Injection,Varenyam Healthcare Pvt Ltd,21,2027-04-17 07:43:14.111000+00:00,264,Beyond 90 Days
6a65d17eb65e7b032dc74795,Apfresh Mouth Wash,Apkavit Lifesciences,63,2027-04-16 16:32:18.417000+00:00,264,Beyond 90 Days
6a65d17fb65e7b032dc7485a,Enerject 12 Injection,Anglo-French Drugs & Industries Ltd,143,2027-04-18 06:28:23.294000+00:00,265,Beyond 90 Days
6a65d17eb65e7b032dc74609,Ann 40mg Tablet,Accurate Pharmaceuticals,50,2027-04-17 11:30:42.074000+00:00,265,Beyond 90 Days
6a65d17eb65e7b032dc745bb,Admol Drop,Kepler Health Care,24,2027-04-18 10:54:50.892000+00:00,266,Beyond 90 Days
6a65d17fb65e7b032dc7486e,Folcin 1 Injection,Unimarck Pharma India Ltd,99,2027-04-18 22:59:23.269000+00:00,266,Beyond 90 Days
6a65d17eb65e7b032dc747a9,B Bact Ointment,Wallace Pharmaceuticals Pvt Ltd,24,2027-04-19 06:27:48.551000+00:00,266,Beyond 90 Days
6a65d17fb65e7b032dc74807,Candid-V 6 Tablet ER,Glenmark Pharmaceuticals Ltd,63,2027-04-19 15:20:37.212000+00:00,267,Beyond 90 Days
6a65d17eb65e7b032dc74627,Actopan 40mg Tablet,In Med Therapeutics,47,2027-04-22 00:47:27.409000+00:00,269,Beyond 90 Days
6a65d17eb65e7b032dc74782,Ancid 150mg Syrup,Angeas Healthcare Ltd,61,2027-04-23 20:44:59.932000+00:00,271,Beyond 90 Days
6a65d17eb65e7b032dc74495,Allercet-M Tablet,Micro Labs Ltd,148,2027-04-25 00:47:19.747000+00:00,272,Beyond 90 Days
6a65d17eb65e7b032dc74592,Alorti-M Tablet,Mohrish Pharmaceuticals,16,2027-04-24 16:46:34.561000+00:00,272,Beyond 90 Days
6a65d17eb65e7b032dc7467f,Antiflam 400 mg/650 mg Tablet,Klar Sehen Pvt Ltd,100,2027-04-25 23:11:52.934000+00:00,273,Beyond 90 Days
6a65d17eb65e7b032dc7471f,Adplatt 75mg Tablet,Strides shasun Ltd,69,2027-04-25 14:34:01.787000+00:00,273,Beyond 90 Days
6a65d17eb65e7b032dc745b3,A Mol 650mg Tablet,Aan Pharma Pvt Ltd,96,2027-04-25 11:51:03.787000+00:00,273,Beyond 90 Days
6a65d17eb65e7b032dc744ce,Atorlip 20 Tablet,Cipla Ltd,29,2027-04-26 14:10:06.705000+00:00,274,Beyond 90 Days
6a65d17eb65e7b032dc7458b,Alrgee M 10mg/120mg Tablet,Morepen Laboratories Ltd,49,2027-04-26 23:54:13.122000+00:00,274,Beyond 90 Days
6a65d17fb65e7b032dc74833,DMR 10mg Tablet,West-Coast Pharmaceutical Works Ltd,56,2027-04-26 17:18:42.803000+00:00,274,Beyond 90 Days
6a65d17eb65e7b032dc747c8,Bone-C Plus Capsule,Wiscon Pharmaceuticals Pvt Ltd,59,2027-04-26 12:23:53.612000+00:00,274,Beyond 90 Days
6a65d17eb65e7b032dc745e2,Airflow HD Tablet,Diicor Healthcare,63,2027-04-28 22:59:59.073000+00:00,276,Beyond 90 Days
6a65d17eb65e7b032dc74769,Argedin-P Cream,Dales Pharmaceuticals Ltd,76,2027-04-29 00:13:38.021000+00:00,276,Beyond 90 Days
6a65d17fb65e7b032dc7483e,Eltroxin 100mcg Tablet,Glaxo SmithKline Pharmaceuticals Ltd,1,2027-04-28 17:45:06.926000+00:00,276,Beyond 90 Days
6a65d17eb65e7b032dc74614,AB-Rozu 10 Tablet,Abbott,87,2027-04-28 10:23:50.710000+00:00,276,Beyond 90 Days
6a65d17eb65e7b032dc747cf,Burnheal Dusting Powder,Cipla Ltd,131,2027-04-30 05:21:20.026000+00:00,277,Beyond 90 Days
6a65d17fb65e7b032dc7480e,Clocip Cream,Cipla Ltd,137,2027-04-30 04:10:12.422000+00:00,277,Beyond 90 Days
6a65d17eb65e7b032dc74484,Amlopres 5 Tablet,Cipla Ltd,3,2027-04-30 00:06:32.792000+00:00,277,Beyond 90 Days
6a65d17fb65e7b032dc7486b,Folera Tablet,Maneesh Pharmaceuticals Ltd,113,2027-04-30 12:22:04.214000+00:00,278,Beyond 90 Days
6a65d17eb65e7b032dc74498,Atchol-F Tablet,Aristo Pharmaceuticals Pvt Ltd,116,2027-05-01 09:51:54.510000+00:00,279,Beyond 90 Days
6a65d17eb65e7b032dc745a9,Amol 500mg Tablet,Torrent Pharmaceuticals Ltd,83,2027-05-01 19:19:12.733000+00:00,279,Beyond 90 Days
6a65d17eb65e7b032dc74734,Arcip 500mg Tablet,Raphael Pharmaceuticals Pvt Ltd,40,2027-05-03 00:16:43.594000+00:00,280,Beyond 90 Days
6a65d17eb65e7b032dc74773,Accurate 25mg Injection,Dew Drops Lab,122,2027-05-02 21:50:42.645000+00:00,280,Beyond 90 Days
6a65d17eb65e7b032dc746e1,Adcov 50mg Injection,Adley Formulations,113,2027-05-02 11:24:21.730000+00:00,280,Beyond 90 Days
6a65d17eb65e7b032dc74639,Alentra 40mg Tablet,Aurum Life Science Pvt Ltd,142,2027-05-02 22:09:29.770000+00:00,280,Beyond 90 Days
6a65d17eb65e7b032dc746e7,Achol-D3 Softgel Capsule,Agn Healthcare,145,2027-05-03 14:16:48.436000+00:00,281,Beyond 90 Days
6a65d17eb65e7b032dc74700,Actiglipt M 1000mg/20mg Tablet,Akesiss Pharma Pvt Ltd,78,2027-05-05 06:06:06.823000+00:00,282,Beyond 90 Days
6a65d17eb65e7b032dc745a4,Azole 20mg Capsule,Dr. Johns Laboratories Pvt Ltd,14,2027-05-04 12:04:53.885000+00:00,282,Beyond 90 Days
6a65d17fb65e7b032dc7486d,Foliage Tablet,Magbro Healthcare Pvt Ltd,79,2027-05-04 16:10:24.965000+00:00,282,Beyond 90 Days
6a65d17eb65e7b032dc745d8,Atoxim 200mg Tablet,Sois Formulations Pvt Ltd,53,2027-05-04 16:55:28.516000+00:00,282,Beyond 90 Days
6a65d17eb65e7b032dc74651,Ambroxen-LS Syrup,Raxon Lifesciences Pvt Ltd,126,2027-05-04 23:04:11.899000+00:00,282,Beyond 90 Days
6a65d17eb65e7b032dc74478,Aztor 20 Tablet,Sun Pharmaceutical Industries Ltd,75,2027-05-05 15:31:48.243000+00:00,283,Beyond 90 Days
6a65d17fb65e7b032dc74828,Cobaver Forte Injection,Evershine Lifesciences Pvt Ltd,110,2027-05-05 21:30:04.396000+00:00,283,Beyond 90 Days
6a65d17eb65e7b032dc747d0,Burnhit Cream,Care Formulation Labs Pvt Ltd,148,2027-05-06 18:29:15.173000+00:00,284,Beyond 90 Days
6a65d17eb65e7b032dc747b6,Bionect Ointment,Macleods Pharmaceuticals Pvt Ltd,32,2027-05-06 14:15:16.848000+00:00,284,Beyond 90 Days
6a65d17eb65e7b032dc744d6,Amicet 5 mg/60 mg Tablet,Leeford Healthcare Ltd,135,2027-05-06 20:47:04.393000+00:00,284,Beyond 90 Days
6a65d17fb65e7b032dc74871,Gliptagreat 50 Tablet,Mankind Pharma Ltd,74,2027-05-08 05:39:29.648000+00:00,285,Beyond 90 Days
6a65d17eb65e7b032dc744e7,Arbitel-H Tablet,Micro Labs Ltd,77,2027-05-09 04:04:53.049000+00:00,286,Beyond 90 Days
6a65d17eb65e7b032dc744aa,Arflur 3D Tablet,FDC Ltd,53,2027-05-10 21:34:39.300000+00:00,288,Beyond 90 Days
6a65d17eb65e7b032dc7464b,Aedit EP Soap,Remember India Medicos,9,2027-05-10 13:41:18.863000+00:00,288,Beyond 90 Days
6a65d17eb65e7b032dc747e6,Burn-Om Cream,Om Biotec,86,2027-05-12 16:59:39.228000+00:00,290,Beyond 90 Days
6a65d17eb65e7b032dc745f7,Alt-FM Tablet,Indoco Remedies Ltd,106,2027-05-13 16:31:52.234000+00:00,291,Beyond 90 Days
6a65d17eb65e7b032dc747a2,Betadine 10% Ointment,Win-Medicare Pvt Ltd,37,2027-05-14 00:48:10.185000+00:00,291,Beyond 90 Days
6a65d17eb65e7b032dc745d5,Alde 5mg Tablet,Cubit Healthcare,133,2027-05-13 23:39:08.063000+00:00,291,Beyond 90 Days
6a65d17eb65e7b032dc744b7,Avas CV 10 Capsule,Micro Labs Ltd,15,2027-05-14 12:38:16.302000+00:00,292,Beyond 90 Days
6a65d17eb65e7b032dc744db,Amoxclav 500 mg/125 mg Tablet,Parasol Laboratories,13,2027-05-15 09:14:09.600000+00:00,292,Beyond 90 Days
6a65d17fb65e7b032dc74888,Scorbix 1.5gm Injection,Fusion Healthcare Pvt Ltd,135,2027-05-16 04:38:15.294000+00:00,293,Beyond 90 Days
6a65d17eb65e7b032dc74430,Azee 200mg Dry Syrup,Cipla Ltd,5,2027-05-15 21:23:59.318000+00:00,293,Beyond 90 Days
6a65d17fb65e7b032dc7488b,Scorbia-XT Injection,Pollen Healthcure Pvt. Ltd.,132,2027-05-15 11:15:58.117000+00:00,293,Beyond 90 Days
6a65d17eb65e7b032dc7478f,Axoderm 1% Dusting Powder,Aronex Life Sciences Pvt Ltd,94,2027-05-15 20:20:51.095000+00:00,293,Beyond 90 Days
6a65d17eb65e7b032dc746b8,Actozinc Syrup,Spc Healthcare Private Limited,147,2027-05-16 00:30:16.174000+00:00,293,Beyond 90 Days
6a65d17eb65e7b032dc74624,Allerfast M Tablet,Nri Vision Care India Limited,141,2027-05-15 11:37:53.707000+00:00,293,Beyond 90 Days
6a65d17eb65e7b032dc7462f,Alencef 200mg Tablet DT,Alencure Biotech Pvt Ltd,25,2027-05-17 09:04:18.617000+00:00,294,Beyond 90 Days
6a65d17eb65e7b032dc74596,Aquadol 75mg Injection,Themis Medicare Ltd,80,2027-05-16 13:52:57.310000+00:00,294,Beyond 90 Days
6a65d17eb65e7b032dc74719,Arfen 100mg Oral Suspension,Centaur Pharmaceuticals Pvt Ltd,114,2027-05-16 12:08:11.558000+00:00,294,Beyond 90 Days
6a65d17eb65e7b032dc74674,Avcal D3 Injection,Arvincare Pharma,45,2027-05-16 11:47:49.180000+00:00,294,Beyond 90 Days
6a65d17fb65e7b032dc74847,Eglucent Mix 50 100IU/ml Suspension for Injection,Lupin Ltd,17,2027-05-18 07:18:51.368000+00:00,295,Beyond 90 Days
6a65d17eb65e7b032dc744f8,Atorva Gold 10 Capsule,Zydus Cadila,109,2027-05-18 01:02:03.872000+00:00,295,Beyond 90 Days
6a65d17eb65e7b032dc74493,Asomex 5 Tablet,Emcure Pharmaceuticals Ltd,106,2027-05-17 10:41:18.851000+00:00,295,Beyond 90 Days
6a65d17eb65e7b032dc74693,Allercalcin Tablet,Retort  Pharma Pvt Ltd,108,2027-05-18 16:26:35.239000+00:00,296,Beyond 90 Days
6a65d17eb65e7b032dc746c5,Amefur 100 mg/100 mg Syrup,Numed,121,2027-05-19 01:50:58.259000+00:00,296,Beyond 90 Days
6a65d17eb65e7b032dc74500,Atormac Gold 20 Capsule,Macleods Pharmaceuticals Pvt Ltd,129,2027-05-20 14:58:58.552000+00:00,298,Beyond 90 Days
6a65d17eb65e7b032dc74566,Ace Tablet,Hallmark Chemicals,124,2027-05-20 19:17:29.502000+00:00,298,Beyond 90 Days
6a65d17eb65e7b032dc7463b,Allerwell FX 10mg/120mg Tablet,WellOK Pharma,147,2027-05-21 18:40:01.909000+00:00,299,Beyond 90 Days
6a65d17eb65e7b032dc7473c,Adzovit 12 Combipack Injection,ADZO Lifesciences Pvt Ltd,21,2027-05-22 03:25:34.353000+00:00,299,Beyond 90 Days
6a65d17eb65e7b032dc74796,Aprose 100mg Injection,Apkavit Lifesciences,41,2027-05-22 04:57:05.933000+00:00,299,Beyond 90 Days
6a65d17eb65e7b032dc7458f,Arvast Gold 75mg/20mg/75mg Capsule,Intas Pharmaceuticals Ltd,117,2027-05-21 20:25:49.187000+00:00,299,Beyond 90 Days
6a65d17eb65e7b032dc744b8,Acceclowoc-SP Tablet,Tridoss Laboratories Pvt Ltd,8,2027-05-22 23:51:46.073000+00:00,300,Beyond 90 Days
6a65d17fb65e7b032dc74816,Canesten V6 Tablet VT,Bayer Pharmaceuticals Pvt Ltd,146,2027-05-23 02:02:44.611000+00:00,300,Beyond 90 Days
6a65d17eb65e7b032dc7442d,Aceclo Plus Tablet,Aristo Pharmaceuticals Pvt Ltd,26,2027-05-22 22:44:46.240000+00:00,300,Beyond 90 Days
6a65d17eb65e7b032dc74659,Advog M 0.3 Tablet SR,Eris Lifesciences Ltd,104,2027-05-25 03:31:19.572000+00:00,302,Beyond 90 Days
6a65d17eb65e7b032dc746dc,Aerozest 0.31mg Respules (2.5 ml each),Macleods Pharmaceuticals Pvt Ltd,101,2027-05-24 10:37:22.424000+00:00,302,Beyond 90 Days
6a65d17eb65e7b032dc74715,Adflox OZ Tablet,Adonis Laboratories Pvt Ltd,22,2027-05-24 13:34:46.840000+00:00,302,Beyond 90 Days
6a65d17eb65e7b032dc74732,Amtron 4mg Tablet,Ambit Bio Medix,83,2027-05-24 19:33:00.662000+00:00,302,Beyond 90 Days
6a65d17eb65e7b032dc74620,Amcef 200mg Tablet,Amplec Healthcare Pvt. Ltd.,74,2027-05-25 23:12:30.596000+00:00,303,Beyond 90 Days
6a65d17eb65e7b032dc74765,Abufen-C Tablet,Shinto Organics (P) Limited,144,2027-05-25 14:46:11.858000+00:00,303,Beyond 90 Days
6a65d17eb65e7b032dc746ff,Amzole 20mg Capsule,Staneil Pharma,62,2027-05-25 20:42:00.880000+00:00,303,Beyond 90 Days
6a65d17fb65e7b032dc74803,Clopitab Tablet,Lupin Ltd,46,2027-05-26 20:05:46.950000+00:00,304,Beyond 90 Days
6a65d17fb65e7b032dc74874,Healtroxin 100 Tablet,Healing Pharma India Pvt Ltd,33,2027-05-26 22:06:03.080000+00:00,304,Beyond 90 Days
6a65d17eb65e7b032dc74736,Aerodol 4mg Injection,Aerochem Neutron,43,2027-05-27 08:50:01.907000+00:00,304,Beyond 90 Days
6a65d17fb65e7b032dc74840,Eltroxin 25mcg Tablet,Glaxo SmithKline Pharmaceuticals Ltd,121,2027-05-28 00:00:07.742000+00:00,305,Beyond 90 Days
6a65d17fb65e7b032dc7482e,DMR 30mg Tablet,West-Coast Pharmaceutical Works Ltd,3,2027-05-27 17:15:13.975000+00:00,305,Beyond 90 Days
6a65d17fb65e7b032dc74880,Ovit-Cee Injection,Oscar Remedies Pvt Ltd,16,2027-05-28 15:54:24.353000+00:00,306,Beyond 90 Days
6a65d17eb65e7b032dc744df,Aztor 80 Tablet,Sun Pharmaceutical Industries Ltd,120,2027-05-31 00:01:42.417000+00:00,308,Beyond 90 Days
6a65d17eb65e7b032dc74749,Aciflam Kid 100mg/125mg Tablet,Acichem Laboratories,89,2027-05-31 09:08:10.110000+00:00,308,Beyond 90 Days
6a65d17eb65e7b032dc74682,Asthacure Plus Syrup,Swiss Pharma Pvt Ltd,111,2027-06-01 04:07:57.498000+00:00,309,Beyond 90 Days
6a65d17eb65e7b032dc7451b,ACTION OR 1000mg Tablet,Apex Laboratories Pvt Ltd,137,2027-05-31 16:29:39.317000+00:00,309,Beyond 90 Days
6a65d17eb65e7b032dc74531,Asomex-LT Tablet,Emcure Pharmaceuticals Ltd,38,2027-06-02 08:57:24.861000+00:00,310,Beyond 90 Days
6a65d17eb65e7b032dc74485,Atormac CV10 Capsule,Macleods Pharmaceuticals Pvt Ltd,79,2027-06-04 05:26:16.593000+00:00,312,Beyond 90 Days
6a65d17eb65e7b032dc744a6,Amlo 5mg Tablet,Mano Pharma Pvt Ltd,48,2027-06-04 01:05:41.826000+00:00,312,Beyond 90 Days
6a65d17eb65e7b032dc745e9,Alcure FM 10mg/120mg Tablet,Wafture Healthcare Pvt Ltd,149,2027-06-04 09:21:44.446000+00:00,312,Beyond 90 Days
6a65d17eb65e7b032dc7476a,Adzobact 2% Ointment,ADZO Lifesciences Pvt Ltd,114,2027-06-03 10:47:03.104000+00:00,312,Beyond 90 Days
6a65d17eb65e7b032dc746f1,Acerab 10mg Tablet,Sienna Formulations Pvt Ltd,119,2027-06-03 22:09:54.649000+00:00,312,Beyond 90 Days
6a65d17eb65e7b032dc74675,Abvida-M 50/1000 Eazy Glide Tablet SR,Abbott,128,2027-06-03 21:23:18.834000+00:00,312,Beyond 90 Days
6a65d17eb65e7b032dc744d8,ATM 250 Tablet,Indoco Remedies Ltd,102,2027-06-04 02:14:36.761000+00:00,312,Beyond 90 Days
6a65d17eb65e7b032dc74758,Anstron 4mg Tablet MD,Ansel Healthcare,28,2027-06-05 07:34:30.804000+00:00,313,Beyond 90 Days
6a65d17eb65e7b032dc7475e,Amdoxy Capsule,Ampira Biotechnics Pvt Ltd,91,2027-06-05 19:59:59.064000+00:00,314,Beyond 90 Days
6a65d17eb65e7b032dc745fe,Admol 250 DT Tablet,Kepler Health Care,37,2027-06-07 05:14:25.596000+00:00,315,Beyond 90 Days
6a65d17eb65e7b032dc74727,Anzole 20 Capsule,Aingo Pharma Pvt Ltd,5,2027-06-08 22:25:55.227000+00:00,317,Beyond 90 Days
6a65d17eb65e7b032dc74526,Alerfix Tablet,Eris Lifesciences Ltd,64,2027-06-08 17:57:21.141000+00:00,317,Beyond 90 Days
6a65d17eb65e7b032dc744eb,Atocor 40 Tablet,Dr Reddy's Laboratories Ltd,140,2027-06-09 08:30:54.320000+00:00,317,Beyond 90 Days
6a65d17eb65e7b032dc7464c,Anticlot 75 Tablet,Scott Edil Pharmacia Ltd,24,2027-06-10 02:52:05.198000+00:00,318,Beyond 90 Days
6a65d17eb65e7b032dc747b5,Betadine 7.5% Surgical Scrub,Win-Medicare Pvt Ltd,142,2027-06-09 12:52:48.422000+00:00,318,Beyond 90 Days
6a65d17eb65e7b032dc7449a,Actrapid 100 IU/ml Flexpen,Novo Nordisk India Pvt Ltd,104,2027-06-09 09:52:08.888000+00:00,318,Beyond 90 Days
6a65d17eb65e7b032dc7445a,Acuvin Tablet,Abbott,107,2027-06-09 22:18:17.039000+00:00,318,Beyond 90 Days
6a65d17eb65e7b032dc7446d,Apidra 100IU Cartridge,Sanofi India  Ltd,65,2027-06-09 12:25:04.191000+00:00,318,Beyond 90 Days
6a65d17eb65e7b032dc745ad,Ascodex Junior LS Oral Drops,Glenmark Pharmaceuticals Ltd,147,2027-06-09 09:59:14.546000+00:00,318,Beyond 90 Days
6a65d17eb65e7b032dc747b8,Biofil-AB Particles,Eucare Pharmaceuticals Pvt Ltd,35,2027-06-10 14:53:25.090000+00:00,319,Beyond 90 Days
6a65d17eb65e7b032dc74604,Arvast-A 150 Capsule,Intas Pharmaceuticals Ltd,68,2027-06-11 07:59:39.905000+00:00,319,Beyond 90 Days
6a65d17eb65e7b032dc7452b,Alday Kid 5mg/5ml Syrup,S H Pharmaceuticals Ltd,115,2027-06-11 00:58:21.791000+00:00,319,Beyond 90 Days
6a65d17fb65e7b032dc7486f,Fertibex 50 Tablet,Fourrts India Laboratories Pvt Ltd,130,2027-06-10 14:59:17.549000+00:00,319,Beyond 90 Days
6a65d17eb65e7b032dc747a3,Betadine 2% Gargle Mint,Win-Medicare Pvt Ltd,146,2027-06-11 10:12:50.370000+00:00,320,Beyond 90 Days
6a65d17eb65e7b032dc74786,Adwiron Injection,Saksham Pharmaceuticals India Ltd,66,2027-06-12 08:00:59.100000+00:00,320,Beyond 90 Days
6a65d17eb65e7b032dc74661,Adicid 40 Tablet,Apex Diagnostic And Imaging Pvt Ltd,148,2027-06-12 01:14:47.848000+00:00,320,Beyond 90 Days
6a65d17eb65e7b032dc7448a,Azimax 500 Tablet,Cipla Ltd,70,2027-06-12 23:11:06.325000+00:00,321,Beyond 90 Days
6a65d17fb65e7b032dc74827,Cefedge-C Injection,Suncure Lifescience Pvt Ltd,109,2027-06-12 22:39:39.668000+00:00,321,Beyond 90 Days
6a65d17eb65e7b032dc744ac,Atorva Asp 75 Capsule,Zydus Cadila,32,2027-06-14 08:01:32.677000+00:00,322,Beyond 90 Days
6a65d17eb65e7b032dc74473,Amaryl MV 2mg Tablet SR,Sanofi India  Ltd,116,2027-06-14 03:57:01.552000+00:00,322,Beyond 90 Days
6a65d17fb65e7b032dc74884,Redivit ZN 50mg Tablet,Best Biotech,94,2027-06-15 04:11:39.653000+00:00,323,Beyond 90 Days
6a65d17eb65e7b032dc74457,Ambrolite-S Expectorant,Tablets India Limited,89,2027-06-14 21:01:28.067000+00:00,323,Beyond 90 Days
6a65d17eb65e7b032dc746da,Avoflox Syrup,Tenet Healthcare,120,2027-06-15 09:18:24.327000+00:00,323,Beyond 90 Days
6a65d17eb65e7b032dc74546,Alsartan-H Tablet,Aristo Pharmaceuticals Pvt Ltd,16,2027-06-14 21:58:56.961000+00:00,323,Beyond 90 Days
6a65d17eb65e7b032dc746fe,Antac Injection,Zee Laboratories,127,2027-06-14 21:12:38.164000+00:00,323,Beyond 90 Days
6a65d17eb65e7b032dc745a2,Abvida-M 50mg/1000mg Eazy Glide Tablet,Abbott,129,2027-06-14 21:17:51.396000+00:00,323,Beyond 90 Days
6a65d17eb65e7b032dc7469f,Astesol-D3 60K Chewable Tablet,Asterism Pharmaceuticals Pvt  Ltd,134,2027-06-15 15:47:14.745000+00:00,324,Beyond 90 Days
6a65d17eb65e7b032dc744e3,Arflur-P Tablet,FDC Ltd,24,2027-06-16 04:25:50.836000+00:00,324,Beyond 90 Days
6a65d17eb65e7b032dc747d4,Biovorin 15mg Injection,Biochem Pharmaceutical Industries,137,2027-06-15 19:09:00.927000+00:00,324,Beyond 90 Days
6a65d17eb65e7b032dc7448e,Angicam-Beta Tablet,Blue Cross Laboratories Ltd,63,2027-06-17 07:57:38.484000+00:00,325,Beyond 90 Days
6a65d17eb65e7b032dc747c5,Bone C Max Capsule,Dr Cure Pharmaceuticals India Pvt Ltd,14,2027-06-17 08:33:34.097000+00:00,325,Beyond 90 Days
6a65d17eb65e7b032dc74778,Armer Ointment,Stadchem Of India,78,2027-06-17 01:55:44.369000+00:00,325,Beyond 90 Days
6a65d17eb65e7b032dc746f6,Allerban 10mg Tablet,Saga Laboratories,72,2027-06-17 12:32:24.826000+00:00,326,Beyond 90 Days
6a65d17eb65e7b032dc744bf,Amyclox-LB Capsule,Ind Swift Laboratories Ltd,121,2027-06-18 09:00:27.799000+00:00,326,Beyond 90 Days
6a65d17eb65e7b032dc7453c,Amlosafe 3D 80 Tablet,Aristo Pharmaceuticals Pvt Ltd,116,2027-06-18 11:33:35.021000+00:00,327,Beyond 90 Days
6a65d17eb65e7b032dc745d1,Alciflox 250mg Tablet,Alkem Laboratories Ltd,143,2027-06-18 15:33:21.346000+00:00,327,Beyond 90 Days
6a65d17eb65e7b032dc745fd,Ablif LB 200mg Tablet,Pharma Plus,86,2027-06-18 10:03:27.967000+00:00,327,Beyond 90 Days
6a65d17eb65e7b032dc744cd,Asthalin Rotacaps,Cipla Ltd,35,2027-06-18 15:24:42.002000+00:00,327,Beyond 90 Days
6a65d17eb65e7b032dc74722,Amborxel-LS Syrup,Styla Pharmaceutical Private Limited,15,2027-06-19 00:37:29.068000+00:00,327,Beyond 90 Days
6a65d17eb65e7b032dc744fa,Apidra 100IU/ml Solution for Injection,Sanofi India  Ltd,114,2027-06-21 03:08:55.404000+00:00,329,Beyond 90 Days
6a65d17eb65e7b032dc7466a,Aqua D3 60K Soft Gelatin Capsule,Winmark Pharmaceuticals Pvt Ltd,117,2027-06-20 10:43:26.944000+00:00,329,Beyond 90 Days
6a65d17eb65e7b032dc74697,Asart HT 50 mg/12.5 mg Tablet,Stadmed Pvt Ltd,113,2027-06-21 00:35:20.193000+00:00,329,Beyond 90 Days
6a65d17eb65e7b032dc745ea,Alorex Cream,Maneesh Pharmaceuticals Ltd,109,2027-06-21 21:40:24.222000+00:00,330,Beyond 90 Days
6a65d17eb65e7b032dc7471b,Aerotide 200 mcg/100 mcg Inhaler,Sun Pharmaceutical Industries Ltd,96,2027-06-22 18:51:03.075000+00:00,331,Beyond 90 Days
6a65d17eb65e7b032dc74542,Avas Gold 75mg/20mg/75mg Capsule,Micro Labs Ltd,10,2027-06-24 09:22:49.058000+00:00,332,Beyond 90 Days
6a65d17eb65e7b032dc7470e,Auditone 4mg Tablet MD,Ridhima Biocare,88,2027-06-23 23:19:32.353000+00:00,332,Beyond 90 Days
6a65d17eb65e7b032dc7444e,Ambrodil-Plus RF Syrup,Aristo Pharmaceuticals Pvt Ltd,138,2027-06-23 12:53:58.897000+00:00,332,Beyond 90 Days
6a65d17eb65e7b032dc74671,Anical D Tablet,Anikem Laboratories,55,2027-06-24 16:51:39.487000+00:00,333,Beyond 90 Days
6a65d17eb65e7b032dc746c1,Asthacip 2mg Tablet,Himanshu Pharmaceuticals Pvt Ltd,118,2027-06-25 04:03:29.850000+00:00,333,Beyond 90 Days
6a65d17eb65e7b032dc74453,Amlovas 5 Tablet,Macleods Pharmaceuticals Pvt Ltd,97,2027-06-26 09:13:09.905000+00:00,334,Beyond 90 Days
6a65d17eb65e7b032dc74491,Algesia CR 200mg/20mg Capsule,Macleods Pharmaceuticals Pvt Ltd,131,2027-06-26 02:14:45.747000+00:00,334,Beyond 90 Days
6a65d17eb65e7b032dc74723,Alodox 500mg Tablet,Adcco Limited,149,2027-06-27 05:14:02.032000+00:00,335,Beyond 90 Days
6a65d17eb65e7b032dc74750,Amvtron 4mg Tablet DT,Amvia Biotech,35,2027-06-26 16:57:46.870000+00:00,335,Beyond 90 Days
6a65d17eb65e7b032dc746ca,Aciflam 400mg/325mg Tablet,Acichem Laboratories,25,2027-06-26 20:02:31.863000+00:00,335,Beyond 90 Days
6a65d17eb65e7b032dc744d5,Atorlip 40 Tablet,Cipla Ltd,30,2027-06-28 08:01:05.093000+00:00,336,Beyond 90 Days
6a65d17eb65e7b032dc74694,Astarest Syrup,Darwin Formulations Pvt Ltd,124,2027-06-27 12:48:03.482000+00:00,336,Beyond 90 Days
6a65d17eb65e7b032dc74497,Augpen 625 BID Tablet,Zuventus Healthcare Ltd,110,2027-06-28 04:34:24.076000+00:00,336,Beyond 90 Days
6a65d17eb65e7b032dc74696,Allergesic 5mg Tablet,Meridian Medicare Ltd,142,2027-06-27 20:48:56.159000+00:00,336,Beyond 90 Days
6a65d17eb65e7b032dc74448,Alerid-D Tablet,Cipla Ltd,16,2027-06-28 09:14:53.424000+00:00,336,Beyond 90 Days
6a65d17eb65e7b032dc747d7,Biov-D3 Softgel Capsule,Elancer Pharmaceuticals,61,2027-06-28 14:28:55.651000+00:00,337,Beyond 90 Days
6a65d17eb65e7b032dc7476b,Andox 100mg Tablet,Aan Pharma Pvt Ltd,109,2027-06-29 17:48:25.927000+00:00,338,Beyond 90 Days
6a65d17eb65e7b032dc7467e,Actorab 20 Tablet,Fitwel Pharmaceuticals Private Limited,122,2027-06-30 00:23:02.723000+00:00,338,Beyond 90 Days
6a65d17eb65e7b032dc744a5,Augpen LB 625 Tablet,Zuventus Healthcare Ltd,124,2027-06-30 11:10:28.465000+00:00,339,Beyond 90 Days
6a65d17eb65e7b032dc7463c,Algirest M Syrup,Mac Millon Pharmaceuticals Pvt Ltd,104,2027-07-03 19:53:08.405000+00:00,342,Beyond 90 Days
6a65d17eb65e7b032dc744a9,Amlong-H Tablet,Micro Labs Ltd,56,2027-07-04 02:13:42.984000+00:00,342,Beyond 90 Days
6a65d17fb65e7b032dc74839,Dpp Vil 50 Tablet,Best Biotech,79,2027-07-04 15:28:24.275000+00:00,343,Beyond 90 Days
6a65d17fb65e7b032dc7488a,S-Zinc Tablet DT,Home Remedies Private Limited,85,2027-07-04 10:46:42.793000+00:00,343,Beyond 90 Days
6a65d17eb65e7b032dc7453e,Adiflam Plus Suspension,Leben Life Sciences Pvt Ltd,14,2027-07-05 15:07:38.259000+00:00,344,Beyond 90 Days
6a65d17eb65e7b032dc747c9,Bactocid Ointment,Kusum Healthcare Pvt Ltd,120,2027-07-06 17:55:37.032000+00:00,345,Beyond 90 Days
6a65d17eb65e7b032dc74504,Amlodac T 40 mg/5 mg Tablet,Zydus Cadila,77,2027-07-07 09:47:17.698000+00:00,346,Beyond 90 Days
6a65d17eb65e7b032dc74768,Agradine 5% Ointment,Agrawal Drugs Pvt. Ltd.,15,2027-07-09 04:38:58.546000+00:00,347,Beyond 90 Days
6a65d17eb65e7b032dc74756,Anofer S 50mg Injection,Sun Pharmaceutical Industries Ltd,9,2027-07-08 22:58:37.357000+00:00,347,Beyond 90 Days
6a65d17eb65e7b032dc7454c,Angizaar 50 Tablet,Micro Labs Ltd,17,2027-07-09 08:24:08.038000+00:00,347,Beyond 90 Days
6a65d17eb65e7b032dc747f2,Bageo JeFe-XT Tablet,Bageo Pharmaceuticals Pvt Ltd,90,2027-07-09 21:48:26.795000+00:00,348,Beyond 90 Days
6a65d17eb65e7b032dc747ed,Boscort C 1% Lotion,Elkos Healthcare Pvt Ltd,125,2027-07-10 02:51:29.061000+00:00,348,Beyond 90 Days
6a65d17eb65e7b032dc74508,Allercet-L Tablet,Micro Labs Ltd,47,2027-07-11 00:47:52.553000+00:00,349,Beyond 90 Days
6a65d17eb65e7b032dc74710,Acidom 150mg Syrup,Siesta Pharmaceuticals,136,2027-07-11 03:42:45.791000+00:00,349,Beyond 90 Days
6a65d17eb65e7b032dc744ba,Advent 91.4mg Drops Tangy Orange,Cipla Ltd,75,2027-07-11 06:12:10.908000+00:00,349,Beyond 90 Days
6a65d17eb65e7b032dc74770,Aanid Ointment,Aan Pharma Pvt Ltd,72,2027-07-11 00:02:40.501000+00:00,349,Beyond 90 Days
6a65d17eb65e7b032dc74529,Aplev M 5mg/10mg Tablet,Ajanta Pharma Ltd,105,2027-07-11 12:32:14.866000+00:00,350,Beyond 90 Days
6a65d17eb65e7b032dc7459f,Acid 20 Capsule,Akme Biotec,105,2027-07-13 01:24:38.708000+00:00,351,Beyond 90 Days
6a65d17eb65e7b032dc7459e,Alergard-M Tablet,Biomax Biotechnics Pvt Ltd,78,2027-07-14 08:23:00.229000+00:00,352,Beyond 90 Days
6a65d17fb65e7b032dc74819,Combikit 12 Injection,Scott Edil Pharmacia Ltd,65,2027-07-14 09:05:52.729000+00:00,352,Beyond 90 Days
6a65d17eb65e7b032dc74612,Alpus LS Syrup,Vrinda Life,24,2027-07-13 19:09:53.168000+00:00,352,Beyond 90 Days
6a65d17eb65e7b032dc746e9,Ambroxen-LS Syrup Sugar Free,Raxon Lifesciences Pvt Ltd,121,2027-07-13 13:32:45.839000+00:00,352,Beyond 90 Days
6a65d17eb65e7b032dc7462a,Azneten M Tablet ER,Daylon Healthcare,11,2027-07-14 06:45:52.090000+00:00,352,Beyond 90 Days
6a65d17eb65e7b032dc744ab,Aerocort Forte Rotacap,Cipla Ltd,110,2027-07-14 23:36:41.430000+00:00,353,Beyond 90 Days
6a65d17eb65e7b032dc744ec,Atorva Gold 20 Capsule,Zydus Cadila,56,2027-07-14 11:16:30.948000+00:00,353,Beyond 90 Days
6a65d17eb65e7b032dc745f4,Ark 100mg Tablet SR,Apex Laboratories Pvt Ltd,65,2027-07-15 01:43:55.505000+00:00,353,Beyond 90 Days
6a65d17eb65e7b032dc747db,Biosulin R 40IU Injection,Innova Life Sciences Private Limited,45,2027-07-14 23:53:43.181000+00:00,353,Beyond 90 Days
6a65d17eb65e7b032dc74441,Alerid Syrup,Cipla Ltd,70,2027-07-15 15:14:07.741000+00:00,354,Beyond 90 Days
6a65d17eb65e7b032dc7470f,Absoz 40 Tablet,Gms Biomax Medicare Pvt Ltd,31,2027-07-16 11:54:00.232000+00:00,355,Beyond 90 Days
6a65d17eb65e7b032dc74752,Acidom O 4 mg/150 mg Tablet,Siesta Pharmaceuticals,26,2027-07-16 12:50:37.205000+00:00,355,Beyond 90 Days
6a65d17eb65e7b032dc7446c,Ace-Proxyvon CR Tablet,Dr Reddy's Laboratories Ltd,143,2027-07-17 06:14:42.805000+00:00,355,Beyond 90 Days
6a65d17fb65e7b032dc74849,Encelin OD 100 Tablet,Torrent Pharmaceuticals Ltd,139,2027-07-17 06:58:48.779000+00:00,355,Beyond 90 Days
6a65d17eb65e7b032dc747f6,But-Bmd 3 Nano Shot Butterscotch Sugar Free,Butson Bioscience,97,2027-07-17 17:53:01.820000+00:00,356,Beyond 90 Days
6a65d17eb65e7b032dc74616,Advog M 0.2 Tablet SR,Eris Lifesciences Ltd,126,2027-07-17 19:26:20.290000+00:00,356,Beyond 90 Days
6a65d17eb65e7b032dc746ef,Avidine-M Ointment,Allenge India,114,2027-07-17 20:53:35.893000+00:00,356,Beyond 90 Days
6a65d17eb65e7b032dc74545,Allerzine L 5mg Tablet,Jenburkt Pharmaceuticals Ltd,104,2027-07-18 20:32:06.230000+00:00,357,Beyond 90 Days
6a65d17fb65e7b032dc7484b,Encelin 50mg Tablet,Torrent Pharmaceuticals Ltd,34,2027-07-19 10:57:41.907000+00:00,358,Beyond 90 Days
6a65d17eb65e7b032dc74502,Arbitel-MT 25 Tablet ER,Micro Labs Ltd,48,2027-07-19 17:23:12.286000+00:00,358,Beyond 90 Days
6a65d17eb65e7b032dc74428,Azithral 200 Liquid,Alembic Pharmaceuticals Ltd,32,2027-07-20 09:05:01.326000+00:00,358,Beyond 90 Days
6a65d17fb65e7b032dc74826,Cobsa-Vit C Injection,Arvincare Pharma,89,2027-07-20 02:18:45.529000+00:00,358,Beyond 90 Days
6a65d17fb65e7b032dc74822,Cledex -SF Oral Liquid,Panjon Pharma Ltd,71,2027-07-21 00:33:46.848000+00:00,359,Beyond 90 Days
6a65d17eb65e7b032dc745e5,Aldol Tablet,Altar Healthcare Pvt Ltd,118,2027-07-21 08:02:45.927000+00:00,359,Beyond 90 Days
6a65d17eb65e7b032dc745f3,Akme Clobetacon-GM Skin Cream,Akme Biotec,80,2027-07-21 21:35:11.121000+00:00,360,Beyond 90 Days
6a65d17eb65e7b032dc7473a,Aldoxyl LB 100mg Tablet,Cista Medicorp,118,2027-07-22 01:47:00.379000+00:00,360,Beyond 90 Days
6a65d17eb65e7b032dc7443e,Augmentin 1000 Duo Tablet,Glaxo SmithKline Pharmaceuticals Ltd,46,2027-07-22 11:01:58.292000+00:00,361,Beyond 90 Days
6a65d17eb65e7b032dc746c6,Alto 20mg Tablet,Uniorange group,122,2027-07-22 20:45:10.899000+00:00,361,Beyond 90 Days
6a65d17eb65e7b032dc74593,Avil NU 10mg Tablet,Sanofi India  Ltd,69,2027-07-23 13:20:25.876000+00:00,362,Beyond 90 Days
6a65d17fb65e7b032dc74845,Eglucent Rapid 100IU/ml Solution for Injection,Lupin Ltd,88,2027-07-25 03:45:59.761000+00:00,363,Beyond 90 Days
6a65d17eb65e7b032dc746db,Asibloc Syrup,Cista Medicorp,103,2027-07-24 10:06:06.704000+00:00,363,Beyond 90 Days
6a65d17eb65e7b032dc7455f,Allerone-M Tablet,Gladstone Pharma India Pvt Ltd,39,2027-07-25 19:48:46.250000+00:00,364,Beyond 90 Days
6a65d17eb65e7b032dc745c8,Aramol AM 10mg/120mg/200mg Tablet SR,Syndicate Life Sciences Pvt Ltd,111,2027-07-25 14:35:21.760000+00:00,364,Beyond 90 Days
6a65d17eb65e7b032dc74718,Azcool 2% Dusting Powder,Biodyne Remedies Pvt Ltd,126,2027-07-26 02:05:44.603000+00:00,364,Beyond 90 Days
6a65d17eb65e7b032dc74618,Aerozest 50mcg Inhaler,Macleods Pharmaceuticals Pvt Ltd,106,2027-07-26 21:58:10.817000+00:00,365,Beyond 90 Days
6a65d17eb65e7b032dc74446,Ace Proxyvon Tablet,Dr Reddy's Laboratories Ltd,32,2027-07-27 01:50:31.972000+00:00,365,Beyond 90 Days
6a65d17eb65e7b032dc746ed,Asidrop 20mg Tablet,Indian Drugs & Pharmaceuticals Ltd,55,2027-07-26 12:18:55.406000+00:00,365,Beyond 90 Days
6a65d17eb65e7b032dc7447b,Amrox-LS Syrup,Leeford Healthcare Ltd,40,2027-07-27 17:09:31.574000+00:00,366,Beyond 90 Days
6a65d17eb65e7b032dc7475f,Armer Solution,Stadchem Of India,9,2027-07-28 04:41:02.250000+00:00,366,Beyond 90 Days
6a65d17eb65e7b032dc74454,Amaryl M  1mg Tablet PR,Sanofi India  Ltd,131,2027-07-28 15:50:27.719000+00:00,367,Beyond 90 Days
6a65d17eb65e7b032dc745aa,Ateros 10mg Tablet,Icon Life Sciences,101,2027-07-29 16:26:54.816000+00:00,368,Beyond 90 Days
6a65d17eb65e7b032dc745da,Abnex Forte 10mg/120mg/200mg Tablet,Jarun Pharmaceuticals,24,2027-07-29 17:07:05.572000+00:00,368,Beyond 90 Days
6a65d17eb65e7b032dc746f7,Afon 4mg Tablet MD,Genesis Biotech Inc,57,2027-07-30 01:57:51.381000+00:00,368,Beyond 90 Days
6a65d17eb65e7b032dc7441e,Ambrodil-S Syrup,Aristo Pharmaceuticals Pvt Ltd,40,2027-07-30 08:07:04.989000+00:00,368,Beyond 90 Days
6a65d17eb65e7b032dc7456c,Antrum-DSR Capsule Capsule SR,Codon Pharma Private Limited,25,2027-07-30 06:00:55.171000+00:00,368,Beyond 90 Days
6a65d17fb65e7b032dc74809,Candid-V3 Tablet VT,Glenmark Pharmaceuticals Ltd,127,2027-07-29 09:55:35.524000+00:00,368,Beyond 90 Days
6a65d17eb65e7b032dc745dd,Aldase-D 50mg/10mg Tablet,Lincoln Pharmaceuticals Ltd,53,2027-07-30 11:48:37.382000+00:00,369,Beyond 90 Days
6a65d17eb65e7b032dc74626,Acethama-FM Tablet SR,Care Formulation Labs Pvt Ltd,143,2027-07-30 14:49:02.630000+00:00,369,Beyond 90 Days
6a65d17eb65e7b032dc74702,Axamol 2.5mg Respules 2.5ml,AXA Parenterals Ltd,135,2027-07-31 02:43:05.647000+00:00,369,Beyond 90 Days
6a65d17fb65e7b032dc74879,Imuzinc Syrup,Medisurf Pharma,89,2027-07-31 11:22:05.025000+00:00,370,Beyond 90 Days
6a65d17eb65e7b032dc74480,Asthalin Respirator Solution,Cipla Ltd,102,2027-08-01 06:40:49.108000+00:00,370,Beyond 90 Days
6a65d17fb65e7b032dc74813,Clenorush Oral Gel,DWD Pharmaceuticals Ltd,41,2027-08-02 06:02:52.345000+00:00,371,Beyond 90 Days
6a65d17eb65e7b032dc74781,Antec 150mg Tablet,Acichem Laboratories,64,2027-08-02 04:12:51.967000+00:00,371,Beyond 90 Days
6a65d17eb65e7b032dc74436,Amlong Tablet,Micro Labs Ltd,143,2027-08-01 13:34:55.944000+00:00,371,Beyond 90 Days
6a65d17eb65e7b032dc744ff,Atorlip Gold 10 Capsule,Cipla Ltd,60,2027-08-02 21:50:42.005000+00:00,372,Beyond 90 Days
6a65d17eb65e7b032dc745b4,Apnicid 40mg Tablet,Ajanta Pharma Ltd,21,2027-08-05 23:38:00.610000+00:00,375,Beyond 90 Days
6a65d17eb65e7b032dc744d0,Azibact 200 Readymix Oral Suspension,Ipca Laboratories Ltd,85,2027-08-06 12:20:52.979000+00:00,376,Beyond 90 Days
6a65d17eb65e7b032dc74706,Asart 25mg Tablet,Stadmed Pvt Ltd,18,2027-08-08 03:40:29.662000+00:00,377,Beyond 90 Days
6a65d17eb65e7b032dc74725,Amedil 4mg Tablet,Gujarat Terce Laboratories Ltd,78,2027-08-07 19:54:21.291000+00:00,377,Beyond 90 Days
6a65d17eb65e7b032dc744c9,Apidra Solostar 100IU/ml Injection,Sanofi India  Ltd,16,2027-08-08 21:41:04.760000+00:00,378,Beyond 90 Days
6a65d17eb65e7b032dc744ea,Alkof LS Syrup,Alkem Laboratories Ltd,126,2027-08-09 05:48:17.638000+00:00,378,Beyond 90 Days
6a65d17eb65e7b032dc74463,ATM 500 Tablet,Indoco Remedies Ltd,32,2027-08-09 19:08:00.496000+00:00,379,Beyond 90 Days
6a65d17eb65e7b032dc744c5,Asthalin 2 Tablet,Cipla Ltd,39,2027-08-10 10:14:07.436000+00:00,380,Beyond 90 Days
6a65d17eb65e7b032dc7454a,Ascodex LS Expectorant,Glenmark Pharmaceuticals Ltd,91,2027-08-11 16:08:17.402000+00:00,381,Beyond 90 Days
6a65d17eb65e7b032dc74507,Amicet Plus Tablet,Leeford Healthcare Ltd,140,2027-08-13 04:26:56.077000+00:00,382,Beyond 90 Days
6a65d17fb65e7b032dc74830,DMR Syrup,West-Coast Pharmaceutical Works Ltd,96,2027-08-12 23:20:01.525000+00:00,382,Beyond 90 Days
6a65d17eb65e7b032dc74688,Asart 50mg Tablet,Stadmed Pvt Ltd,72,2027-08-14 04:23:15.505000+00:00,383,Beyond 90 Days
6a65d17eb65e7b032dc74578,Aspirin  50mg Tablet DR,Zydus Cadila,124,2027-08-14 00:56:12.749000+00:00,383,Beyond 90 Days
6a65d17eb65e7b032dc744f3,Alerid Cold Tablet,Cipla Ltd,120,2027-08-14 05:05:40.068000+00:00,383,Beyond 90 Days
6a65d17eb65e7b032dc74522,Alciflox D Eye/Ear Drops,Alkem Laboratories Ltd,98,2027-08-14 07:08:32.800000+00:00,383,Beyond 90 Days
6a65d17eb65e7b032dc74509,Arbitel 20 Tablet,Micro Labs Ltd,117,2027-08-14 17:27:16.282000+00:00,384,Beyond 90 Days
6a65d17eb65e7b032dc74753,Auditone 2mg Oral Drops,Ridhima Biocare,137,2027-08-15 04:41:06.634000+00:00,384,Beyond 90 Days
6a65d17eb65e7b032dc7458c,Alday Duo 5mg/10mg Tablet,S H Pharmaceuticals Ltd,17,2027-08-15 23:02:35.418000+00:00,385,Beyond 90 Days
6a65d17eb65e7b032dc747f0,Bicoba-FC 2500 Injection,Bioclix Remedies,98,2027-08-16 01:52:16.557000+00:00,385,Beyond 90 Days
6a65d17fb65e7b032dc74818,CO Mupimet Powder,Fourrts India Laboratories Pvt Ltd,54,2027-08-16 23:53:03.381000+00:00,386,Beyond 90 Days
6a65d17eb65e7b032dc74603,Anleo-D Tablet,AN Pharmaceuticals Pvt Ltd,34,2027-08-17 00:41:43.864000+00:00,386,Beyond 90 Days
6a65d17eb65e7b032dc745b5,Ark 75mg Tablet SR,Apex Laboratories Pvt Ltd,118,2027-08-17 09:55:34.772000+00:00,387,Beyond 90 Days
6a65d17eb65e7b032dc745d7,Anurab DSR Capsule,Drukst Biotech Private Limited,35,2027-08-17 21:06:48.876000+00:00,387,Beyond 90 Days
6a65d17eb65e7b032dc74690,Aldezol DF 400mg/500mg Tablet,Albert David Ltd,41,2027-08-19 19:05:05.168000+00:00,389,Beyond 90 Days
6a65d17eb65e7b032dc74419,Allegra-M Tablet,Sanofi India  Ltd,45,2027-08-19 15:35:50.704000+00:00,389,Beyond 90 Days
6a65d17eb65e7b032dc74568,AF -C Dusting Powder,Systopic Laboratories Pvt Ltd,62,2027-08-19 11:29:15.675000+00:00,389,Beyond 90 Days
6a65d17fb65e7b032dc7485f,Ezithyx 25mcg Tablet,DR Best pharmaceuticals Pvt Ltd,61,2027-08-20 22:22:21.454000+00:00,390,Beyond 90 Days
6a65d17eb65e7b032dc7446b,Azee 100mg Dry Syrup Peppermint,Cipla Ltd,100,2027-08-20 23:13:51.306000+00:00,390,Beyond 90 Days
6a65d17fb65e7b032dc74824,Chirof SF Syrup,Adventure Life Sciences Pvt Ltd,24,2027-08-20 22:49:46.098000+00:00,390,Beyond 90 Days
6a65d17eb65e7b032dc747d5,Beatvit 60K Softgel Capsule,Neobeat Healthcare Pvt Ltd,50,2027-08-21 23:03:01.127000+00:00,391,Beyond 90 Days
6a65d17eb65e7b032dc747d3,Biosulin 30/70 100IU/ml Cartridge,Innova Life Sciences Private Limited,39,2027-08-21 12:22:41.853000+00:00,391,Beyond 90 Days
6a65d17eb65e7b032dc7444c,Amaryl 2mg Tablet,Sanofi India  Ltd,20,2027-08-22 03:41:11.798000+00:00,391,Beyond 90 Days
6a65d17eb65e7b032dc74652,Azirab 20mg Tablet,Astraazin Pharmaceuticals Private Limited,29,2027-08-21 17:39:34.991000+00:00,391,Beyond 90 Days
6a65d17eb65e7b032dc74569,Altriz-M Tablet,Asterisk Laboratories India Pvt Ltd,69,2027-08-23 01:10:01.208000+00:00,392,Beyond 90 Days
6a65d17eb65e7b032dc747a0,Ariclop 75mg Tablet,Ambreyo Lifesciences,31,2027-08-23 06:14:19.466000+00:00,392,Beyond 90 Days
6a65d17eb65e7b032dc74799,Avidox-SP 100mg/10mg Tablet,Avalanche Pharmaceuticals,71,2027-08-22 21:03:18.101000+00:00,392,Beyond 90 Days
6a65d17eb65e7b032dc74767,Avetron 4mg Tablet MD,Jasco Labs Pvt Ltd,34,2027-08-23 08:53:58.227000+00:00,392,Beyond 90 Days
6a65d17fb65e7b032dc74832,Deroxy P Syrup,Biotic Healthcare,128,2027-08-25 22:33:30.100000+00:00,395,Beyond 90 Days
6a65d17eb65e7b032dc74468,Aziwok 500 Tablet,Dr Reddy's Laboratories Ltd,43,2027-08-25 22:16:02.107000+00:00,395,Beyond 90 Days
6a65d17eb65e7b032dc74528,Anaero Gel,Amwill Healthcare,100,2027-08-25 16:58:25.101000+00:00,395,Beyond 90 Days
6a65d17eb65e7b032dc746e0,Acicheck 20mg Tablet,Mackenzie Pharmaceuticals Pvt Ltd,99,2027-08-25 14:20:27.890000+00:00,395,Beyond 90 Days
6a65d17eb65e7b032dc747a8,Basalog 100IU/ml Injection,Biocon,105,2027-08-25 20:44:40.133000+00:00,395,Beyond 90 Days
6a65d17eb65e7b032dc74598,Axegliptin M 500mg/20mg Tablet SR,Ajanta Pharma Ltd,90,2027-08-26 21:13:29.635000+00:00,396,Beyond 90 Days
6a65d17eb65e7b032dc74788,Acibloc 300mg Tablet,Marc Laboratories Pvt Ltd,56,2027-08-28 02:00:42.205000+00:00,397,Beyond 90 Days
6a65d17eb65e7b032dc7479d,Aiken 100mg Injection,Afive Pharma,97,2027-08-29 05:50:29.731000+00:00,398,Beyond 90 Days
6a65d17eb65e7b032dc7451f,Abvida 50mg Tablet,Abbott,123,2027-08-29 10:19:26.655000+00:00,399,Beyond 90 Days
6a65d17eb65e7b032dc746d8,Acease 20mg Tablet,Nutrifirm therapeutics,137,2027-08-29 14:57:19.269000+00:00,399,Beyond 90 Days
6a65d17eb65e7b032dc74695,Adorcal-CC Tablet,Cheminnova Life Sciences,40,2027-08-29 23:12:48.890000+00:00,399,Beyond 90 Days
6a65d17eb65e7b032dc74654,Astadin 10mg Tablet,Asterisk Laboratories India Pvt Ltd,139,2027-08-30 07:00:34.953000+00:00,399,Beyond 90 Days
6a65d17eb65e7b032dc746a0,Amoril-L Tablet,Clanthis Lifesciences  Pvt Ltd,16,2027-08-31 01:45:20.605000+00:00,400,Beyond 90 Days
6a65d17fb65e7b032dc74806,Candid Lotion,Glenmark Pharmaceuticals Ltd,132,2027-08-30 09:38:34.947000+00:00,400,Beyond 90 Days
6a65d17eb65e7b032dc745c7,Anglocet Plus Tablet,Anglo-French Drugs & Industries Ltd,76,2027-09-01 08:19:38.253000+00:00,401,Beyond 90 Days
6a65d17eb65e7b032dc745ca,Activa 50mg Tablet,Zydus Healthcare Limited,83,2027-09-01 02:47:13.917000+00:00,401,Beyond 90 Days
6a65d17eb65e7b032dc746d7,Ameebee DF 400mg/500mg Tablet,TOSC International Pvt Ltd,5,2027-09-02 08:15:48.137000+00:00,402,Beyond 90 Days
6a65d17eb65e7b032dc74771,Aroma Soap,Nidus Pharma Pvt Ltd,16,2027-09-02 11:41:29.973000+00:00,403,Beyond 90 Days
6a65d17eb65e7b032dc747b3,Basalog One 100IU/ml Injection,Biocon,1,2027-09-03 22:33:55.986000+00:00,404,Beyond 90 Days
6a65d17eb65e7b032dc7442e,Alex Cough Lozenges Lemon Ginger,Glenmark Pharmaceuticals Ltd,109,2027-09-05 05:55:41.926000+00:00,405,Beyond 90 Days
6a65d17eb65e7b032dc7474d,Adron-Kid Oral Solution,Advance Revive,68,2027-09-04 12:29:17.330000+00:00,405,Beyond 90 Days
6a65d17eb65e7b032dc7458e,Arbitel 80 Tablet,Micro Labs Ltd,85,2027-09-04 20:13:54.474000+00:00,405,Beyond 90 Days
6a65d17eb65e7b032dc7451a,Answell 400 mg/325 mg Tablet,Cadila Pharmaceuticals Ltd,103,2027-09-06 00:23:02.382000+00:00,406,Beyond 90 Days
6a65d17eb65e7b032dc7450c,Azulix MV 2mg/500mg/0.3mg Tablet SR,Torrent Pharmaceuticals Ltd,143,2027-09-07 03:57:15.717000+00:00,407,Beyond 90 Days
6a65d17eb65e7b032dc7462b,Abzorb 1% Cream,Sun Pharmaceutical Industries Ltd,116,2027-09-06 10:50:08.502000+00:00,407,Beyond 90 Days
6a65d17eb65e7b032dc7463f,Adyom 40mg Tablet,Hauz Pharma Pvt Ltd,13,2027-09-06 22:53:56.319000+00:00,407,Beyond 90 Days
6a65d17fb65e7b032dc74896,Zincshot Injection,Fusion Healthcare Pvt Ltd,18,2027-09-06 22:22:16.314000+00:00,407,Beyond 90 Days
6a65d17eb65e7b032dc74791,Aldezole 500mg Infusion,Alde Medi Impex Ltd,124,2027-09-06 22:52:36.308000+00:00,407,Beyond 90 Days
6a65d17eb65e7b032dc745c1,Anetol 1000mg Infusion,Abbott,79,2027-09-06 19:13:02.329000+00:00,407,Beyond 90 Days
6a65d17eb65e7b032dc74510,Atocor Gold 20 Capsule,Dr Reddy's Laboratories Ltd,138,2027-09-06 11:03:47.414000+00:00,407,Beyond 90 Days
6a65d17eb65e7b032dc74798,Afdipovidone N Ointment,Anglo-French Drugs & Industries Ltd,141,2027-09-08 08:01:09.183000+00:00,408,Beyond 90 Days
6a65d17eb65e7b032dc744f9,Amlong-TL 40 Tablet,Micro Labs Ltd,0,2027-09-08 07:30:42.276000+00:00,408,Beyond 90 Days
6a65d17eb65e7b032dc7468d,Agile 50 mg/500 mg Tablet,Ind Swift Laboratories Ltd,95,2027-09-08 10:40:27.045000+00:00,409,Beyond 90 Days
6a65d17eb65e7b032dc745f1,Anavilda M500 Tablet,Guillain Pharma Private Limited,58,2027-09-08 20:40:42.744000+00:00,409,Beyond 90 Days
6a65d17eb65e7b032dc7442f,Asthalin Respules,Cipla Ltd,61,2027-09-09 07:01:31.701000+00:00,409,Beyond 90 Days
6a65d17eb65e7b032dc74713,Ascochew Chewable Tablet Orange,Elder Projects Ltd,79,2027-09-08 17:10:06.924000+00:00,409,Beyond 90 Days
6a65d17fb65e7b032dc74892,Zynwin Tablet,Macleods Pharmaceuticals Pvt Ltd,114,2027-09-09 16:55:24.753000+00:00,410,Beyond 90 Days
6a65d17eb65e7b032dc744d9,Akilos-SP Tablet,Unison Pharmaceuticals Pvt Ltd,56,2027-09-11 03:01:21.571000+00:00,411,Beyond 90 Days
6a65d17fb65e7b032dc74814,Canazole Cream,Lupin Ltd,125,2027-09-12 08:10:05.685000+00:00,412,Beyond 90 Days
6a65d17eb65e7b032dc7472f,Ambrodex A Syrup,Uniphar Biotech Private Limited,48,2027-09-11 11:22:52.369000+00:00,412,Beyond 90 Days
6a65d17eb65e7b032dc745cf,Alerta D Tablet,Gary Pharmaceuticals Pvt Ltd,52,2027-09-12 16:28:38.154000+00:00,413,Beyond 90 Days
6a65d17eb65e7b032dc7470c,Airomol PD 2 mg/50 mg Liquid,Zydus Cadila,87,2027-09-13 21:46:27.580000+00:00,414,Beyond 90 Days
6a65d17eb65e7b032dc74761,ACHOPHEN 400MG/325MG TABLET,Jackson Laboratories Pvt Ltd,84,2027-09-14 09:06:52.371000+00:00,414,Beyond 90 Days
6a65d17fb65e7b032dc74820,Clodin Soap,Gary Pharmaceuticals Pvt Ltd,143,2027-09-14 03:26:28.172000+00:00,414,Beyond 90 Days
6a65d17eb65e7b032dc747e1,Bactivac Ointment,Prevego Healthcare & Research Private Limited,89,2027-09-14 10:14:30.713000+00:00,415,Beyond 90 Days
6a65d17eb65e7b032dc745ba,Alertac 10mg Tablet,Seagull Pharmaceutical Pvt Ltd,11,2027-09-15 00:49:24.248000+00:00,415,Beyond 90 Days
6a65d17fb65e7b032dc74885,Ross Vee C 500mg Injection,Rosswelt Biosciences,87,2027-09-16 04:51:48.469000+00:00,416,Beyond 90 Days
6a65d17eb65e7b032dc746f9,Asthavent DP 4mg Capsule,Cipla Ltd,108,2027-09-15 10:27:26.031000+00:00,416,Beyond 90 Days
6a65d17eb65e7b032dc747f9,Borncal D3 Nano Shot (5ml Each) Mango Sugar Free,Century Life Science,124,2027-09-15 11:15:27.203000+00:00,416,Beyond 90 Days
6a65d17fb65e7b032dc74898,Zia 20 Tablet DT,West-Coast Pharmaceutical Works Ltd,63,2027-09-16 23:18:05.820000+00:00,417,Beyond 90 Days
6a65d17eb65e7b032dc7465f,Asloc Tablet,Akme Biotec,55,2027-09-17 03:42:39.740000+00:00,417,Beyond 90 Days
6a65d17fb65e7b032dc7487b,Immun Dase HD Chewable Tablet Tangy Orange Sugar Free,Astraea Life Sciences Pvt Ltd,19,2027-09-18 04:15:20.157000+00:00,418,Beyond 90 Days
6a65d17fb65e7b032dc7483c,D Glipin 50mg Tablet,Dr. Edwin Lab,29,2027-09-18 08:10:51.969000+00:00,418,Beyond 90 Days
6a65d17eb65e7b032dc74676,Astharid 2mg Tablet,Empiai Pharmaceuticals Pvt Ltd,128,2027-09-18 04:56:09.582000+00:00,418,Beyond 90 Days
6a65d17fb65e7b032dc7488f,Vitamin C Injection,Mankind Pharma Ltd,122,2027-09-17 11:44:54.921000+00:00,418,Beyond 90 Days
6a65d17eb65e7b032dc74680,Amlozaar 25 mg/5 mg Tablet,Micro Labs Ltd,86,2027-09-17 22:13:08.107000+00:00,418,Beyond 90 Days
6a65d17eb65e7b032dc747ce,Bonultra 60K Soft Gelatin Capsule,Energize Pharmaceuticals (P) Ltd.,117,2027-09-17 13:18:49.775000+00:00,418,Beyond 90 Days
6a65d17eb65e7b032dc7450d,Acolate P Plus Tablet,Gujarat Terce Laboratories Ltd,102,2027-09-20 03:54:50.299000+00:00,420,Beyond 90 Days
6a65d17eb65e7b032dc7457b,Alcet 5mg/5ml Syrup,Acron Pharmaceuticals,40,2027-09-20 07:41:01.111000+00:00,420,Beyond 90 Days
6a65d17eb65e7b032dc746cb,Arden Plus 400 mg/500 mg Tablet,Adonis Laboratories Pvt Ltd,64,2027-09-20 07:52:31.834000+00:00,420,Beyond 90 Days
6a65d17eb65e7b032dc74683,Acip 500mg Tablet,Aust Ind Labs,104,2027-09-19 21:27:40.402000+00:00,420,Beyond 90 Days
6a65d17eb65e7b032dc745d2,Anofer S 100mg Injection,Sun Pharmaceutical Industries Ltd,82,2027-09-21 01:02:58.187000+00:00,421,Beyond 90 Days
6a65d17eb65e7b032dc74517,Azulix 4 MF Forte Tablet PR,Torrent Pharmaceuticals Ltd,20,2027-09-21 05:28:47.545000+00:00,421,Beyond 90 Days
6a65d17fb65e7b032dc7482f,DMR 20mg Tablet,West-Coast Pharmaceutical Works Ltd,53,2027-09-21 01:33:11.137000+00:00,421,Beyond 90 Days
6a65d17eb65e7b032dc7447f,Azee 250 Tablet,Cipla Ltd,87,2027-09-22 09:04:08.945000+00:00,422,Beyond 90 Days
6a65d17eb65e7b032dc7461e,Acephyl-FM Tablet,Atlantis Formulations Pvt Ltd,98,2027-09-22 05:57:54.879000+00:00,422,Beyond 90 Days
6a65d17eb65e7b032dc74583,Arvast CV 10 Capsule,Intas Pharmaceuticals Ltd,21,2027-09-21 23:41:58.339000+00:00,422,Beyond 90 Days
6a65d17eb65e7b032dc747e2,Bigvin-FC Injection,BestoChem Formulations  India  Ltd,144,2027-09-23 08:12:12.481000+00:00,423,Beyond 90 Days
6a65d17eb65e7b032dc747ba,Burnol Povidone Ointment,Dr. Morepen Limited,86,2027-09-23 03:06:48.395000+00:00,423,Beyond 90 Days
6a65d17eb65e7b032dc7475c,Antiba 200mg/250mg Tablet,Smilax Pharmaceuticals,94,2027-09-23 02:40:35.053000+00:00,423,Beyond 90 Days
6a65d17eb65e7b032dc7444a,Allercet-DC Tablet,Micro Labs Ltd,24,2027-09-23 08:27:05.998000+00:00,423,Beyond 90 Days
6a65d17eb65e7b032dc74455,Azithral XL 200 Liquid,Alembic Pharmaceuticals Ltd,37,2027-09-24 01:18:45.238000+00:00,424,Beyond 90 Days
6a65d17eb65e7b032dc74663,Aciden 40mg Tablet,Eden Pharmaceuticals Limited,11,2027-09-24 21:09:32.810000+00:00,425,Beyond 90 Days
6a65d17eb65e7b032dc74474,Azulix 1 MF Tablet PR,Torrent Pharmaceuticals Ltd,55,2027-09-26 01:10:13.181000+00:00,426,Beyond 90 Days
6a65d17eb65e7b032dc7441c,Aciloc 150 Tablet,Cadila Pharmaceuticals Ltd,136,2027-09-25 15:04:04.628000+00:00,426,Beyond 90 Days
6a65d17fb65e7b032dc74857,Euthyroid 25 Tablet,Akumentis Healthcare Ltd,89,2027-09-26 15:45:41.218000+00:00,427,Beyond 90 Days
6a65d17eb65e7b032dc74728,Alcid 20mg Capsule,Algen Healthcare Limited,38,2027-09-28 07:28:47.927000+00:00,428,Beyond 90 Days
6a65d17eb65e7b032dc746fc,Abdine Ointment,I.I.F.A Health Care,71,2027-09-27 16:14:48.190000+00:00,428,Beyond 90 Days
6a65d17eb65e7b032dc7455e,Altax-O 200 Tablet DT,Galpha Laboratories Ltd,31,2027-09-28 10:26:39.455000+00:00,429,Beyond 90 Days
6a65d17fb65e7b032dc74877,Healtroxin 75mcg Tablet,Healing Pharma India Pvt Ltd,90,2027-09-28 15:07:52.128000+00:00,429,Beyond 90 Days
6a65d17eb65e7b032dc745a3,Avas Gold 75mg/10mg/75mg Capsule,Micro Labs Ltd,76,2027-09-29 09:00:16.870000+00:00,429,Beyond 90 Days
6a65d17eb65e7b032dc74613,Acicheck D Capsule SR,Mackenzie Pharmaceuticals Pvt Ltd,10,2027-09-29 13:40:48.205000+00:00,430,Beyond 90 Days
6a65d17fb65e7b032dc7486c,Fregam B12 Injection,Siskan Pharma,22,2027-09-30 22:19:50.833000+00:00,431,Beyond 90 Days
6a65d17eb65e7b032dc745e3,Arofen Plus Gel,Makers Laboratories Ltd,54,2027-10-01 04:21:47.901000+00:00,431,Beyond 90 Days
6a65d17eb65e7b032dc746ea,Amizole 20 Capsule,Zephon Life Sciences,95,2027-10-01 11:31:26.273000+00:00,432,Beyond 90 Days
6a65d17eb65e7b032dc747c3,Biovorin 50mg Injection,Biochem Pharmaceutical Industries,105,2027-10-02 23:43:31.035000+00:00,433,Beyond 90 Days
6a65d17eb65e7b032dc74557,Allrite Tablet,Zydus Cadila,29,2027-10-02 23:39:21.734000+00:00,433,Beyond 90 Days
6a65d17eb65e7b032dc7477d,Asiclok 150mg Tablet,Anista Healthcare,56,2027-10-03 10:07:44.866000+00:00,434,Beyond 90 Days
6a65d17eb65e7b032dc744c7,Amaryl M Forte 1mg Tablet PR,Sanofi India  Ltd,6,2027-10-03 17:53:38.714000+00:00,434,Beyond 90 Days
6a65d17eb65e7b032dc744f5,Asthalin AX JR Expectorant,Cipla Ltd,24,2027-10-04 23:32:49.852000+00:00,435,Beyond 90 Days
6a65d17eb65e7b032dc746dd,Amerin-LS Syrup,Cista Medicorp,128,2027-10-06 19:39:47.019000+00:00,437,Beyond 90 Days
6a65d17eb65e7b032dc746c7,Andoxy 100mg Injection,Andee Lifesciences,40,2027-10-07 17:43:33.783000+00:00,438,Beyond 90 Days
6a65d17eb65e7b032dc747c4,Bacticin Ointment,Parker Robinson Pvt  Ltd,83,2027-10-08 23:16:00.444000+00:00,439,Beyond 90 Days
6a65d17eb65e7b032dc74669,Ambrolid LS Syrup,MayGriss Healthcare Pvt. Ltd,116,2027-10-09 10:55:34.337000+00:00,440,Beyond 90 Days
6a65d17eb65e7b032dc746c9,Aldezol DF Syrup,Albert David Ltd,53,2027-10-10 01:45:19.495000+00:00,440,Beyond 90 Days
6a65d17eb65e7b032dc7446e,Amlosafe 3D Tablet,Aristo Pharmaceuticals Pvt Ltd,92,2027-10-10 22:53:13.640000+00:00,441,Beyond 90 Days
6a65d17eb65e7b032dc74678,Acio Insta Powder for Oral Suspension,Bennet Pharmaceuticals Limited,68,2027-10-10 14:25:16.829000+00:00,441,Beyond 90 Days
6a65d17eb65e7b032dc74417,Azithral 500 Tablet,Alembic Pharmaceuticals Ltd,47,2027-10-11 06:00:07.426000+00:00,441,Beyond 90 Days
6a65d17eb65e7b032dc7441b,Azee 500 Tablet,Cipla Ltd,67,2027-10-11 21:27:07.701000+00:00,442,Beyond 90 Days
6a65d17eb65e7b032dc744f0,Azulix 2 Tablet,Torrent Pharmaceuticals Ltd,97,2027-10-11 14:31:20.666000+00:00,442,Beyond 90 Days
6a65d17eb65e7b032dc74471,Advent 625 Tablet,Cipla Ltd,148,2027-10-11 23:20:05.250000+00:00,442,Beyond 90 Days
6a65d17fb65e7b032dc74862,Folvite 5mg Tablet,Pfizer Ltd,148,2027-10-12 08:20:26.627000+00:00,442,Beyond 90 Days
6a65d17eb65e7b032dc744cb,Amlozaar Tablet,Micro Labs Ltd,108,2027-10-12 14:49:08.410000+00:00,443,Beyond 90 Days
6a65d17eb65e7b032dc7465c,Acidoseal 40mg Tablet,Merganzer Pharma Private Limited,128,2027-10-13 13:52:45.598000+00:00,444,Beyond 90 Days
6a65d17eb65e7b032dc745c4,Ancet 10mg Tablet,Angel Laboratories Pvt Ltd,111,2027-10-13 09:31:48.832000+00:00,444,Beyond 90 Days
6a65d17fb65e7b032dc7481c,Carnozin 75mg Tablet,Bharti Life Sciences,63,2027-10-15 00:17:37.265000+00:00,445,Beyond 90 Days
6a65d17eb65e7b032dc74656,Aldezol 400mg Tablet,Albert David Ltd,69,2027-10-14 18:09:52.094000+00:00,445,Beyond 90 Days
6a65d17eb65e7b032dc747b9,Biovorin 15 Tablet,Biochem Pharmaceutical Industries,123,2027-10-15 05:39:20.122000+00:00,445,Beyond 90 Days
6a65d17eb65e7b032dc74744,Axifer 100mg Injection,Medihealth Lifesciences Pvt. Ltd.,5,2027-10-15 17:41:55.466000+00:00,446,Beyond 90 Days
6a65d17eb65e7b032dc74513,AT SP Tablet,Atopic Laboratories,9,2027-10-16 01:27:09.147000+00:00,446,Beyond 90 Days
6a65d17eb65e7b032dc747d8,Bon-D3 Oral Drops,Spc Healthcare Private Limited,82,2027-10-16 23:57:27.751000+00:00,447,Beyond 90 Days
6a65d17eb65e7b032dc74797,Albofer 100mg Injection,Albia Biocare,10,2027-10-16 09:40:21.410000+00:00,447,Beyond 90 Days
6a65d17fb65e7b032dc7480f,Clohex Mouth Wash,Dr Reddy's Laboratories Ltd,24,2027-10-18 09:04:17.167000+00:00,448,Beyond 90 Days
6a65d17eb65e7b032dc74633,Adoxa LB Tablet,Aethicz Biolife,10,2027-10-18 22:39:32.419000+00:00,449,Beyond 90 Days
6a65d17eb65e7b032dc7448f,Ambrolite Levo Syrup,Tablets India Limited,75,2027-10-18 16:23:34.917000+00:00,449,Beyond 90 Days
6a65d17eb65e7b032dc7465a,Activa P Tablet,Zydus Healthcare Limited,60,2027-10-20 07:46:03.319000+00:00,450,Beyond 90 Days
6a65d17eb65e7b032dc74432,Asthakind-LS Expectorant Cola Sugar Free,Mankind Pharma Ltd,11,2027-10-20 06:52:15.423000+00:00,450,Beyond 90 Days
6a65d17fb65e7b032dc74875,Healtroxin 50mcg Tablet,Healing Pharma India Pvt Ltd,30,2027-10-19 17:59:00.900000+00:00,450,Beyond 90 Days
6a65d17eb65e7b032dc747fd,Bioprocin 2% Ointment,Bio Heal Remedies,34,2027-10-19 14:31:51.215000+00:00,450,Beyond 90 Days
6a65d17eb65e7b032dc74658,Alispan 10mg Tablet,Fulford India Ltd,124,2027-10-20 08:26:10.386000+00:00,450,Beyond 90 Days
6a65d17eb65e7b032dc746ac,Andox Tablet,Marc Laboratories Pvt Ltd,0,2027-10-20 04:34:02.320000+00:00,450,Beyond 90 Days
6a65d17eb65e7b032dc746a6,Acicure 20mg Capsule,Capri Pharmaceuticals,107,2027-10-19 16:44:09.573000+00:00,450,Beyond 90 Days
6a65d17eb65e7b032dc745ab,Arvast Gold 10 Capsule,Intas Pharmaceuticals Ltd,64,2027-10-20 21:49:01.567000+00:00,451,Beyond 90 Days
6a65d17fb65e7b032dc74812,CB12 Injection,Mapra Laboratories Pvt Ltd,116,2027-10-22 00:31:59.842000+00:00,452,Beyond 90 Days
6a65d17eb65e7b032dc74619,Acicare 40mg Tablet,Siochem Pharma Pvt Ltd,77,2027-10-24 05:57:01.280000+00:00,454,Beyond 90 Days
6a65d17eb65e7b032dc7466b,Ameto 500 Tablet ER,Salud Care India Pvt Ltd,43,2027-10-24 15:03:22.090000+00:00,455,Beyond 90 Days
6a65d17eb65e7b032dc74539,Alergin Cold Total Tablet,Cipla Ltd,135,2027-10-24 22:18:13.166000+00:00,455,Beyond 90 Days
6a65d17eb65e7b032dc74575,Aldo TL 40 mg/5 mg Tablet,Shine Pharmaceuticals Ltd,97,2027-10-24 19:05:31.914000+00:00,455,Beyond 90 Days
6a65d17eb65e7b032dc74664,Acnedox-LB Capsule,Shinto Organics (P) Limited,103,2027-10-24 23:09:13.317000+00:00,455,Beyond 90 Days
6a65d17eb65e7b032dc747b7,Bluglip 50mg Tablet,Blue Cross Laboratories Ltd,126,2027-10-27 01:49:12.790000+00:00,457,Beyond 90 Days
6a65d17eb65e7b032dc7474a,Acrogyl DF 400mg/500mg Tablet,Acron Pharmaceuticals,56,2027-10-26 17:06:04.110000+00:00,457,Beyond 90 Days
6a65d17eb65e7b032dc7462d,Axipan 40mg Tablet,Axis Life Science Pvt Ltd,52,2027-10-27 04:03:27.441000+00:00,457,Beyond 90 Days
6a65d17eb65e7b032dc74737,Alfadox 100mg Capsule,Betamax Remedies,117,2027-10-28 08:03:59.586000+00:00,458,Beyond 90 Days
6a65d17eb65e7b032dc746a7,Aspidol 75 Tablet,Lifecare Neuro Products Ltd,110,2027-10-28 05:12:51.801000+00:00,458,Beyond 90 Days
6a65d17eb65e7b032dc7446f,Acenext P 100mg/325mg Tablet,Cadila Pharmaceuticals Ltd,139,2027-10-27 11:57:21.233000+00:00,458,Beyond 90 Days
6a65d17eb65e7b032dc744bb,Azee XL 200mg Dry Syrup Peppermint,Cipla Ltd,59,2027-10-29 08:45:02.853000+00:00,459,Beyond 90 Days
6a65d17eb65e7b032dc747df,Bitcal-D3 Softgel Capsule,Betlif Pharmaceutical Pvt Ltd,64,2027-10-28 19:33:15.342000+00:00,459,Beyond 90 Days
6a65d17eb65e7b032dc7468a,Agelite-LS Syrup,Rekin Pharma Pvt. Ltd.,32,2027-10-29 12:19:03.723000+00:00,460,Beyond 90 Days
6a65d17eb65e7b032dc74741,Auzidob 500mg Tablet,Aurel Biolife,133,2027-10-29 12:56:42.627000+00:00,460,Beyond 90 Days
6a65d17eb65e7b032dc747de,Bio Cal-D 1000mg/200IU Tablet,Bio Drugs Laboratories Pvt Ltd,64,2027-10-31 09:02:11.760000+00:00,461,Beyond 90 Days
6a65d17eb65e7b032dc747dc,Bactisan 2% Ointment,Exsan Healthcare,9,2027-10-31 05:52:50.674000+00:00,461,Beyond 90 Days
6a65d17eb65e7b032dc7451d,Acton-OR Plus+ Tablet,Apex Laboratories Pvt Ltd,20,2027-10-30 10:21:11.606000+00:00,461,Beyond 90 Days
6a65d17eb65e7b032dc7450a,Alorti Tablet,Mohrish Pharmaceuticals,108,2027-10-30 18:07:23.002000+00:00,461,Beyond 90 Days
6a65d17eb65e7b032dc74450,Acton-OR Tablet SR,Apex Laboratories Pvt Ltd,55,2027-11-02 04:08:38.099000+00:00,463,Beyond 90 Days
6a65d17fb65e7b032dc7487c,Jink Syrup,Lincoln Pharmaceuticals Ltd,37,2027-11-01 20:31:44.693000+00:00,463,Beyond 90 Days
6a65d17eb65e7b032dc74631,Amaze 20mg Capsule,Anvik Biotech,47,2027-11-02 02:01:06.654000+00:00,463,Beyond 90 Days
6a65d17eb65e7b032dc7444f,Amlopres-AT Tablet,Cipla Ltd,52,2027-11-03 04:02:41.977000+00:00,464,Beyond 90 Days
6a65d17fb65e7b032dc74854,Euthyrox 12.5 Tablet,Merck Ltd,42,2027-11-03 05:20:26.566000+00:00,464,Beyond 90 Days
6a65d17eb65e7b032dc7452f,Arvast 20 Tablet,Intas Pharmaceuticals Ltd,70,2027-11-03 14:28:59.884000+00:00,465,Beyond 90 Days
6a65d17eb65e7b032dc7462e,Abcef O 200mg/200mg Tablet,BestoChem Formulations  India  Ltd,43,2027-11-03 16:29:33.720000+00:00,465,Beyond 90 Days
6a65d17fb65e7b032dc74804,Candid-V Gel,Glenmark Pharmaceuticals Ltd,32,2027-11-06 06:13:45.242000+00:00,467,Beyond 90 Days
6a65d17eb65e7b032dc7448d,Aciloc Injection,Cadila Pharmaceuticals Ltd,82,2027-11-05 22:48:07.717000+00:00,467,Beyond 90 Days
6a65d17eb65e7b032dc7473b,Arofil 0.2% Mouth Wash,Symbiosis Pharmaceuticals Pvt Ltd,38,2027-11-06 06:52:21.746000+00:00,467,Beyond 90 Days
6a65d17eb65e7b032dc747ee,Biosulin 30/70 100IU/ml Injection,Innova Life Sciences Private Limited,105,2027-11-07 04:45:15.061000+00:00,468,Beyond 90 Days
6a65d17eb65e7b032dc74635,Arvast 15 Tablet,Intas Pharmaceuticals Ltd,33,2027-11-06 23:33:58.553000+00:00,468,Beyond 90 Days
6a65d17eb65e7b032dc745e6,Advastat 20 Tablet,Fusion Healthcare Pvt Ltd,97,2027-11-07 10:27:14.554000+00:00,469,Beyond 90 Days
6a65d17eb65e7b032dc74638,Acebid SP Tablet,Shield Health Care Pvt Ltd,88,2027-11-08 19:01:53.989000+00:00,470,Beyond 90 Days
6a65d17eb65e7b032dc74777,Avakill Lotion,Avalanche Pharmaceuticals,47,2027-11-09 21:38:45.707000+00:00,471,Beyond 90 Days
6a65d17eb65e7b032dc7466e,Avodox 100mg Capsule,Avonic Life Sciences,60,2027-11-11 10:52:34.846000+00:00,473,Beyond 90 Days
6a65d17eb65e7b032dc745c0,Aphexine 200mg Tablet,Ajanta Pharma Ltd,59,2027-11-11 21:38:05.219000+00:00,473,Beyond 90 Days
6a65d17eb65e7b032dc745e4,Almetfor 500mg Tablet,Alkem Laboratories Ltd,148,2027-11-11 18:18:43.850000+00:00,473,Beyond 90 Days
6a65d17eb65e7b032dc74511,Azusa T 8/40 Tablet,Ajanta Pharma Ltd,73,2027-11-12 17:12:54.805000+00:00,474,Beyond 90 Days
6a65d17eb65e7b032dc7445f,Aztor 40 Tablet,Sun Pharmaceutical Industries Ltd,56,2027-11-13 08:40:03.441000+00:00,474,Beyond 90 Days
6a65d17eb65e7b032dc74532,Arorab HD 30mg/40mg Capsule SR,Aareen Healthcare Pvt Ltd,85,2027-11-13 10:07:25.662000+00:00,475,Beyond 90 Days
6a65d17eb65e7b032dc744f6,Acegrow 3D Tablet,Foregen Healthcare Ltd,118,2027-11-14 02:53:54.588000+00:00,475,Beyond 90 Days
6a65d17eb65e7b032dc74779,Acibloc 150mg Tablet,Marc Laboratories Pvt Ltd,21,2027-11-14 08:16:49.743000+00:00,475,Beyond 90 Days
6a65d17eb65e7b032dc74551,Arreno Capsule ER,Intas Pharmaceuticals Ltd,76,2027-11-14 03:19:55.229000+00:00,475,Beyond 90 Days
6a65d17eb65e7b032dc7453a,Alerfri SF 650 mg/60 mg/2.5 mg Tablet,Navil Laboratories Pvt Ltd,126,2027-11-14 02:03:22.934000+00:00,475,Beyond 90 Days
6a65d17fb65e7b032dc74889,Sunheal Pure Cream,Alkem Laboratories Ltd,113,2027-11-15 03:04:33.184000+00:00,476,Beyond 90 Days
6a65d17eb65e7b032dc746ec,Acvilda 50mg Tablet,Acmedix Pharma LLP,97,2027-11-15 12:56:30.762000+00:00,477,Beyond 90 Days
6a65d17eb65e7b032dc74748,Aconred 5 Injection,Aconwell Pharma Pvt Ltd,32,2027-11-16 06:03:45.063000+00:00,477,Beyond 90 Days
6a65d17eb65e7b032dc744c6,Alcet 5mg Tablet,Prism Life Sciences Ltd,32,2027-11-15 19:52:02.517000+00:00,477,Beyond 90 Days
6a65d17eb65e7b032dc74766,Allerpar Tablet,Paripurna Healthcare,131,2027-11-16 19:19:39.825000+00:00,478,Beyond 90 Days
6a65d17eb65e7b032dc74780,Anogyl 400mg Tablet,Anoco Pharmaceuticals India Pvt Ltd,60,2027-11-17 03:28:37.090000+00:00,478,Beyond 90 Days
6a65d17eb65e7b032dc7477f,Ansurose 20mg Injection,Ancalima Lifesciences Ltd,61,2027-11-17 15:05:42.829000+00:00,479,Beyond 90 Days
6a65d17fb65e7b032dc74878,IZinc Oral Suspension,Asterism Pharmaceuticals Pvt  Ltd,61,2027-11-18 00:02:12.084000+00:00,479,Beyond 90 Days
6a65d17eb65e7b032dc7455d,Abmont 3D 10mg/120mg/200mg Tablet,Matrixx Formulation,133,2027-11-18 20:46:31.643000+00:00,480,Beyond 90 Days
6a65d17fb65e7b032dc74817,Candid Gold Cream,Glenmark Pharmaceuticals Ltd,132,2027-11-18 10:02:44.378000+00:00,480,Beyond 90 Days
6a65d17eb65e7b032dc74523,Advastat 10 Tablet,Fusion Healthcare Pvt Ltd,123,2027-11-19 01:13:17.238000+00:00,480,Beyond 90 Days
6a65d17eb65e7b032dc74632,Alkali-P Tablet,Entrust Healthcare Pvt Ltd,20,2027-11-19 09:34:12.695000+00:00,481,Beyond 90 Days
6a65d17eb65e7b032dc74646,Arvast CV 20mg/75mg Capsule,Intas Pharmaceuticals Ltd,81,2027-11-19 22:57:22.518000+00:00,481,Beyond 90 Days
6a65d17fb65e7b032dc74887,Suncros Soft 2% Cream,Sun Pharmaceutical Industries Ltd,58,2027-11-19 17:22:34.726000+00:00,481,Beyond 90 Days
6a65d17eb65e7b032dc7461d,Alnamet Myo 500mg/600mg Tablet,Alna Biotech Pvt Ltd,24,2027-11-21 12:20:55.495000+00:00,483,Beyond 90 Days
6a65d17eb65e7b032dc7477e,Aviron 50mg Injection,Arvincare Pharma,22,2027-11-21 20:53:51.123000+00:00,483,Beyond 90 Days
6a65d17eb65e7b032dc747c0,B Muce Ointment,Biochem Pharmaceutical Industries,37,2027-11-22 02:08:24.201000+00:00,483,Beyond 90 Days
6a65d17eb65e7b032dc74512,Atchol Gold 10 Capsule,Aristo Pharmaceuticals Pvt Ltd,34,2027-11-21 20:11:03.544000+00:00,483,Beyond 90 Days
6a65d17eb65e7b032dc74444,Acenac-P  Tablet,Medley Pharmaceuticals,125,2027-11-23 06:55:49.043000+00:00,484,Beyond 90 Days
6a65d17eb65e7b032dc744fc,Atormac Gold 10 Capsule,Macleods Pharmaceuticals Pvt Ltd,15,2027-11-23 07:47:02.718000+00:00,484,Beyond 90 Days
6a65d17eb65e7b032dc74731,Amezole 20mg Capsule,B L Pharma Limited,104,2027-11-23 08:11:58.600000+00:00,484,Beyond 90 Days
6a65d17fb65e7b032dc74851,Equisulin-M 30 100IU/ml,Koye Pharmaceuticals Pvt ltd,147,2027-11-23 13:33:22.351000+00:00,485,Beyond 90 Days
6a65d17eb65e7b032dc7471e,Ambrocof-LS Expectorant,Care Formulation Labs Pvt Ltd,67,2027-11-24 07:49:26.169000+00:00,485,Beyond 90 Days
6a65d17eb65e7b032dc747d9,Bactofast Ointment,Grefith Life Sciences Pvt Ltd,132,2027-11-24 07:29:27.472000+00:00,485,Beyond 90 Days
6a65d17eb65e7b032dc74442,Alerid Tablet,Cipla Ltd,51,2027-11-24 06:11:09.649000+00:00,485,Beyond 90 Days
6a65d17eb65e7b032dc7448b,Amlogard 5mg Tablet,Pfizer Ltd,51,2027-11-25 23:23:40.271000+00:00,487,Beyond 90 Days
6a65d17eb65e7b032dc745c3,A Doxid L 100mg Capsule,Eskon Pharma,134,2027-11-26 18:48:04.273000+00:00,488,Beyond 90 Days
6a65d17eb65e7b032dc7443f,Ambrodil Syrup,Aristo Pharmaceuticals Pvt Ltd,117,2027-11-27 04:49:40.248000+00:00,488,Beyond 90 Days
6a65d17eb65e7b032dc744ed,Alzero M Tablet,Indchemie Health Specialities Pvt Ltd,33,2027-11-26 13:28:21.405000+00:00,488,Beyond 90 Days
6a65d17eb65e7b032dc74794,Ascospey 1500mg Injection,Strathspey Labs Pvt Ltd,0,2027-11-26 20:16:09.249000+00:00,488,Beyond 90 Days
6a65d17eb65e7b032dc74519,Adiflam Plus 400 mg/500 mg Tablet,Leben Life Sciences Pvt Ltd,105,2027-11-26 21:57:14.342000+00:00,488,Beyond 90 Days
6a65d17eb65e7b032dc74488,Amlong 2.5 Tablet,Micro Labs Ltd,15,2027-11-27 21:46:14.805000+00:00,489,Beyond 90 Days
6a65d17eb65e7b032dc745b1,Adol 200mg Tablet,Legend Advanced Biomedicinals,61,2027-11-27 20:59:48.402000+00:00,489,Beyond 90 Days
6a65d17eb65e7b032dc746b7,Ariba 20mg Tablet,Grapple Life Sciences Pvt Ltd,100,2027-11-27 18:47:08.864000+00:00,489,Beyond 90 Days
6a65d17eb65e7b032dc745e8,Aphexine O 200mg/200mg Tablet,Ajanta Pharma Ltd,15,2027-11-28 21:11:10.601000+00:00,490,Beyond 90 Days
6a65d17eb65e7b032dc74572,Amlokind TM 40mg/5mg Tablet,Mankind Pharma Ltd,53,2027-11-29 02:53:29.300000+00:00,490,Beyond 90 Days
6a65d17eb65e7b032dc7453b,Acera 20 Capsule,Ipca Laboratories Ltd,86,2027-11-29 23:18:24.475000+00:00,491,Beyond 90 Days
6a65d17eb65e7b032dc746d6,Acevilda M 500mg/50mg Tablet,Mattox Healthcare Pvt Ltd,100,2027-11-30 03:26:03.374000+00:00,491,Beyond 90 Days
6a65d17eb65e7b032dc746d4,Albodyne M Ointment,Albia Biocare,36,2027-12-01 00:04:26.795000+00:00,492,Beyond 90 Days
6a65d17eb65e7b032dc74552,Apriglim-MV 2 Tablet SR,Aprica Pharmaceuticals Pvt Ltd,20,2027-12-02 07:05:53.107000+00:00,493,Beyond 90 Days
6a65d17eb65e7b032dc7478b,A-Win 5 Injection,Asterisk Laboratories India Pvt Ltd,65,2027-12-02 07:09:53.595000+00:00,493,Beyond 90 Days
6a65d17eb65e7b032dc7473e,Asv-Zol 20 Tablet,Asvins Lifecare,28,2027-12-02 04:30:11.689000+00:00,493,Beyond 90 Days
6a65d17eb65e7b032dc7452d,Augmexin Gel,Nextgen Healthcare,140,2027-12-02 09:32:47.484000+00:00,494,Beyond 90 Days
6a65d17eb65e7b032dc74449,Acemiz-S Tablet,Lupin Ltd,38,2027-12-03 08:05:49.018000+00:00,494,Beyond 90 Days
6a65d17eb65e7b032dc747e5,Biofresh 0.2% Mouth Wash,Caddes Life Sciences,78,2027-12-02 20:43:11.210000+00:00,494,Beyond 90 Days
6a65d17eb65e7b032dc746e8,Acerab 20mg Tablet,Park Pharmaceuticals,11,2027-12-03 23:09:33.240000+00:00,495,Beyond 90 Days
6a65d17eb65e7b032dc74479,Atorfit CV 10 Capsule,Ajanta Pharma Ltd,41,2027-12-03 15:28:57.149000+00:00,495,Beyond 90 Days
6a65d17eb65e7b032dc7472e,Adgril Tablet,Aretaeus Pharmaceuticals,75,2027-12-03 21:00:14.278000+00:00,495,Beyond 90 Days
6a65d17eb65e7b032dc746f4,Abetabact Ointment,Abetar Healthcare,69,2027-12-07 14:48:58.745000+00:00,499,Beyond 90 Days
6a65d17eb65e7b032dc74655,Adrovit Z Syrup,Adley Formulations,77,2027-12-07 21:18:56.410000+00:00,499,Beyond 90 Days
6a65d17eb65e7b032dc744f4,Alaspan AG Syrup,Fulford India Ltd,51,2027-12-09 00:28:00.614000+00:00,500,Beyond 90 Days
6a65d17eb65e7b032dc7472d,Antidol Kid Tablet,Omega Pharmaceuticals Pvt Ltd,41,2027-12-10 01:28:02.072000+00:00,501,Beyond 90 Days
6a65d17fb65e7b032dc7485b,Ecovilda 50mg Tablet,Curewin Hylico Pharma Pvt Ltd,82,2027-12-09 20:08:22.654000+00:00,501,Beyond 90 Days
6a65d17eb65e7b032dc746b9,Aktilor 5mg Tablet,Aktis Pharma India Pvt Ltd,57,2027-12-10 03:06:21.393000+00:00,501,Beyond 90 Days
6a65d17eb65e7b032dc74483,Augmentin ES Oral Suspension,Glaxo SmithKline Pharmaceuticals Ltd,59,2027-12-10 21:35:50.693000+00:00,502,Beyond 90 Days
6a65d17eb65e7b032dc746e4,Ag-Bact Ointment,Algen Healthcare Limited,106,2027-12-11 02:57:43.741000+00:00,502,Beyond 90 Days
6a65d17eb65e7b032dc744b2,Advanced LCF Kid Expectorant,Lupin Ltd,63,2027-12-11 11:32:30.858000+00:00,503,Beyond 90 Days
6a65d17eb65e7b032dc74705,Actimol F Tablet,Pharmed Ltd,43,2027-12-11 09:28:02.076000+00:00,503,Beyond 90 Days
6a65d17fb65e7b032dc74838,Dpvil 50mg Tablet,Azkka Pharmaceuticals Pvt Ltd,23,2027-12-11 15:30:58.703000+00:00,503,Beyond 90 Days
6a65d17eb65e7b032dc7445e,Amlodac 5 Tablet,Zydus Cadila,112,2027-12-12 05:46:02.097000+00:00,503,Beyond 90 Days
6a65d17fb65e7b032dc74867,Folizee 5mg Tablet,Zeelab Pharmacy Pvt Ltd,96,2027-12-12 23:34:19.378000+00:00,504,Beyond 90 Days
6a65d17eb65e7b032dc747e8,Best Dee 3 Oral Solution (5ml Each) Delicious Sugar Free,Best Biotech,70,2027-12-12 14:56:47.998000+00:00,504,Beyond 90 Days
6a65d17eb65e7b032dc746fb,Ancid 150mg Tablet,Pifer Pharmaceuticals Pvt Ltd,37,2027-12-13 03:50:43.828000+00:00,504,Beyond 90 Days
6a65d17eb65e7b032dc74573,Aciban DSR Capsule,Cadila Pharmaceuticals Ltd,97,2027-12-14 19:03:19.687000+00:00,506,Beyond 90 Days
6a65d17eb65e7b032dc745ce,Alexcet 10mg Tablet,Glenmark Pharmaceuticals Ltd,26,2027-12-14 10:25:38.311000+00:00,506,Beyond 90 Days
6a65d17eb65e7b032dc74716,Adbrox LS Syrup,Aden Healthcare,46,2027-12-15 06:51:11.675000+00:00,506,Beyond 90 Days
6a65d17eb65e7b032dc746a5,Anefol XT Injection,Mac Millon Pharmaceuticals Pvt Ltd,138,2027-12-15 16:47:32.013000+00:00,507,Beyond 90 Days
6a65d17eb65e7b032dc747bf,Biodoxi 100 Tablet,Biochem Pharmaceutical Industries,104,2027-12-16 05:25:08.655000+00:00,507,Beyond 90 Days
6a65d17eb65e7b032dc74482,Aztor Asp 75 Capsule,Sun Pharmaceutical Industries Ltd,102,2027-12-15 22:37:10.524000+00:00,507,Beyond 90 Days
6a65d17eb65e7b032dc7447a,Amtas 5 Tablet,Intas Pharmaceuticals Ltd,48,2027-12-17 03:47:45.944000+00:00,508,Beyond 90 Days
6a65d17eb65e7b032dc745d3,Afix 200mg Tablet,Alpic Biotech Ltd,118,2027-12-17 21:56:40.344000+00:00,509,Beyond 90 Days
6a65d17eb65e7b032dc74687,Acefen Gel,Salud Care India Pvt Ltd,56,2027-12-17 13:50:08.460000+00:00,509,Beyond 90 Days
6a65d17eb65e7b032dc74576,Alsera D 50 mg/10 mg Tablet,Alkem Laboratories Ltd,76,2027-12-19 00:21:33.089000+00:00,510,Beyond 90 Days
6a65d17eb65e7b032dc746f0,Aerotide Inhaler,Sun Pharmaceutical Industries Ltd,40,2027-12-18 22:18:55.714000+00:00,510,Beyond 90 Days
6a65d17eb65e7b032dc7461c,AIG 20mg Capsule,Pharmacopius Drugs Pvt Ltd,131,2027-12-18 13:26:48.826000+00:00,510,Beyond 90 Days
6a65d17eb65e7b032dc7460e,Absopan 40mg Tablet,Jupiter Biolabs Pvt Ltd,17,2027-12-18 22:12:26.213000+00:00,510,Beyond 90 Days
6a65d17eb65e7b032dc745c2,Accurate 10 mg/150 mg Tablet,Dew Drops Lab,133,2027-12-20 19:31:08.218000+00:00,512,Beyond 90 Days
6a65d17fb65e7b032dc7484c,Eldervita 12 Injection Combipack,Elder Projects Ltd,27,2027-12-21 08:44:25.171000+00:00,512,Beyond 90 Days
6a65d17eb65e7b032dc74553,Asomex-TM 5 Tablet,Emcure Pharmaceuticals Ltd,59,2027-12-21 10:28:43.700000+00:00,513,Beyond 90 Days
6a65d17eb65e7b032dc74760,Adcob 100mg Injection,Kinedex Healthcare Pvt Ltd,94,2027-12-21 10:21:37.268000+00:00,513,Beyond 90 Days
6a65d17fb65e7b032dc74866,Folistar Soft Gelatin Capsule,Triton Healthcare Pvt Ltd,120,2027-12-22 05:53:15.933000+00:00,513,Beyond 90 Days
6a65d17eb65e7b032dc7470a,Ameto 1000 Tablet ER,Salud Care India Pvt Ltd,136,2027-12-23 01:08:53.910000+00:00,514,Beyond 90 Days
6a65d17eb65e7b032dc7477a,Axigrel 75mg Tablet,Axis Life Science Pvt Ltd,80,2027-12-23 09:01:16.461000+00:00,514,Beyond 90 Days
6a65d17eb65e7b032dc746d9,Aciflux 20 mg/150 mg Capsule,S H Pharmaceuticals Ltd,73,2027-12-22 12:46:59.181000+00:00,514,Beyond 90 Days
6a65d17fb65e7b032dc7481d,Cool Burn Cream,Rishab Healthcare pvt. Ltd.,35,2027-12-24 01:43:25.143000+00:00,515,Beyond 90 Days
6a65d17eb65e7b032dc745e0,Azfex M 120mg/10mg Tablet,Azkka Pharmaceuticals Pvt Ltd,113,2027-12-24 01:25:05.412000+00:00,515,Beyond 90 Days
6a65d17fb65e7b032dc7483b,Dippivi 50 Tablet,Jubilant Life Sciences,55,2027-12-23 17:59:04.434000+00:00,515,Beyond 90 Days
6a65d17eb65e7b032dc74492,Atorva 80 Tablet,Zydus Cadila,98,2027-12-24 03:06:33.203000+00:00,515,Beyond 90 Days
6a65d17eb65e7b032dc74589,Actidol-DP Tablet,Obsurge Biotech Ltd,137,2027-12-25 07:10:17.476000+00:00,516,Beyond 90 Days
6a65d17eb65e7b032dc74486,Amlong-A Tablet,Micro Labs Ltd,112,2027-12-24 15:53:12.894000+00:00,516,Beyond 90 Days
6a65d17eb65e7b032dc7457c,Akem Tablet DT,Medoz Pharmaceutical Pvt. Ltd,80,2027-12-27 01:33:06+00:00,518,Beyond 90 Days
6a65d17eb65e7b032dc747d2,Bricarex D 30mg/5ml Expectorant,Biochem Pharmaceutical Industries,128,2027-12-27 11:25:14.191000+00:00,519,Beyond 90 Days
6a65d17eb65e7b032dc74668,Ascovit C 1500mg Injection,Novo Medi Sciences Pvt Ltd,124,2027-12-29 06:16:26.483000+00:00,520,Beyond 90 Days
6a65d17eb65e7b032dc74740,Awnaron 4mg Tablet,Shawn & Co,104,2027-12-29 19:19:49.421000+00:00,521,Beyond 90 Days
6a65d17eb65e7b032dc74729,Antiplatt Tablet,Troikaa Pharmaceuticals Ltd,31,2027-12-29 21:01:18.019000+00:00,521,Beyond 90 Days
6a65d17fb65e7b032dc74859,Eldoviptin 50mg Tablet,El-Dorado Bio-Tech Pvt Ltd,113,2027-12-29 22:41:22.592000+00:00,521,Beyond 90 Days
6a65d17eb65e7b032dc74611,Aroxim 200mg Tablet,Aronex Life Sciences Pvt Ltd,143,2027-12-29 22:07:45.900000+00:00,521,Beyond 90 Days
6a65d17eb65e7b032dc7468f,Aldase OD 100 mg/30 mg Tablet,Lincoln Pharmaceuticals Ltd,105,2027-12-30 09:56:10.309000+00:00,522,Beyond 90 Days
6a65d17eb65e7b032dc74431,Atorva Tablet,Zydus Cadila,141,2027-12-30 12:10:30.548000+00:00,522,Beyond 90 Days
6a65d17eb65e7b032dc74435,Amlokind 5 Tablet,Mankind Pharma Ltd,134,2027-12-30 16:42:42.673000+00:00,522,Beyond 90 Days
6a65d17eb65e7b032dc74755,Asthavil Tablet,Vilco Laboratories Pvt Ltd,101,2027-12-31 18:06:57.917000+00:00,523,Beyond 90 Days
6a65d17eb65e7b032dc745ae,Advog M 0.3 Plus Tablet,Eris Lifesciences Ltd,147,2027-12-31 13:46:46.573000+00:00,523,Beyond 90 Days
6a65d17eb65e7b032dc7450f,Azulix MV 2/0.2 Tablet SR,Torrent Pharmaceuticals Ltd,93,2028-01-01 09:48:33.118000+00:00,524,Beyond 90 Days
6a65d17eb65e7b032dc74496,Augpen -DS Suspension,Zuventus Healthcare Ltd,20,2028-01-02 10:42:30.506000+00:00,525,Beyond 90 Days
6a65d17fb65e7b032dc7487e,Limcor Chewable Tablet Orange,Rivan Pharma,149,2028-01-03 05:39:27.145000+00:00,525,Beyond 90 Days
6a65d17eb65e7b032dc747eb,Brodil D 30mg/5ml Syrup,Vanguard Therapeutics Pvt Ltd,52,2028-01-02 17:56:47.476000+00:00,525,Beyond 90 Days
6a65d17eb65e7b032dc7466d,Actinic D3 Nano Shots (5ml Each) Orange Flavour Sugar Free,Maxis Healthcare,117,2028-01-02 17:34:41.005000+00:00,525,Beyond 90 Days
6a65d17eb65e7b032dc7449d,Aztolet  20 Tablet,Sun Pharmaceutical Industries Ltd,60,2028-01-04 05:43:51.484000+00:00,526,Beyond 90 Days
6a65d17fb65e7b032dc74860,Ezithyx 75mcg Tablet,DR Best pharmaceuticals Pvt Ltd,138,2028-01-03 13:18:29.215000+00:00,526,Beyond 90 Days
6a65d17eb65e7b032dc74764,Ansecare 4mg Tablet MD,Evershine Lifesciences Pvt Ltd,33,2028-01-04 11:54:28.110000+00:00,527,Beyond 90 Days
6a65d17eb65e7b032dc7479b,Avimet 100mg Oral Suspension,Moraceae Pharmaceuticals Pvt Ltd,86,2028-01-05 09:37:46.894000+00:00,528,Beyond 90 Days
6a65d17eb65e7b032dc7479f,Arisors S 100mg Injection,Ethyrial Pharmaceuticals,59,2028-01-05 14:05:21.467000+00:00,528,Beyond 90 Days
6a65d17eb65e7b032dc74503,Allerkast LC Tablet,Lupin Ltd,106,2028-01-06 13:19:00.934000+00:00,529,Beyond 90 Days
6a65d17eb65e7b032dc7474b,Atocip  TZ 500mg/600mg Tablet,A To Z Pharmaceuticals Pvt Ltd,121,2028-01-06 12:12:58.299000+00:00,529,Beyond 90 Days
6a65d17eb65e7b032dc74469,Almox-CV 625 Tablet,Cachet Pharmaceuticals Pvt Ltd,122,2028-01-08 19:36:51.559000+00:00,531,Beyond 90 Days
6a65d17eb65e7b032dc74427,Arachitol 6L Injection,Abbott,143,2028-01-09 01:43:40.037000+00:00,531,Beyond 90 Days
6a65d17eb65e7b032dc74709,Angiset 4mg Tablet MD,Angiolife Healthcare Pvt Ltd,42,2028-01-10 06:04:55.015000+00:00,532,Beyond 90 Days
6a65d17eb65e7b032dc744fb,Aspirin 300mg Tablet,Bini Laboratories Pvt Ltd,92,2028-01-10 02:37:16.111000+00:00,532,Beyond 90 Days
6a65d17eb65e7b032dc7463a,Alltide D 5mg Tablet,Eumedica Pharmaceuticals,88,2028-01-09 12:51:55.004000+00:00,532,Beyond 90 Days
6a65d17eb65e7b032dc7454f,Advastat CV 10 Capsule,Fusion Healthcare Pvt Ltd,147,2028-01-09 16:16:19.584000+00:00,532,Beyond 90 Days
6a65d17eb65e7b032dc7453d,Aciban 20 Tablet,Cadila Pharmaceuticals Ltd,7,2028-01-11 09:59:00.167000+00:00,534,Beyond 90 Days
6a65d17eb65e7b032dc744e6,Atchol-ASP Capsule,Aristo Pharmaceuticals Pvt Ltd,144,2028-01-11 10:21:49.955000+00:00,534,Beyond 90 Days
6a65d17eb65e7b032dc745e7,Alidox LB 100mg Tablet,Allien Pharmaceuticals,44,2028-01-13 15:06:57.438000+00:00,536,Beyond 90 Days
6a65d17eb65e7b032dc745ee,Almont FX 10mg/120mg Tablet,Unicure Remedies Pvt  Ltd,97,2028-01-14 11:09:36.411000+00:00,537,Beyond 90 Days
6a65d17fb65e7b032dc74853,Eglucent Mix 50 Kwikpen 100IU/ml,Lupin Ltd,25,2028-01-15 07:19:34.529000+00:00,537,Beyond 90 Days
6a65d17eb65e7b032dc74481,Almox 250 Capsule,Alkem Laboratories Ltd,9,2028-01-15 11:08:38.351000+00:00,538,Beyond 90 Days
6a65d17eb65e7b032dc745f2,Activa Plus Tablet,Zydus Cadila,12,2028-01-16 08:53:52.191000+00:00,538,Beyond 90 Days
6a65d17eb65e7b032dc744a2,Alex Cough Lozenges Sugar Free,Glenmark Pharmaceuticals Ltd,146,2028-01-16 11:45:29.917000+00:00,539,Beyond 90 Days
6a65d17eb65e7b032dc747b4,Bonecart-D3 Capsule,Alcott Healthcare Pvt Ltd,79,2028-01-16 19:52:16.130000+00:00,539,Beyond 90 Days
6a65d17eb65e7b032dc747e3,Brobact 2% Ointment,Icarus Healthcare Pvt Ltd,94,2028-01-17 15:04:37.339000+00:00,540,Beyond 90 Days
6a65d17eb65e7b032dc747f4,Boost-CEE Injection,Flagship Biotech International,73,2028-01-17 23:27:42.821000+00:00,540,Beyond 90 Days
6a65d17fb65e7b032dc7480c,Clostar-Gm Cream,Mankind Pharma Ltd,88,2028-01-19 08:43:33.790000+00:00,541,Beyond 90 Days
6a65d17eb65e7b032dc747da,Biosulin 30/70 40IU/ml Injection,Innova Life Sciences Private Limited,90,2028-01-18 09:38:22.367000+00:00,541,Beyond 90 Days
6a65d17fb65e7b032dc74831,D Tus Syrup,Med Manor Organics Pvt Ltd,129,2028-01-19 15:06:33.931000+00:00,542,Beyond 90 Days
6a65d17fb65e7b032dc7484d,Eltroxin 88mcg Tablet,Glaxo SmithKline Pharmaceuticals Ltd,117,2028-01-20 00:16:15.322000+00:00,542,Beyond 90 Days
6a65d17eb65e7b032dc74434,AF Kit Tablet,Systopic Laboratories Pvt Ltd,87,2028-01-20 05:15:35.107000+00:00,542,Beyond 90 Days
6a65d17eb65e7b032dc74686,Avi 40mg Tablet,Auroswift Pharma,27,2028-01-20 17:00:36.170000+00:00,543,Beyond 90 Days
6a65d17eb65e7b032dc74425,Amlokind-AT Tablet,Mankind Pharma Ltd,47,2028-01-20 19:55:59.886000+00:00,543,Beyond 90 Days
6a65d17eb65e7b032dc745b6,Amcard-LP Tablet,Systopic Laboratories Pvt Ltd,92,2028-01-21 20:13:26.043000+00:00,544,Beyond 90 Days
6a65d17eb65e7b032dc744a3,Amlosafe-AT Tablet,Aristo Pharmaceuticals Pvt Ltd,121,2028-01-21 23:49:26.513000+00:00,544,Beyond 90 Days
6a65d17fb65e7b032dc7481f,Consegna 30/70 Injection,Wockhardt Ltd,119,2028-01-22 00:03:26.603000+00:00,544,Beyond 90 Days
6a65d17eb65e7b032dc74641,Athrovas ASP 10mg/75mg Capsule,Oldmed Healthcare Pvt Ltd,111,2028-01-22 02:24:28.754000+00:00,544,Beyond 90 Days
6a65d17fb65e7b032dc7485e,Euroglipt 50mg Tablet,Efrosine Healthcare Private Limited,37,2028-01-21 20:26:28.814000+00:00,544,Beyond 90 Days
6a65d17eb65e7b032dc744ef,Arbitel-CT 40 Tablet,Micro Labs Ltd,12,2028-01-24 16:21:56.655000+00:00,547,Beyond 90 Days
6a65d17eb65e7b032dc747ae,Betadine 5% Ointment,Win-Medicare Pvt Ltd,140,2028-01-25 05:42:21.923000+00:00,547,Beyond 90 Days
6a65d17eb65e7b032dc7449c,Aerodil SF Expectorant,Zydus Cadila,65,2028-01-26 00:24:14.392000+00:00,548,Beyond 90 Days
6a65d17eb65e7b032dc74743,Avocip 500mg Tablet,Avonic Life Sciences,36,2028-01-25 20:28:48.973000+00:00,548,Beyond 90 Days
6a65d17eb65e7b032dc74420,Altraday Capsule SR,Sun Pharmaceutical Industries Ltd,147,2028-01-26 12:01:36.115000+00:00,549,Beyond 90 Days
6a65d17fb65e7b032dc7481a,CZ 360 Chewable Tablet Orange,FDC Ltd,37,2028-01-26 20:40:56.327000+00:00,549,Beyond 90 Days
6a65d17eb65e7b032dc7448c,Amaryl MV 1mg Tablet SR,Sanofi India  Ltd,63,2028-01-29 07:58:44.437000+00:00,551,Beyond 90 Days
6a65d17eb65e7b032dc746bc,Albuvit-Fe Tablet,Cellic Healthcare Pvt Ltd,134,2028-01-30 00:21:36.299000+00:00,552,Beyond 90 Days
6a65d17fb65e7b032dc74873,HI ZN Syrup,Halcyon Drugs,148,2028-01-29 20:01:47.269000+00:00,552,Beyond 90 Days
6a65d17eb65e7b032dc7460a,AIG D 10mg/20mg Capsule,Pharmacopius Drugs Pvt Ltd,11,2028-01-30 08:15:06.472000+00:00,552,Beyond 90 Days
6a65d17eb65e7b032dc747f5,Biovilda 50mg Tablet,Bios Lab,48,2028-01-29 18:44:50.003000+00:00,552,Beyond 90 Days
6a65d17eb65e7b032dc747ac,Betadine Vaginal Pessaries,Win-Medicare Pvt Ltd,36,2028-01-29 10:43:23.949000+00:00,552,Beyond 90 Days
6a65d17eb65e7b032dc7444b,Aztolet  10 Tablet,Sun Pharmaceutical Industries Ltd,81,2028-01-29 11:58:44.655000+00:00,552,Beyond 90 Days
6a65d17eb65e7b032dc744e4,Atorlip Gold 20 Capsule,Cipla Ltd,83,2028-01-29 10:26:25.843000+00:00,552,Beyond 90 Days
6a65d17eb65e7b032dc74543,Alkem Cold Suspension,Alkem Laboratories Ltd,138,2028-01-30 16:12:21.865000+00:00,553,Beyond 90 Days
6a65d17eb65e7b032dc745c9,Aspan-DSR Capsule,Aspire Remedies,137,2028-01-30 10:34:45.136000+00:00,553,Beyond 90 Days
6a65d17eb65e7b032dc745ef,Arcopan D 10mg/40mg Tablet,General Pharmaceuticals Pvt Ltd,147,2028-01-31 00:46:33.264000+00:00,553,Beyond 90 Days
6a65d17eb65e7b032dc74579,Amcold 5 mg/60 mg Tablet,Cipla Ltd,16,2028-01-30 15:50:56.779000+00:00,553,Beyond 90 Days
6a65d17eb65e7b032dc74720,Alorex A Cream,Maneesh Pharmaceuticals Ltd,145,2028-01-31 00:33:00.949000+00:00,553,Beyond 90 Days
6a65d17eb65e7b032dc747ca,Bacigyl-N Suspension,Aristo Pharmaceuticals Pvt Ltd,20,2028-01-31 02:17:46.033000+00:00,553,Beyond 90 Days
6a65d17eb65e7b032dc74426,Aldigesic P 100mg/325mg Tablet,Alkem Laboratories Ltd,84,2028-01-31 14:03:30.353000+00:00,554,Beyond 90 Days
6a65d17eb65e7b032dc74628,Ark 75mg Tablet,Apex Laboratories Pvt Ltd,86,2028-02-01 12:10:21.386000+00:00,555,Beyond 90 Days
6a65d17eb65e7b032dc744d4,Azulix 2 MF Forte Tablet PR,Torrent Pharmaceuticals Ltd,141,2028-02-01 20:18:11.021000+00:00,555,Beyond 90 Days
6a65d17eb65e7b032dc74433,Ascoril LS Drops,Glenmark Pharmaceuticals Ltd,123,2028-02-01 22:46:24.144000+00:00,555,Beyond 90 Days
6a65d17eb65e7b032dc74776,Adzocal Tablet,ADZO Lifesciences Pvt Ltd,13,2028-02-02 18:56:40.533000+00:00,556,Beyond 90 Days
6a65d17eb65e7b032dc744bd,Aceflam P 100mg/325mg Tablet,Micro Labs Ltd,81,2028-02-02 17:54:17.791000+00:00,556,Beyond 90 Days
6a65d17fb65e7b032dc7488e,Tedyzin Syrup Mango,Insutik pharmaceuticals Private Limited,44,2028-02-03 23:42:54.169000+00:00,557,Beyond 90 Days
6a65d17eb65e7b032dc74574,Amlong-Trio Tablet,Micro Labs Ltd,10,2028-02-03 14:53:17.217000+00:00,557,Beyond 90 Days
6a65d17eb65e7b032dc74653,Arvast 30 Tablet,Intas Pharmaceuticals Ltd,5,2028-02-03 23:18:26.083000+00:00,557,Beyond 90 Days
6a65d17eb65e7b032dc74534,Asert D Tablet ER,Abbott,100,2028-02-03 15:45:51.248000+00:00,557,Beyond 90 Days
6a65d17eb65e7b032dc7475a,Aftron S 100 Injection,Astraea Life Sciences Pvt Ltd,116,2028-02-04 19:00:20.242000+00:00,558,Beyond 90 Days
6a65d17eb65e7b032dc74615,Above 5 Tablet,Pfizer Ltd,128,2028-02-05 03:44:50.017000+00:00,558,Beyond 90 Days
6a65d17fb65e7b032dc74821,Coughtas DX Syrup,Lupitas Pharmaceuticals Pvt  Ltd,50,2028-02-06 06:58:14.060000+00:00,559,Beyond 90 Days
6a65d17eb65e7b032dc7453f,Abvida 100mg Tablet SR,Abbott,94,2028-02-06 00:58:32.723000+00:00,559,Beyond 90 Days
6a65d17eb65e7b032dc7469e,Ambiflam 400mg/500mg Tablet,Affy Pharma Pvt Ltd,87,2028-02-06 13:23:37.920000+00:00,560,Beyond 90 Days
6a65d17eb65e7b032dc74733,Azcal 1250mg/250IU Tablet,Bioman Pharmaceuticals,31,2028-02-08 09:09:49.451000+00:00,561,Beyond 90 Days
6a65d17eb65e7b032dc74662,Arkamet Ipr 850mg Tablet SR,Arkas Pharma Pvt Ltd,132,2028-02-08 04:46:04.609000+00:00,561,Beyond 90 Days
6a65d17eb65e7b032dc74421,Ascoril LS Junior Syrup,Glenmark Pharmaceuticals Ltd,55,2028-02-07 23:59:25.776000+00:00,561,Beyond 90 Days
6a65d17eb65e7b032dc7478d,Aci Deject 50mg Injection,Indus Pharma Pvt Ltd,37,2028-02-09 00:06:46.873000+00:00,562,Beyond 90 Days
6a65d17eb65e7b032dc7477b,Adiwill Tablet,Adisys Healthcare,20,2028-02-09 07:58:30.902000+00:00,562,Beyond 90 Days
6a65d17fb65e7b032dc7483f,Eltroxin 50mcg Tablet,Glaxo SmithKline Pharmaceuticals Ltd,87,2028-02-08 23:03:08.701000+00:00,562,Beyond 90 Days
6a65d17eb65e7b032dc746a4,Abex 20mg Tablet,Unikind Pharma,113,2028-02-08 23:09:43.312000+00:00,562,Beyond 90 Days
6a65d17eb65e7b032dc746b2,Acorise-D3 Soft Gelatin Capsule,Acmedix Pharma LLP,126,2028-02-09 11:48:23.487000+00:00,563,Beyond 90 Days
6a65d17eb65e7b032dc7469c,Amlopres-Z 50mg/5mg Tablet,Cipla Ltd,102,2028-02-09 20:02:34.548000+00:00,563,Beyond 90 Days
6a65d17fb65e7b032dc7481e,Cufbeat-D Syrup,Cubic Lifesciences Private Limited,43,2028-02-10 10:36:05.593000+00:00,564,Beyond 90 Days
6a65d17eb65e7b032dc747b0,Betadine 5 % Solution,Win-Medicare Pvt Ltd,92,2028-02-10 18:22:59.027000+00:00,564,Beyond 90 Days
6a65d17eb65e7b032dc7476f,Agedox 100mg Injection,Agex Laboratories Pvt Ltd,149,2028-02-10 18:40:44.155000+00:00,564,Beyond 90 Days
6a65d17fb65e7b032dc74846,Euthyrox 25 Tablet,Merck Ltd,13,2028-02-12 04:27:17.066000+00:00,565,Beyond 90 Days
6a65d17eb65e7b032dc7460f,Azirab-DSR 30mg/20mg Capsule,Astraazin Pharmaceuticals Private Limited,4,2028-02-13 01:04:34.137000+00:00,566,Beyond 90 Days
6a65d17eb65e7b032dc7475b,Asogrel 75mg Tablet,AS Pharmaceutical (India) Pvt Ltd,22,2028-02-12 19:36:45.378000+00:00,566,Beyond 90 Days
6a65d17eb65e7b032dc7474f,Antiban 75 Tablet,Blue Cross Laboratories Ltd,22,2028-02-13 03:30:10.553000+00:00,566,Beyond 90 Days
6a65d17eb65e7b032dc745fa,Aclotil 75mg Tablet,Bal Pharma Ltd,37,2028-02-13 14:27:15.557000+00:00,567,Beyond 90 Days
6a65d17eb65e7b032dc7463e,AL-D3 Soft Gelatin Capsule,Alde Medi Impex Ltd,117,2028-02-15 03:43:31.505000+00:00,568,Beyond 90 Days
6a65d17eb65e7b032dc745ac,Acolate M Tablet,Gujarat Terce Laboratories Ltd,6,2028-02-14 11:05:41.554000+00:00,568,Beyond 90 Days
6a65d17eb65e7b032dc746be,Altodin 10mg Tablet,Bonsai Pharma,22,2028-02-16 06:03:54.381000+00:00,569,Beyond 90 Days
6a65d17eb65e7b032dc74476,Amlopres TL Tablet,Cipla Ltd,112,2028-02-16 08:30:58.040000+00:00,569,Beyond 90 Days
6a65d17eb65e7b032dc74640,Aster-X Mouth Wash,Sandika Pharmaceuticals Pvt Ltd,51,2028-02-16 09:20:17.659000+00:00,569,Beyond 90 Days
6a65d17eb65e7b032dc74622,Axant 50mg/400mg Tablet,Sigmund Promedica,74,2028-02-15 10:42:18.714000+00:00,569,Beyond 90 Days
6a65d17eb65e7b032dc74754,Aqua D3 2K Soft Gelatin Capsule,Winmark Pharmaceuticals Pvt Ltd,83,2028-02-15 22:17:27.287000+00:00,569,Beyond 90 Days
6a65d17eb65e7b032dc746bf,APD Capsule,Shrion Pharmaceuticals,94,2028-02-16 22:34:44.021000+00:00,570,Beyond 90 Days
6a65d17eb65e7b032dc747c6,B-Supp Tablet,Beaumont Healthcare Pvt Ltd,98,2028-02-16 17:16:15.875000+00:00,570,Beyond 90 Days
6a65d17eb65e7b032dc747fa,Borncal-D3 Softgel Capsule,Century Life Science,17,2028-02-18 00:08:59.208000+00:00,571,Beyond 90 Days
6a65d17eb65e7b032dc74561,Almont LC 5mg/10mg Tablet,Unicure Remedies Pvt  Ltd,118,2028-02-19 01:14:05.312000+00:00,572,Beyond 90 Days
6a65d17eb65e7b032dc745ed,Aquashine 24 Tablet,GH Vision Care Life Science,114,2028-02-18 14:40:39.225000+00:00,572,Beyond 90 Days
6a65d17eb65e7b032dc7470b,A Fresh Mouth Wash,Arika Healthcare,128,2028-02-21 05:56:51.740000+00:00,574,Beyond 90 Days
6a65d17eb65e7b032dc745bd,Admol 650 Tablet DT,Kepler Health Care,125,2028-02-20 13:48:14.957000+00:00,574,Beyond 90 Days
6a65d17eb65e7b032dc747fe,Basefresh 0.2% Mouth Wash,Base Pharmaceuticals Pvt Ltd,53,2028-02-21 23:40:10.045000+00:00,575,Beyond 90 Days
6a65d17eb65e7b032dc745af,Allercet Paed 5mg Tablet,Micro Labs Ltd,97,2028-02-21 19:13:32.226000+00:00,575,Beyond 90 Days
6a65d17eb65e7b032dc74621,Acef 200mg Tablet,Adventure Life Sciences Pvt Ltd,52,2028-02-22 00:12:25.244000+00:00,575,Beyond 90 Days
6a65d17eb65e7b032dc7478e,Angigrel 75mg Tablet,Arkas Pharma Pvt Ltd,33,2028-02-23 05:47:32.247000+00:00,576,Beyond 90 Days
6a65d17eb65e7b032dc7452c,Atchol Gold 20 Capsule,Aristo Pharmaceuticals Pvt Ltd,44,2028-02-22 09:42:54.353000+00:00,576,Beyond 90 Days
6a65d17fb65e7b032dc74895,Zincolak Capsule,A. Menarini India Pvt Ltd,21,2028-02-22 14:56:17.207000+00:00,576,Beyond 90 Days
6a65d17eb65e7b032dc74451,Alaspan AM Tablet,Bayer Pharmaceuticals Pvt Ltd,18,2028-02-22 23:13:39.150000+00:00,576,Beyond 90 Days
6a65d17eb65e7b032dc74418,Ascoril LS Syrup,Glenmark Pharmaceuticals Ltd,6,2028-02-23 12:59:18.716000+00:00,577,Beyond 90 Days
6a65d17eb65e7b032dc74505,Aerodil-LS Expectorant,German Remedies,34,2028-02-24 06:12:45.836000+00:00,577,Beyond 90 Days
6a65d17eb65e7b032dc74525,Aleva 5mg Tablet,Aronex Life Sciences Pvt Ltd,41,2028-02-24 08:19:15.736000+00:00,577,Beyond 90 Days
6a65d17eb65e7b032dc74742,Asthelite Forte 2 mg/100 mg Tablet,Litaka Pharmaceuticals Ltd,29,2028-02-24 05:53:30.734000+00:00,577,Beyond 90 Days
6a65d17eb65e7b032dc744ca,Afoglip M  500 Tablet ER,Torrent Pharmaceuticals Ltd,77,2028-02-25 10:11:00.996000+00:00,579,Beyond 90 Days
6a65d17eb65e7b032dc7464d,Alfapsin D 50mg/50000IU Tablet,Hetero Drugs Ltd,107,2028-02-26 04:38:09.486000+00:00,579,Beyond 90 Days
6a65d17eb65e7b032dc746b1,Alshine D3 Softgel Capsule,Alathea Biotec Pvt Ltd,13,2028-02-27 04:15:33.095000+00:00,580,Beyond 90 Days
6a65d17eb65e7b032dc74665,Advog M 0.2 Plus Tablet,Eris Lifesciences Ltd,73,2028-02-29 07:26:21.099000+00:00,582,Beyond 90 Days
6a65d17eb65e7b032dc747dd,BaciFoe Ointment,Insutik pharmaceuticals Private Limited,7,2028-02-28 22:55:39.456000+00:00,582,Beyond 90 Days
6a65d17eb65e7b032dc74489,Azithro 250mg Tablet,Ind Swift Laboratories Ltd,90,2028-02-29 21:07:50.912000+00:00,583,Beyond 90 Days
6a65d17fb65e7b032dc7482d,Cetrimol DG Syrup,Instant Remedies Pvt Ltd,7,2028-03-01 01:21:28.976000+00:00,583,Beyond 90 Days
6a65d17eb65e7b032dc744ae,Azithral Eye Ointment,Alembic Pharmaceuticals Ltd,14,2028-03-02 00:38:13.047000+00:00,584,Beyond 90 Days
6a65d17eb65e7b032dc74590,Alexofer-XT Tablet,Druto Laboratories,5,2028-03-01 10:39:24.510000+00:00,584,Beyond 90 Days
6a65d17eb65e7b032dc747c7,Bact M 2% Ointment,Quality Pharma Products Pvt. Ltd.,52,2028-03-02 14:41:05.869000+00:00,585,Beyond 90 Days
6a65d17eb65e7b032dc746d1,Astron 2mg Oral Drops,Astam Health Care Pvt Ltd,75,2028-03-03 02:59:17.100000+00:00,585,Beyond 90 Days
6a65d17fb65e7b032dc74872,Gastrozin 75mg Tablet,Synergy Pharma Formulations India Pvt Ltd,148,2028-03-02 23:11:04.589000+00:00,585,Beyond 90 Days
6a65d17eb65e7b032dc746c0,Amlosar H 50mg/5mg/12.5mg Tablet,Hochest Biotech India,119,2028-03-02 23:24:58.762000+00:00,585,Beyond 90 Days
6a65d17eb65e7b032dc7443a,Atorva 40 Tablet,Zydus Cadila,128,2028-03-03 15:41:26.774000+00:00,586,Beyond 90 Days
6a65d17eb65e7b032dc745b7,Anglocet Tablet,Anglo-French Drugs & Industries Ltd,120,2028-03-03 23:58:47.516000+00:00,586,Beyond 90 Days
6a65d17eb65e7b032dc744dc,Arvast 10 Tablet,Intas Pharmaceuticals Ltd,99,2028-03-03 12:35:20.585000+00:00,586,Beyond 90 Days
6a65d17eb65e7b032dc7479a,Afcorbate S 100mg Injection,Amplec Healthcare Pvt. Ltd.,0,2028-03-03 16:36:46.754000+00:00,586,Beyond 90 Days
6a65d17eb65e7b032dc74472,Azulix 2 MF Tablet PR,Torrent Pharmaceuticals Ltd,16,2028-03-03 12:45:31.342000+00:00,586,Beyond 90 Days
6a65d17eb65e7b032dc745f0,Almocef O 200 mg/200 mg Tablet,Gujarat Terce Laboratories Ltd,59,2028-03-04 10:46:30.635000+00:00,587,Beyond 90 Days
6a65d17eb65e7b032dc74558,Alakast FA 10mg/120mg/200mg Tablet,Avel Life Sciences,8,2028-03-06 04:06:13.385000+00:00,588,Beyond 90 Days
6a65d17eb65e7b032dc74605,Aclizac 75mg Tablet,Ajanta Pharma Ltd,46,2028-03-07 06:22:35.945000+00:00,589,Beyond 90 Days
6a65d17eb65e7b032dc7473d,Avidox 100mg/100mg Tablet,Avalanche Pharmaceuticals,111,2028-03-07 17:56:53.985000+00:00,590,Beyond 90 Days
6a65d17fb65e7b032dc74893,Zioral Drops,FDC Ltd,122,2028-03-07 12:43:45.611000+00:00,590,Beyond 90 Days
6a65d17eb65e7b032dc746c4,Amlonis H Tablet,Adonis Laboratories Pvt Ltd,80,2028-03-07 10:05:34.640000+00:00,590,Beyond 90 Days
6a65d17eb65e7b032dc74443,Augmentin 375 Tablet,Glaxo SmithKline Pharmaceuticals Ltd,49,2028-03-08 00:56:19.457000+00:00,590,Beyond 90 Days
6a65d17eb65e7b032dc746cf,Aricip 500mg Tablet,Arika Healthcare,103,2028-03-09 13:21:00.426000+00:00,592,Beyond 90 Days
6a65d17eb65e7b032dc746fd,Acizo 20mg Tablet,Solace Biotech Ltd,19,2028-03-10 20:38:09.749000+00:00,593,Beyond 90 Days
6a65d17eb65e7b032dc74790,Aktirose 20mg Injection,Aktimas Bio Pharmaceuticals Pvt Ltd,142,2028-03-11 05:32:35.368000+00:00,593,Beyond 90 Days
6a65d17eb65e7b032dc744bc,Amlosafe TM 40 Tablet,Aristo Pharmaceuticals Pvt Ltd,15,2028-03-11 14:44:01.637000+00:00,594,Beyond 90 Days
6a65d17eb65e7b032dc744c1,Acimol MR 100mg/325mg/250mg Tablet,Leeford Healthcare Ltd,77,2028-03-12 02:48:57.991000+00:00,594,Beyond 90 Days
6a65d17eb65e7b032dc7478a,Anticog 75mg Tablet,Marc Laboratories Pvt Ltd,84,2028-03-11 14:27:51.640000+00:00,594,Beyond 90 Days
6a65d17fb65e7b032dc74842,Euthyrox 50 Tablet,Merck Ltd,54,2028-03-12 01:28:28.490000+00:00,594,Beyond 90 Days
6a65d17eb65e7b032dc74540,Azulix 3 MF Forte Tablet PR,Torrent Pharmaceuticals Ltd,12,2028-03-11 21:48:12.742000+00:00,594,Beyond 90 Days
6a65d17eb65e7b032dc7472a,Aplet 75mg Tablet,Alka Pharma,144,2028-03-12 13:48:42.100000+00:00,595,Beyond 90 Days
6a65d17eb65e7b032dc7469b,Aristogyl Plus Tablet,Aristo Pharmaceuticals Pvt Ltd,27,2028-03-13 02:57:03.942000+00:00,595,Beyond 90 Days
6a65d17eb65e7b032dc744d2,Azibest 500mg Tablet,Blue Cross Laboratories Ltd,115,2028-03-13 03:18:40.448000+00:00,595,Beyond 90 Days
6a65d17eb65e7b032dc74536,Arvast 5 Tablet,Intas Pharmaceuticals Ltd,128,2028-03-13 08:42:03.081000+00:00,595,Beyond 90 Days
6a65d17eb65e7b032dc745d0,Acebronk MFX 10mg/120mg/200mg Tablet,Citizen Remedies Private Limited,51,2028-03-13 20:43:23.961000+00:00,596,Beyond 90 Days
6a65d17eb65e7b032dc745fb,Anto 40mg Tablet,Malody Healthcare Ltd,27,2028-03-14 01:50:44.812000+00:00,596,Beyond 90 Days
6a65d17fb65e7b032dc74865,Folinal 5mg Tablet,Alembic Pharmaceuticals Ltd,79,2028-03-13 15:55:00.076000+00:00,596,Beyond 90 Days
6a65d17eb65e7b032dc746e6,Allmet 500mg Tablet SR,Surge Biotech Pvt Ltd,131,2028-03-15 00:12:38.281000+00:00,597,Beyond 90 Days
6a65d17eb65e7b032dc74642,Abcid 20mg Capsule,Arbro Pharmaceuticals Pvt Ltd,98,2028-03-15 15:15:06.643000+00:00,598,Beyond 90 Days
6a65d17eb65e7b032dc74714,Anglocip 500mg Tablet,Anglo-French Drugs & Industries Ltd,82,2028-03-16 03:16:18.550000+00:00,598,Beyond 90 Days
6a65d17eb65e7b032dc746d0,Alvirab 20mg Tablet,Alvid Biocare,98,2028-03-17 13:58:11.137000+00:00,600,Beyond 90 Days
6a65d17eb65e7b032dc746ab,Antidol 100 mg/125 mg Tablet,Omega Pharmaceuticals Pvt Ltd,107,2028-03-18 13:59:44.107000+00:00,601,Beyond 90 Days
6a65d17eb65e7b032dc74600,Alcipro 250mg Tablet,Alkem Laboratories Ltd,116,2028-03-18 11:23:02.425000+00:00,601,Beyond 90 Days
6a65d17eb65e7b032dc74597,Albical Plus Tablet,Albinis Biotech Pvt Ltd,34,2028-03-20 05:57:31.521000+00:00,602,Beyond 90 Days
6a65d17eb65e7b032dc74606,Aboros 20mg Tablet,La Renon Healthcare Pvt Ltd,21,2028-03-19 16:37:47.976000+00:00,602,Beyond 90 Days
6a65d17eb65e7b032dc74549,Atorfit CV Gold 20 Capsule,Ajanta Pharma Ltd,36,2028-03-19 13:46:42.863000+00:00,602,Beyond 90 Days
6a65d17eb65e7b032dc744a0,Azax 250 Tablet,Sun Pharmaceutical Industries Ltd,83,2028-03-19 16:26:02.892000+00:00,602,Beyond 90 Days
6a65d17eb65e7b032dc74789,Amiral 0.2% Mouth Wash,Amista Labs Pvt Ltd,115,2028-03-21 07:36:21.478000+00:00,603,Beyond 90 Days
6a65d17eb65e7b032dc747ff,Biogrel Tablet,Guard Ever Life Sciences,111,2028-03-20 19:04:42.659000+00:00,603,Beyond 90 Days
6a65d17eb65e7b032dc744af,Adtrol XT Tablet,Wanbury Ltd,106,2028-03-20 23:03:15.134000+00:00,603,Beyond 90 Days
6a65d17eb65e7b032dc745cd,Acipan 40mg Tablet,Oneiro Pharmaceuticals,87,2028-03-21 11:33:59.090000+00:00,604,Beyond 90 Days
6a65d17fb65e7b032dc7482b,Coverdoz 50mg/100mg/12mg Kit,Windlas Biotech Ltd,10,2028-03-22 21:48:48.035000+00:00,605,Beyond 90 Days
6a65d17eb65e7b032dc7472c,Acidof 20mg Capsule,Chemo Biological,32,2028-03-23 07:45:41.409000+00:00,605,Beyond 90 Days
6a65d17eb65e7b032dc744ee,Azulix 1 MF Forte Tablet PR,Torrent Pharmaceuticals Ltd,6,2028-03-23 08:54:21.789000+00:00,605,Beyond 90 Days
6a65d17eb65e7b032dc74562,Amaryl MP 2mg Tablet ER,Sanofi India  Ltd,125,2028-03-23 10:36:22.409000+00:00,606,Beyond 90 Days
6a65d17eb65e7b032dc74650,Alcin TZ 500mg/600mg Tablet,Anvik Biotech,139,2028-03-24 18:45:45.073000+00:00,607,Beyond 90 Days
6a65d17fb65e7b032dc74894,Ziverdo Kit,Mankind Pharma Ltd,59,2028-03-26 13:07:15.924000+00:00,609,Beyond 90 Days
6a65d17eb65e7b032dc7455b,Adine-Plus Tablet,Dr. Johns Laboratories Pvt Ltd,55,2028-03-26 14:04:43.628000+00:00,609,Beyond 90 Days
6a65d17eb65e7b032dc74459,Amaryl M  2mg Tablet PR,Sanofi India  Ltd,124,2028-03-26 23:43:56.024000+00:00,609,Beyond 90 Days
6a65d17eb65e7b032dc7469d,Aldon 2mg Oral Drops,Alde Medi Impex Ltd,80,2028-03-27 09:45:25.130000+00:00,610,Beyond 90 Days
6a65d17eb65e7b032dc74735,Amrocin Ointment,Amsure Healthcare,87,2028-03-28 13:58:51.679000+00:00,611,Beyond 90 Days
6a65d17eb65e7b032dc74586,Admol 1g Tablet SR,Kepler Health Care,141,2028-03-29 23:30:36.779000+00:00,612,Beyond 90 Days
6a65d17fb65e7b032dc7485c,Ezithyx 100mcg Tablet,DR Best pharmaceuticals Pvt Ltd,68,2028-03-30 05:39:47.274000+00:00,612,Beyond 90 Days
6a65d17eb65e7b032dc746ba,Arcure 400mg/500mg Tablet,NuLife Pharmaceuticals,45,2028-03-30 04:24:55.808000+00:00,612,Beyond 90 Days
6a65d17eb65e7b032dc7469a,Acevilda 50mg Tablet,Mattox Healthcare Pvt Ltd,145,2028-03-31 20:02:27.135000+00:00,614,Beyond 90 Days
6a65d17eb65e7b032dc7471a,Audon 4mg Tablet,Aurz Pharmaceuticals Pvt Ltd,85,2028-03-31 17:20:38.232000+00:00,614,Beyond 90 Days
6a65d17eb65e7b032dc74711,Angio 25mg Tablet,Manas Pharmaceuticals Pvt Ltd,29,2028-04-01 04:57:04.738000+00:00,614,Beyond 90 Days
6a65d17eb65e7b032dc74521,Asolt-AT Tablet,Profic Organic Ltd,62,2028-04-01 08:02:30.358000+00:00,614,Beyond 90 Days
6a65d17eb65e7b032dc746a9,Ambrodex L Syrup,Uniphar Biotech Private Limited,140,2028-04-01 18:40:07.512000+00:00,615,Beyond 90 Days
6a65d17eb65e7b032dc74416,Augmentin 625 Duo Tablet,Glaxo SmithKline Pharmaceuticals Ltd,128,2028-04-03 14:50:42.770000+00:00,617,Beyond 90 Days
6a65d17eb65e7b032dc747f8,Bcuff DX Syrup,BPlus NG Pharmaceuticals,28,2028-04-04 07:00:14.001000+00:00,617,Beyond 90 Days
6a65d17eb65e7b032dc746a1,ALFAM 400MG TABLET,Albert David Ltd,123,2028-04-05 01:08:39.272000+00:00,618,Beyond 90 Days
6a65d17eb65e7b032dc7479e,Ascorcee 1500mg Injection,Scotmed Care Pvt Ltd,46,2028-04-04 22:19:35.995000+00:00,618,Beyond 90 Days
6a65d17eb65e7b032dc74785,Acvlglip 50 Tablet,Accilex Diacardo,34,2028-04-05 07:38:59.937000+00:00,618,Beyond 90 Days
6a65d17eb65e7b032dc7456a,Apale Tablet,Uniza Healthcare LLP,3,2028-04-05 12:41:00.357000+00:00,619,Beyond 90 Days
6a65d17fb65e7b032dc7487d,Limcor Chewable Tablet,Rivan Pharma,4,2028-04-06 22:40:52.698000+00:00,620,Beyond 90 Days
6a65d17eb65e7b032dc7442a,Azicip 500 Tablet,Cipla Ltd,65,2028-04-07 09:02:45.447000+00:00,620,Beyond 90 Days
6a65d17eb65e7b032dc7454b,Acetyl Salicylic Acid 50mg Tablet,Zydus Cadila,97,2028-04-07 03:03:42.219000+00:00,620,Beyond 90 Days
6a65d17eb65e7b032dc746cc,Acitec 20mg Capsule,Symbiosis Pharmaceuticals Pvt Ltd,111,2028-04-08 04:17:43.686000+00:00,621,Beyond 90 Days
6a65d17fb65e7b032dc7482a,Cozia Tablet,Aeon Pharma Pvt Ltd,73,2028-04-07 13:49:45.791000+00:00,621,Beyond 90 Days
6a65d17eb65e7b032dc747af,Betakind Gargle,Mankind Pharma Ltd,127,2028-04-07 16:54:33.480000+00:00,621,Beyond 90 Days
6a65d17eb65e7b032dc7455a,Azuvas 10 Tablet,Azkka Pharmaceuticals Pvt Ltd,69,2028-04-10 01:36:17.371000+00:00,623,Beyond 90 Days
6a65d17eb65e7b032dc7452e,Abixim O Tablet,Abbott,129,2028-04-10 05:14:02.596000+00:00,623,Beyond 90 Days
6a65d17eb65e7b032dc745b2,Adiflam 1% Gel,Leben Life Sciences Pvt Ltd,3,2028-04-11 03:48:35.474000+00:00,624,Beyond 90 Days
6a65d17fb65e7b032dc7486a,Folcin 2 Injection,Unimarck Pharma India Ltd,145,2028-04-10 10:21:10.973000+00:00,624,Beyond 90 Days
6a65d17eb65e7b032dc7471c,Adron 4 Tablet MD,Advance Revive,99,2028-04-10 16:56:06.377000+00:00,624,Beyond 90 Days
6a65d17eb65e7b032dc745bf,Arvast 40 Tablet,Intas Pharmaceuticals Ltd,62,2028-04-11 10:56:23.644000+00:00,625,Beyond 90 Days
6a65d17eb65e7b032dc747e7,Bluzole Dusting Powder,Sun Pharmaceutical Industries Ltd,26,2028-04-11 11:43:59.005000+00:00,625,Beyond 90 Days
6a65d17eb65e7b032dc744fd,Alkem Cold 5 mg/500 mg/5 mg Tablet,Alkem Laboratories Ltd,56,2028-04-11 15:39:48.316000+00:00,625,Beyond 90 Days
6a65d17eb65e7b032dc745b9,Aztel Trio 40mg/5mg/12.5mg Tablet,Azkka Pharmaceuticals Pvt Ltd,58,2028-04-11 16:33:40.190000+00:00,625,Beyond 90 Days
6a65d17eb65e7b032dc74730,Acaldo Capsule,Accilex Nutricorp,109,2028-04-11 17:08:00.441000+00:00,625,Beyond 90 Days
6a65d17eb65e7b032dc746f3,Abetrol 20mg Tablet,Abettor Life Sciences Pvt Ltd,12,2028-04-12 15:17:45.175000+00:00,626,Beyond 90 Days
6a65d17eb65e7b032dc746f8,Acitech 150mg Tablet,Vivid Labs Pvt Ltd,12,2028-04-13 18:16:40.603000+00:00,627,Beyond 90 Days
6a65d17eb65e7b032dc74667,Ampra 40mg Tablet,Amplec Healthcare Pvt. Ltd.,15,2028-04-14 19:51:50.745000+00:00,628,Beyond 90 Days
6a65d17eb65e7b032dc745ff,Acefen 100 mg/125 mg Tablet,Salud Care India Pvt Ltd,93,2028-04-17 21:49:46.679000+00:00,631,Beyond 90 Days
6a65d17eb65e7b032dc7461f,Alifix CV 200mg/125mg Tablet,Alisier Drugs Pvt Ltd,96,2028-04-18 09:20:50.687000+00:00,631,Beyond 90 Days
6a65d17eb65e7b032dc746b3,Aqua Joy Mouth Wash,Leeford Healthcare Ltd,25,2028-04-18 04:55:08.305000+00:00,631,Beyond 90 Days
6a65d17eb65e7b032dc747b1,Benadryl DR Kids Syrup,Johnson & Johnson Ltd,31,2028-04-17 22:27:11.831000+00:00,631,Beyond 90 Days
6a65d17eb65e7b032dc74801,Candid Mouth Paint,Glenmark Pharmaceuticals Ltd,122,2028-04-19 02:58:09.968000+00:00,632,Beyond 90 Days
6a65d17eb65e7b032dc74685,Actiflam Plus Tablet,Mihika Pharmaceutical,7,2028-04-18 18:46:22.662000+00:00,632,Beyond 90 Days
6a65d17eb65e7b032dc74571,Azuvas 40 Tablet,Azkka Pharmaceuticals Pvt Ltd,47,2028-04-19 09:58:03.597000+00:00,633,Beyond 90 Days
6a65d17eb65e7b032dc744a4,Aceclo SR Tablet,Aristo Pharmaceuticals Pvt Ltd,49,2028-04-20 10:30:52.697000+00:00,634,Beyond 90 Days
