medicineId,name,manufacturer,brand,category,stock,price,isDiscontinued,requiresPrescription,expiryDate
6a6d96275baa8e1afb22b5b5,A Doxid 100mg Capsule,Eskon Pharma,,Antibiotic,112,26.3,False,True,2028-02-27 16:25:58.643
6a6d96275baa8e1afb22b5fe,A Doxid L 100mg Capsule,Eskon Pharma,,Antibiotic,141,60.0,False,True,2028-02-18 23:38:03.807
6a6d96275baa8e1afb22b746,A Fresh Mouth Wash,Arika Healthcare,,Skin Care,128,42.0,False,False,2027-05-22 04:01:57.555
6a6d96275baa8e1afb22b5ee,A Mol 650mg Tablet,Aan Pharma Pvt Ltd,,Pain Relief,26,9.0,False,False,2026-12-28 07:16:21.252
6a6d96275baa8e1afb22b6e5,A Nil Tablet,Pan Pharmaceuticals Ltd,,Antibiotic,117,6.72,False,True,2027-01-31 02:44:07.504
6a6d96285baa8e1afb22b781,A Tron 4mg Tablet MD,American Biocare,,Gastro & Digestion,39,49.0,False,True,2027-10-07 10:30:02.548
6a6d96285baa8e1afb22b7c6,A-Win 5 Injection,Asterisk Laboratories India Pvt Ltd,,Vitamins & Supplements,70,250.0,False,False,2027-01-27 21:12:13.608
6a6d96275baa8e1afb22b64f,AB-Rozu 10 Tablet,Abbott,,Heart & Blood Pressure,56,135.62,False,True,2028-04-22 23:14:42.161
6a6d96275baa8e1afb22b65e,AB-Rozu 20 Tablet,Abbott,,Heart & Blood Pressure,127,224.87,False,True,2027-10-30 23:36:08.725
6a6d96285baa8e1afb22b79c,ACHOPHEN 400MG/325MG TABLET,Jackson Laboratories Pvt Ltd,,Pain Relief,93,8.87,False,False,2027-04-10 10:30:43.640
6a6d96275baa8e1afb22b556,ACTION OR 1000mg Tablet,Apex Laboratories Pvt Ltd,,Pain Relief,104,42.3,False,False,2027-07-03 18:15:34.791
6a6d96275baa8e1afb22b71d,AD Fun 1% Cream,Aditya Pharmaceuticals,,Skin Care,2,15.0,False,False,2027-05-02 05:35:58.440
6a6d96275baa8e1afb22b5a3,AF -C Dusting Powder,Systopic Laboratories Pvt Ltd,,Skin Care,44,87.0,False,False,2027-03-23 03:06:35.634
6a6d96275baa8e1afb22b46f,AF Kit Tablet,Systopic Laboratories Pvt Ltd,,Antibiotic,62,110.0,False,True,2027-11-24 17:03:51.193
6a6d96275baa8e1afb22b5c8,AFM Tablet,Lemford Biotech Pvt Ltd,,Allergy,33,170.0,False,True,2026-11-28 13:31:11.897
6a6d96275baa8e1afb22b657,AIG 20mg Capsule,Pharmacopius Drugs Pvt Ltd,,Gastro & Digestion,30,39.0,False,False,2027-12-02 18:32:46.580
6a6d96275baa8e1afb22b645,AIG D 10mg/20mg Capsule,Pharmacopius Drugs Pvt Ltd,,Gastro & Digestion,44,48.0,False,False,2027-10-31 17:41:21.499
6a6d96275baa8e1afb22b679,AL-D3 Soft Gelatin Capsule,Alde Medi Impex Ltd,,Vitamins & Supplements,9,72.0,False,False,2027-11-10 22:52:13.969
6a6d96275baa8e1afb22b6dc,ALFAM 400MG TABLET,Albert David Ltd,,Pain Relief,34,5.93,False,False,2028-02-22 04:36:48.431
6a6d96275baa8e1afb22b6fa,APD Capsule,Shrion Pharmaceuticals,,Gastro & Digestion,134,36.0,False,False,2028-01-22 22:32:24.634
6a6d96275baa8e1afb22b5a8,ASA 50mg Tablet,Zydus Cadila,,Pain Relief,120,3.7,False,False,2027-12-29 14:45:42.450
6a6d96275baa8e1afb22b54e,AT SP Tablet,Atopic Laboratories,,Pain Relief,22,62.0,False,True,2028-01-22 06:07:38.148
6a6d96275baa8e1afb22b503,ATM 200 Oral Suspension,Indoco Remedies Ltd,,Antibiotic,78,57.46,False,True,2027-10-18 03:38:23.428
6a6d96275baa8e1afb22b513,ATM 250 Tablet,Indoco Remedies Ltd,,Antibiotic,111,118.5,False,True,2028-03-31 10:41:11.925
6a6d96275baa8e1afb22b49e,ATM 500 Tablet,Indoco Remedies Ltd,,Antibiotic,35,132.38,False,True,2028-02-26 17:13:50.952
6a6d96285baa8e1afb22b7ab,Aanid Ointment,Aan Pharma Pvt Ltd,,Skin Care,55,24.0,False,False,2027-02-23 23:05:57.338
6a6d96275baa8e1afb22b669,Abcef O 200mg/200mg Tablet,BestoChem Formulations  India  Ltd,,Antibiotic,80,146.86,False,True,2027-11-01 17:12:37.064
6a6d96275baa8e1afb22b67d,Abcid 20mg Capsule,Arbro Pharmaceuticals Pvt Ltd,,Gastro & Digestion,6,36.25,False,False,2027-05-25 20:47:18.839
6a6d96275baa8e1afb22b737,Abdine Ointment,I.I.F.A Health Care,,Skin Care,8,72.0,False,False,2027-03-14 23:07:31.098
6a6d96275baa8e1afb22b72f,Abetabact Ointment,Abetar Healthcare,,Skin Care,33,145.0,False,True,2027-09-28 06:54:35.923
6a6d96275baa8e1afb22b72e,Abetrol 20mg Tablet,Abettor Life Sciences Pvt Ltd,,Gastro & Digestion,87,70.0,False,False,2027-01-01 06:17:15.390
6a6d96275baa8e1afb22b6df,Abex 20mg Tablet,Unikind Pharma,,Gastro & Digestion,8,41.5,False,False,2027-12-31 11:01:12.020
6a6d96275baa8e1afb22b523,Abixim 200mg Tablet,Abbott,,Antibiotic,80,104.85,False,True,2027-10-11 03:34:51.659
6a6d96275baa8e1afb22b646,Abixim CV 200mg/125mg Tablet,Abbott,,Antibiotic,148,248.53,False,True,2027-11-11 14:06:53.373
6a6d96275baa8e1afb22b569,Abixim O Tablet,Abbott,,Antibiotic,41,265.28,False,True,2027-10-09 07:08:21.562
6a6d96275baa8e1afb22b638,Ablif LB 200mg Tablet,Pharma Plus,,Antibiotic,16,175.0,False,True,2027-06-06 10:06:32.536
6a6d96275baa8e1afb22b598,Abmont 3D 10mg/120mg/200mg Tablet,Matrixx Formulation,,Allergy,70,199.0,False,True,2027-08-28 19:07:25.895
6a6d96275baa8e1afb22b615,Abnex Forte 10mg/120mg/200mg Tablet,Jarun Pharmaceuticals,,Allergy,82,230.0,False,True,2027-11-29 10:55:57.375
6a6d96275baa8e1afb22b641,Aboros 20mg Tablet,La Renon Healthcare Pvt Ltd,,Heart & Blood Pressure,31,275.0,False,True,2027-04-16 01:13:28.455
6a6d96275baa8e1afb22b650,Above 5 Tablet,Pfizer Ltd,,Gastro & Digestion,3,41.1,False,False,2027-11-21 17:12:06.805
6a6d96275baa8e1afb22b649,Absopan 40mg Tablet,Jupiter Biolabs Pvt Ltd,,Gastro & Digestion,119,54.0,False,False,2027-07-21 11:04:49.020
6a6d96275baa8e1afb22b74a,Absoz 40 Tablet,Gms Biomax Medicare Pvt Ltd,,Gastro & Digestion,19,110.0,False,False,2026-12-31 15:31:52.203
6a6d96285baa8e1afb22b7a0,Abufen-C Tablet,Shinto Organics (P) Limited,,Pain Relief,120,13.0,False,False,2027-10-08 08:50:47.520
6a6d96275baa8e1afb22b57a,Abvida 100mg Tablet SR,Abbott,,Diabetes,4,214.48,False,True,2028-02-20 02:50:14.868
6a6d96275baa8e1afb22b55a,Abvida 50mg Tablet,Abbott,,Diabetes,22,181.46,False,True,2027-02-16 00:30:56.038
6a6d96275baa8e1afb22b6b0,Abvida-M 50/1000 Eazy Glide Tablet SR,Abbott,,Diabetes,67,254.04,False,True,2027-10-06 22:18:20.289
6a6d96275baa8e1afb22b582,Abvida-M 50/500 Eazy Glide Tablet SR,Abbott,,Diabetes,124,217.75,False,True,2027-07-15 13:13:39.107
6a6d96275baa8e1afb22b5dd,Abvida-M 50mg/1000mg Eazy Glide Tablet,Abbott,,Diabetes,92,254.04,False,True,2027-12-22 04:06:13.630
6a6d96275baa8e1afb22b666,Abzorb 1% Cream,Sun Pharmaceutical Industries Ltd,,Skin Care,19,94.5,False,False,2028-02-02 09:32:40.535
6a6d96275baa8e1afb22b66f,Abzorb Syndet Bar,Sun Pharmaceutical Industries Ltd,,Skin Care,99,131.75,False,False,2027-08-15 00:00:40.067
6a6d96275baa8e1afb22b76b,Acaldo Capsule,Accilex Nutricorp,,Vitamins & Supplements,127,185.0,False,False,2027-08-15 11:40:19.227
6a6d96275baa8e1afb22b5d5,Acbro 3D 10mg/120mg/200mg Tablet SR,WellOK Pharma,,Allergy,21,179.0,False,True,2027-10-27 22:47:01.473
6a6d96275baa8e1afb22b50a,Acceclowoc-P Tablet,Wockhardt Ltd,,Pain Relief,41,60.09,False,True,2027-10-24 05:40:37.276
6a6d96275baa8e1afb22b4f3,Acceclowoc-SP Tablet,Tridoss Laboratories Pvt Ltd,,Pain Relief,24,121.1,False,True,2027-03-07 20:09:14.941
6a6d96275baa8e1afb22b5fd,Accurate 10 mg/150 mg Tablet,Dew Drops Lab,,Gastro & Digestion,19,18.71,False,False,2028-01-16 11:00:56.863
6a6d96285baa8e1afb22b7ae,Accurate 25mg Injection,Dew Drops Lab,,Gastro & Digestion,5,4.9,False,False,2026-11-17 14:19:25.038
6a6d96275baa8e1afb22b633,Acdof 40mg Injection,Alkem Laboratories Ltd,,Gastro & Digestion,38,41.23,False,False,2028-01-16 03:36:24.067
6a6d96275baa8e1afb22b481,Ace Proxyvon Tablet,Dr Reddy's Laboratories Ltd,,Pain Relief,18,72.5,False,True,2027-01-14 05:16:41.957
6a6d96275baa8e1afb22b5a1,Ace Tablet,Hallmark Chemicals,,Pain Relief,25,43.0,False,False,2027-02-15 15:09:28.057
6a6d96275baa8e1afb22b4a7,Ace-Proxyvon CR Tablet,Dr Reddy's Laboratories Ltd,,Pain Relief,109,143.25,False,True,2027-03-19 05:32:12.654
6a6d96275baa8e1afb22b713,Acease 20mg Tablet,Nutrifirm therapeutics,,Gastro & Digestion,101,80.0,False,False,2027-11-22 22:47:17.234
6a6d96275baa8e1afb22b673,Acebid SP Tablet,Shield Health Care Pvt Ltd,,Antibiotic,116,48.1,False,True,2028-03-26 01:50:13.102
6a6d96275baa8e1afb22b60b,Acebronk MFX 10mg/120mg/200mg Tablet,Citizen Remedies Private Limited,,Allergy,125,175.0,False,True,2027-09-29 20:49:34.204
6a6d96275baa8e1afb22b468,Aceclo Plus Tablet,Aristo Pharmaceuticals Pvt Ltd,,Pain Relief,54,90.85,False,True,2028-04-14 15:20:03.662
6a6d96275baa8e1afb22b4df,Aceclo SR Tablet,Aristo Pharmaceuticals Pvt Ltd,,Pain Relief,6,77.3,False,True,2027-04-24 07:01:08.202
6a6d96275baa8e1afb22b4d4,Aceclo Tablet,Aristo Pharmaceuticals Pvt Ltd,,Pain Relief,71,52.55,False,True,2027-12-31 13:35:04.287
6a6d96275baa8e1afb22b482,Aceclo-MR Tablet,Aristo Pharmaceuticals Pvt Ltd,,Pain Relief,88,88.65,False,True,2027-08-31 13:44:12.811
6a6d96275baa8e1afb22b65c,Acef 200mg Tablet,Adventure Life Sciences Pvt Ltd,,Antibiotic,82,185.0,False,True,2026-12-15 13:58:30.619
6a6d96275baa8e1afb22b63a,Acefen 100 mg/125 mg Tablet,Salud Care India Pvt Ltd,,Pain Relief,100,29.0,False,False,2026-11-12 20:00:00.938
6a6d96275baa8e1afb22b6c2,Acefen Gel,Salud Care India Pvt Ltd,,Pain Relief,75,33.48,False,False,2028-01-24 02:07:08.730
6a6d96275baa8e1afb22b5f7,Acefenac SP Tablet,Medichem Pharmceuticals Ltd,,Pain Relief,31,70.0,False,False,2026-11-09 23:15:01.886
6a6d96275baa8e1afb22b4f8,Aceflam P 100mg/325mg Tablet,Micro Labs Ltd,,Pain Relief,102,58.25,False,True,2027-05-24 09:28:25.313
6a6d96275baa8e1afb22b531,Acegrow 3D Tablet,Foregen Healthcare Ltd,,Allergy,44,231.0,False,True,2027-05-07 05:25:45.570
6a6d96275baa8e1afb22b477,Acemiz -MR Tablet,Lupin Ltd,,Pain Relief,11,99.5,False,True,2026-11-18 13:28:54.839
6a6d96275baa8e1afb22b467,Acemiz Plus Tablet,Lupin Ltd,,Pain Relief,4,99.5,False,True,2027-07-05 18:58:12.653
6a6d96275baa8e1afb22b484,Acemiz-S Tablet,Lupin Ltd,,Pain Relief,50,115.44,False,True,2027-08-25 20:29:05.472
6a6d96275baa8e1afb22b4fe,Acenac SP 100mg/325mg/15mg Tablet,Medley Pharmaceuticals,,Pain Relief,60,101.0,False,True,2028-02-20 05:17:43.460
6a6d96275baa8e1afb22b47f,Acenac-P  Tablet,Medley Pharmaceuticals,,Pain Relief,13,61.0,False,True,2027-10-09 10:33:50.474
6a6d96275baa8e1afb22b4aa,Acenext P 100mg/325mg Tablet,Cadila Pharmaceuticals Ltd,,Pain Relief,15,58.0,False,True,2027-08-01 04:32:15.912
6a6d96275baa8e1afb22b758,Acep 500mg Tablet,Apple Biotech,,Antibiotic,96,62.0,False,True,2028-02-08 17:39:55.223
6a6d96275baa8e1afb22b659,Acephyl-FM Tablet,Atlantis Formulations Pvt Ltd,,Allergy,43,215.0,False,True,2027-09-07 02:14:37.305
6a6d96275baa8e1afb22b773,Acer 20mg Capsule,Vision Medilink,,Gastro & Digestion,43,36.0,False,False,2028-01-04 11:50:11.426
6a6d96275baa8e1afb22b576,Acera 20 Capsule,Ipca Laboratories Ltd,,Gastro & Digestion,86,90.65,False,False,2026-11-22 00:46:51.014
6a6d96275baa8e1afb22b4d6,Acera-D Capsule SR,Ipca Laboratories Ltd,,Gastro & Digestion,140,118.45,False,False,2027-12-11 03:06:29.555
6a6d96275baa8e1afb22b72c,Acerab 10mg Tablet,Sienna Formulations Pvt Ltd,,Gastro & Digestion,128,62.0,False,False,2027-12-05 00:00:33.491
6a6d96275baa8e1afb22b723,Acerab 20mg Tablet,Park Pharmaceuticals,,Gastro & Digestion,80,78.0,False,False,2028-03-03 08:49:09.753
6a6d96275baa8e1afb22b661,Acethama-FM Tablet SR,Care Formulation Labs Pvt Ltd,,Allergy,64,215.0,False,True,2028-04-01 10:43:40.950
6a6d96275baa8e1afb22b586,Acetyl Salicylic Acid 50mg Tablet,Zydus Cadila,,Pain Relief,14,3.27,False,False,2027-06-13 07:47:16.022
6a6d96275baa8e1afb22b6d5,Acevilda 50mg Tablet,Mattox Healthcare Pvt Ltd,,Diabetes,26,100.0,False,True,2027-12-28 23:08:03.169
6a6d96275baa8e1afb22b711,Acevilda M 500mg/50mg Tablet,Mattox Healthcare Pvt Ltd,,Diabetes,36,108.0,False,True,2027-07-05 00:53:08.226
6a6d96275baa8e1afb22b722,Achol-D3 Softgel Capsule,Agn Healthcare,,Vitamins & Supplements,138,146.89,False,False,2027-04-12 10:47:55.393
6a6d96285baa8e1afb22b7c8,Aci Deject 50mg Injection,Indus Pharma Pvt Ltd,,Gastro & Digestion,63,3.2,False,False,2027-04-01 21:21:33.633
6a6d96285baa8e1afb22b7ce,Aciba 25mg Injection,Systacare Remedies,,Gastro & Digestion,98,3.08,False,False,2027-03-19 09:16:36.420
6a6d96275baa8e1afb22b578,Aciban 20 Tablet,Cadila Pharmaceuticals Ltd,,Gastro & Digestion,140,40.5,False,False,2027-01-28 21:36:46.908
6a6d96275baa8e1afb22b56b,Aciban 40 Tablet,Cadila Pharmaceuticals Ltd,,Gastro & Digestion,145,73.1,False,False,2028-01-17 02:12:45.128
6a6d96275baa8e1afb22b5ae,Aciban DSR Capsule,Cadila Pharmaceuticals Ltd,,Gastro & Digestion,55,141.5,False,False,2027-12-01 17:41:44.495
6a6d96285baa8e1afb22b7b4,Acibloc 150mg Tablet,Marc Laboratories Pvt Ltd,,Gastro & Digestion,93,7.16,False,False,2027-04-07 17:21:22.651
6a6d96285baa8e1afb22b7c3,Acibloc 300mg Tablet,Marc Laboratories Pvt Ltd,,Gastro & Digestion,6,12.75,False,False,2027-05-14 12:54:56.523
6a6d96275baa8e1afb22b654,Acicare 40mg Tablet,Siochem Pharma Pvt Ltd,,Gastro & Digestion,11,65.0,False,False,2027-09-27 07:16:02.668
6a6d96275baa8e1afb22b71b,Acicheck 20mg Tablet,Mackenzie Pharmaceuticals Pvt Ltd,,Gastro & Digestion,31,70.0,False,False,2027-07-25 05:39:20.915
6a6d96275baa8e1afb22b64e,Acicheck D Capsule SR,Mackenzie Pharmaceuticals Pvt Ltd,,Gastro & Digestion,133,97.0,False,False,2028-04-15 11:29:04.992
6a6d96275baa8e1afb22b6e1,Acicure 20mg Capsule,Capri Pharmaceuticals,,Gastro & Digestion,119,36.0,False,False,2027-02-10 23:30:09.686
6a6d96275baa8e1afb22b5da,Acid 20 Capsule,Akme Biotec,,Gastro & Digestion,92,33.0,False,False,2027-08-14 10:22:07.244
6a6d96275baa8e1afb22b6b2,Acidcut Tablet,Hebert Biotech,,Gastro & Digestion,90,65.0,False,False,2027-12-10 00:03:18.358
6a6d96275baa8e1afb22b69e,Aciden 40mg Tablet,Eden Pharmaceuticals Limited,,Gastro & Digestion,33,60.0,False,False,2027-07-24 19:17:42.244
6a6d96275baa8e1afb22b767,Acidof 20mg Capsule,Chemo Biological,,Gastro & Digestion,70,39.0,False,False,2027-04-17 13:31:37.349
6a6d96275baa8e1afb22b74b,Acidom 150mg Syrup,Siesta Pharmaceuticals,,Gastro & Digestion,57,46.18,False,False,2027-05-11 23:49:23.124
6a6d96285baa8e1afb22b78d,Acidom O 4 mg/150 mg Tablet,Siesta Pharmaceuticals,,Gastro & Digestion,39,16.33,False,True,2027-07-07 11:46:13.219
6a6d96275baa8e1afb22b697,Acidoseal 40mg Tablet,Merganzer Pharma Private Limited,,Gastro & Digestion,88,80.0,False,False,2028-03-07 04:05:04.344
6a6d96275baa8e1afb22b705,Aciflam 400mg/325mg Tablet,Acichem Laboratories,,Pain Relief,88,7.5,False,False,2027-09-15 00:48:16.320
6a6d96285baa8e1afb22b784,Aciflam Kid 100mg/125mg Tablet,Acichem Laboratories,,Pain Relief,2,2.0,False,False,2027-05-27 18:47:48.529
6a6d96275baa8e1afb22b714,Aciflux 20 mg/150 mg Capsule,S H Pharmaceuticals Ltd,,Gastro & Digestion,38,124.16,False,False,2027-12-09 12:49:26.882
6a6d96275baa8e1afb22b457,Aciloc 150 Tablet,Cadila Pharmaceuticals Ltd,,Gastro & Digestion,60,40.94,False,False,2027-02-16 09:36:07.630
6a6d96275baa8e1afb22b480,Aciloc 300 Tablet,Cadila Pharmaceuticals Ltd,,Gastro & Digestion,133,50.0,False,False,2028-01-13 08:11:43.101
6a6d96275baa8e1afb22b4c8,Aciloc Injection,Cadila Pharmaceuticals Ltd,,Gastro & Digestion,75,6.03,False,False,2026-12-07 03:09:05.249
6a6d96275baa8e1afb22b557,Aciloc Only Oral Liquid,Cadila Pharmaceuticals Ltd,,Gastro & Digestion,77,133.98,False,False,2028-03-15 08:34:17.530
6a6d96275baa8e1afb22b45f,Aciloc RD 20 Tablet,Cadila Pharmaceuticals Ltd,,Gastro & Digestion,60,77.0,False,False,2028-01-08 22:36:58.020
6a6d96275baa8e1afb22b518,Acimol 100 mg/325 mg Tablet,Leeford Healthcare Ltd,,Pain Relief,101,35.0,False,True,2028-02-03 13:06:49.400
6a6d96275baa8e1afb22b5d8,Acimol 500mg Tablet,Allied Chemicals & Pharmaceuticals Pvt Ltd,,Pain Relief,72,6.0,False,False,2027-07-26 17:40:54.334
6a6d96275baa8e1afb22b4fc,Acimol MR 100mg/325mg/250mg Tablet,Leeford Healthcare Ltd,,Pain Relief,149,65.0,False,True,2027-01-19 09:34:02.414
6a6d96275baa8e1afb22b6b3,Acio Insta Powder for Oral Suspension,Bennet Pharmaceuticals Limited,,Gastro & Digestion,8,8.0,False,False,2027-04-23 05:52:00.636
6a6d96275baa8e1afb22b6be,Acip 500mg Tablet,Aust Ind Labs,,Antibiotic,64,58.0,False,True,2027-05-29 14:06:17.383
6a6d96275baa8e1afb22b608,Acipan 40mg Tablet,Oneiro Pharmaceuticals,,Gastro & Digestion,93,54.0,False,False,2027-11-06 10:17:29.454
6a6d96275baa8e1afb22b6de,Acipause 20mg Tablet,Medisun Pharma,,Gastro & Digestion,102,57.0,False,False,2027-09-15 12:44:28.280
6a6d96275baa8e1afb22b699,Acipro 500mg Tablet,Anoco Pharmaceuticals India Pvt Ltd,,Antibiotic,17,67.0,False,True,2028-01-18 02:22:19.896
6a6d96275baa8e1afb22b698,Acirab 20mg Tablet,Mestra Pharma Pvt Ltd,,Gastro & Digestion,129,39.9,False,False,2027-04-05 18:12:41.246
6a6d96275baa8e1afb22b735,Acirox 500mg Tablet,Comex Pharma,,Antibiotic,106,59.0,False,True,2027-06-01 14:26:22.490
6a6d96275baa8e1afb22b707,Acitec 20mg Capsule,Symbiosis Pharmaceuticals Pvt Ltd,,Gastro & Digestion,13,80.0,False,False,2027-05-06 00:28:33.919
6a6d96275baa8e1afb22b733,Acitech 150mg Tablet,Vivid Labs Pvt Ltd,,Gastro & Digestion,11,18.0,False,False,2027-10-30 19:56:06.296
6a6d96275baa8e1afb22b738,Acizo 20mg Tablet,Solace Biotech Ltd,,Gastro & Digestion,8,69.0,False,False,2027-05-13 04:13:33.589
6a6d96275baa8e1afb22b640,Aclizac 75mg Tablet,Ajanta Pharma Ltd,,Heart & Blood Pressure,43,70.63,False,True,2027-10-19 10:52:51.001
6a6d96275baa8e1afb22b635,Aclotil 75mg Tablet,Bal Pharma Ltd,,Heart & Blood Pressure,52,37.95,False,True,2026-12-08 20:47:35.976
6a6d96275baa8e1afb22b69f,Acnedox-LB Capsule,Shinto Organics (P) Limited,,Antibiotic,52,28.0,False,True,2027-09-25 09:42:35.563
6a6d96275baa8e1afb22b5e7,Acolate M Tablet,Gujarat Terce Laboratories Ltd,,Allergy,96,79.0,False,False,2028-04-17 16:01:14.917
6a6d96275baa8e1afb22b548,Acolate P Plus Tablet,Gujarat Terce Laboratories Ltd,,"Cough, Cold & Respiratory",142,52.0,False,False,2027-12-21 21:31:14.611
6a6d96275baa8e1afb22b507,Acolate Plus Tablet,Gujarat Terce Laboratories Ltd,,Allergy,105,52.0,False,False,2027-08-27 01:14:03.348
6a6d96285baa8e1afb22b783,Aconred 5 Injection,Aconwell Pharma Pvt Ltd,,Vitamins & Supplements,18,260.0,False,False,2028-03-27 16:24:00.654
6a6d96275baa8e1afb22b6ed,Acorise-D3 Soft Gelatin Capsule,Acmedix Pharma LLP,,Vitamins & Supplements,52,40.0,False,False,2026-12-24 18:38:52.819
6a6d96285baa8e1afb22b7cd,Acrogyl 200mg/5ml Suspension,Acron Pharmaceuticals,,Antibiotic,130,30.68,False,True,2028-04-02 17:56:41.487
6a6d96285baa8e1afb22b785,Acrogyl DF 400mg/500mg Tablet,Acron Pharmaceuticals,,Antibiotic,87,19.0,False,True,2026-12-17 21:04:33.248
6a6d96275baa8e1afb22b6ea,Acrolax-LS Syrup,Medikem Pharmaceuticals,,"Cough, Cold & Respiratory",115,69.0,False,False,2027-10-31 00:07:41.274
6a6d96275baa8e1afb22b5d4,Act Syrup,Caplet India Pvt Ltd,,Allergy,136,56.8,False,False,2027-02-09 04:18:51.049
6a6d96275baa8e1afb22b5c4,Actidol-DP Tablet,Obsurge Biotech Ltd,,Gastro & Digestion,123,112.2,False,False,2028-03-11 00:05:57.153
6a6d96275baa8e1afb22b6c0,Actiflam Plus Tablet,Mihika Pharmaceutical,,Pain Relief,26,25.0,False,False,2027-02-11 14:15:15.113
6a6d96275baa8e1afb22b73b,Actiglipt M 1000mg/20mg Tablet,Akesiss Pharma Pvt Ltd,,Diabetes,99,129.0,False,True,2027-02-10 15:42:21.021
6a6d96275baa8e1afb22b5f3,Actiglipt M 500mg/20mg Tablet,Akesiss Pharma Pvt Ltd,,Diabetes,119,122.0,False,True,2027-10-31 10:03:06.178
6a6d96275baa8e1afb22b655,Actimol 50 mg/500 mg Tablet,Pharmed Ltd,,Pain Relief,105,10.1,False,True,2027-06-14 13:05:12.818
6a6d96275baa8e1afb22b740,Actimol F Tablet,Pharmed Ltd,,Pain Relief,20,13.8,False,False,2028-01-26 01:55:47.399
6a6d96275baa8e1afb22b6a8,Actinic D3 Nano Shots (5ml Each) Orange Flavour Sugar Free,Maxis Healthcare,,Vitamins & Supplements,35,79.0,False,False,2028-03-03 11:34:58.553
6a6d96275baa8e1afb22b605,Activa 50mg Tablet,Zydus Healthcare Limited,,Pain Relief,45,68.2,False,True,2028-04-03 22:29:40.779
6a6d96275baa8e1afb22b695,Activa P Tablet,Zydus Healthcare Limited,,Pain Relief,2,5.81,False,True,2027-09-12 13:43:57.539
6a6d96275baa8e1afb22b62d,Activa Plus Tablet,Zydus Cadila,,Pain Relief,109,29.56,False,True,2027-02-26 06:16:29.572
6a6d96275baa8e1afb22b558,Acton-OR Plus+ Tablet,Apex Laboratories Pvt Ltd,,Pain Relief,82,164.9,False,False,2028-01-13 16:59:57.505
6a6d96275baa8e1afb22b48b,Acton-OR Tablet SR,Apex Laboratories Pvt Ltd,,Pain Relief,70,50.55,False,False,2027-11-03 22:35:32.951
6a6d96275baa8e1afb22b662,Actopan 40mg Tablet,In Med Therapeutics,,Gastro & Digestion,9,65.4,False,False,2026-12-15 08:42:17.427
6a6d96275baa8e1afb22b6b9,Actorab 20 Tablet,Fitwel Pharmaceuticals Private Limited,,Gastro & Digestion,102,45.0,False,False,2027-01-28 08:18:19.849
6a6d96275baa8e1afb22b60f,Actorab-D Capsule SR,Fitwel Pharmaceuticals Private Limited,,Gastro & Digestion,18,70.0,False,False,2027-01-24 19:22:06.201
6a6d96275baa8e1afb22b6f3,Actozinc Syrup,Spc Healthcare Private Limited,,Vitamins & Supplements,73,85.0,False,False,2027-02-13 10:10:36.099
6a6d96275baa8e1afb22b4d5,Actrapid 100 IU/ml Flexpen,Novo Nordisk India Pvt Ltd,,Diabetes,74,569.8,False,True,2027-03-21 04:20:33.149
6a6d96275baa8e1afb22b49f,Actrapid HM 100IU/ml Penfill,Novo Nordisk India Pvt Ltd,,Diabetes,82,350.9,False,True,2027-03-08 10:04:36.306
6a6d96275baa8e1afb22b6f6,Acutus-LS Syrup,Cascade India Pharmaceuticals,,"Cough, Cold & Respiratory",102,88.0,False,False,2027-04-08 05:34:45.639
6a6d96275baa8e1afb22b495,Acuvin Tablet,Abbott,,Pain Relief,141,227.66,False,False,2027-08-05 05:40:41.129
6a6d96275baa8e1afb22b727,Acvilda 50mg Tablet,Acmedix Pharma LLP,,Diabetes,145,39.0,False,True,2027-11-25 15:17:22.177
6a6d96275baa8e1afb22b6ef,Acvilda-M 500mg/50mg Tablet,Acmedix Pharma LLP,,Diabetes,70,46.0,False,True,2028-03-22 23:28:56.617
6a6d96285baa8e1afb22b7c0,Acvlglip 50 Tablet,Accilex Diacardo,,Diabetes,66,89.0,False,True,2027-04-21 22:10:18.928
6a6d96275baa8e1afb22b70d,Adblock LH 50mg/5mg/12.5mg Tablet,Olcare Laboratories,,Heart & Blood Pressure,28,65.0,False,True,2028-01-06 16:00:49.343
6a6d96275baa8e1afb22b751,Adbrox LS Syrup,Aden Healthcare,,"Cough, Cold & Respiratory",6,75.0,False,False,2028-03-03 04:05:16.394
6a6d96285baa8e1afb22b79b,Adcob 100mg Injection,Kinedex Healthcare Pvt Ltd,,Vitamins & Supplements,64,266.0,False,False,2027-02-13 10:01:08.572
6a6d96275baa8e1afb22b71c,Adcov 50mg Injection,Adley Formulations,,Vitamins & Supplements,109,250.0,False,False,2027-08-14 07:50:49.421
6a6d96275baa8e1afb22b750,Adflox OZ Tablet,Adonis Laboratories Pvt Ltd,,Antibiotic,24,74.25,False,True,2026-12-05 20:28:12.124
6a6d96275baa8e1afb22b769,Adgril Tablet,Aretaeus Pharmaceuticals,,Heart & Blood Pressure,78,77.5,False,True,2028-02-07 05:42:49.810
6a6d96275baa8e1afb22b69c,Adicid 40 Tablet,Apex Diagnostic And Imaging Pvt Ltd,,Gastro & Digestion,45,95.0,False,False,2027-10-02 23:37:55.837
6a6d96275baa8e1afb22b6b5,Adidox 100mg Capsule,Adison Pharmaceuticals,,Antibiotic,33,46.0,False,True,2027-02-06 23:55:01.208
6a6d96275baa8e1afb22b5ed,Adiflam 1% Gel,Leben Life Sciences Pvt Ltd,,Pain Relief,146,37.0,False,True,2026-11-26 20:13:35.615
6a6d96275baa8e1afb22b5c3,Adiflam 50mg Tablet,Leben Life Sciences Pvt Ltd,,Pain Relief,73,8.37,False,True,2027-04-30 21:12:43.699
6a6d96275baa8e1afb22b554,Adiflam Plus 400 mg/500 mg Tablet,Leben Life Sciences Pvt Ltd,,Pain Relief,50,19.5,False,False,2028-02-23 11:24:51.821
6a6d96275baa8e1afb22b579,Adiflam Plus Suspension,Leben Life Sciences Pvt Ltd,,Pain Relief,87,30.25,False,False,2028-04-05 23:06:34.994
6a6d96275baa8e1afb22b596,Adine-Plus Tablet,Dr. Johns Laboratories Pvt Ltd,,Pain Relief,28,96.2,False,True,2028-03-27 19:59:34.771
6a6d96285baa8e1afb22b7b6,Adiwill Tablet,Adisys Healthcare,,Diabetes,26,55.0,False,True,2027-10-07 16:48:38.518
6a6d96275baa8e1afb22b5c1,Admol 1g Tablet SR,Kepler Health Care,,Pain Relief,142,50.0,False,False,2027-10-22 20:37:38.400
6a6d96275baa8e1afb22b639,Admol 250 DT Tablet,Kepler Health Care,,Pain Relief,96,25.0,False,False,2027-07-07 01:02:58.150
6a6d96275baa8e1afb22b5f8,Admol 650 Tablet DT,Kepler Health Care,,Pain Relief,4,22.85,False,False,2027-12-31 19:48:49.129
6a6d96275baa8e1afb22b562,Admol 650mg Tablet,Ethicare Pharma,,Pain Relief,67,22.85,False,False,2027-10-21 18:30:05.709
6a6d96275baa8e1afb22b5f6,Admol Drop,Kepler Health Care,,Pain Relief,108,60.14,False,False,2028-02-26 00:43:42.806
6a6d96275baa8e1afb22b5b8,Admol Junior 125mg Tablet,Ethicare Pharma,,Pain Relief,89,19.25,False,False,2026-11-03 00:27:02.756
6a6d96275baa8e1afb22b5ec,Adol 200mg Tablet,Legend Advanced Biomedicinals,,Pain Relief,46,42.43,False,False,2027-01-21 14:55:12.019
6a6d96275baa8e1afb22b752,Adoloc 20mg Capsule,Adoc Pharma,,Gastro & Digestion,104,35.0,False,False,2027-04-26 18:53:41.280
6a6d96275baa8e1afb22b6d0,Adorcal-CC Tablet,Cheminnova Life Sciences,,Vitamins & Supplements,103,240.0,False,False,2027-08-09 12:33:30.419
6a6d96275baa8e1afb22b6a1,Adox Tablet,Thrift Pharmaceuticals,,Antibiotic,112,180.0,False,True,2027-01-07 06:11:53.666
6a6d96275baa8e1afb22b66e,Adoxa LB Tablet,Aethicz Biolife,,Antibiotic,93,97.0,False,True,2027-03-09 00:43:15.257
6a6d96275baa8e1afb22b588,Adoxy LB Capsule,Atopic Laboratories,,Antibiotic,24,62.0,False,True,2027-12-09 13:30:14.715
6a6d96275baa8e1afb22b75a,Adplatt 75mg Tablet,Strides shasun Ltd,,Heart & Blood Pressure,44,46.33,False,True,2026-12-10 17:28:06.563
6a6d96275baa8e1afb22b757,Adron 4 Tablet MD,Advance Revive,,Gastro & Digestion,35,46.0,False,True,2027-08-28 07:56:04.130
6a6d96285baa8e1afb22b788,Adron-Kid Oral Solution,Advance Revive,,Gastro & Digestion,147,33.0,False,True,2028-01-19 20:28:36.928
6a6d96275baa8e1afb22b690,Adrovit Z Syrup,Adley Formulations,,Vitamins & Supplements,134,34.15,False,False,2027-06-16 03:18:17.857
6a6d96275baa8e1afb22b4ea,Adtrol XT Tablet,Wanbury Ltd,,Vitamins & Supplements,22,302.7,False,False,2027-03-14 16:44:50.196
6a6d96275baa8e1afb22b4ed,Advanced LCF Kid Expectorant,Lupin Ltd,,"Cough, Cold & Respiratory",25,51.7,False,False,2026-12-29 06:31:04.217
6a6d96275baa8e1afb22b55e,Advastat 10 Tablet,Fusion Healthcare Pvt Ltd,,Heart & Blood Pressure,122,139.0,False,True,2027-10-18 23:48:30.119
6a6d96275baa8e1afb22b621,Advastat 20 Tablet,Fusion Healthcare Pvt Ltd,,Heart & Blood Pressure,55,252.0,False,True,2028-01-18 07:11:41.210
6a6d96275baa8e1afb22b58a,Advastat CV 10 Capsule,Fusion Healthcare Pvt Ltd,,Heart & Blood Pressure,136,191.0,False,True,2027-04-13 07:50:27.909
6a6d96275baa8e1afb22b5ba,Advastat Gold 75mg/10mg/75mg Capsule,Fusion Healthcare Pvt Ltd,,Pain Relief,82,204.0,False,False,2028-04-21 08:16:31.715
6a6d96275baa8e1afb22b4a2,Advent 228.5mg Dry Syrup,Cipla Ltd,,Antibiotic,37,67.2,False,True,2027-09-12 11:45:43.885
6a6d96275baa8e1afb22b4ac,Advent 625 Tablet,Cipla Ltd,,Antibiotic,100,223.44,False,True,2027-04-06 01:32:17.606
6a6d96275baa8e1afb22b4f5,Advent 91.4mg Drops Tangy Orange,Cipla Ltd,,Antibiotic,125,105.8,False,True,2027-12-22 12:56:21.464
6a6d96275baa8e1afb22b498,Advent Forte 457mg Syrup Tangy Orange,Cipla Ltd,,Antibiotic,32,193.74,False,True,2027-10-06 19:10:18.230
6a6d96275baa8e1afb22b6a0,Advog M 0.2 Plus Tablet,Eris Lifesciences Ltd,,Diabetes,68,97.92,False,True,2027-04-18 12:48:04.837
6a6d96275baa8e1afb22b651,Advog M 0.2 Tablet SR,Eris Lifesciences Ltd,,Diabetes,107,97.92,False,True,2027-08-13 08:50:18.898
6a6d96275baa8e1afb22b5e9,Advog M 0.3 Plus Tablet,Eris Lifesciences Ltd,,Diabetes,38,125.51,False,True,2027-09-01 22:52:04.692
6a6d96275baa8e1afb22b694,Advog M 0.3 Tablet SR,Eris Lifesciences Ltd,,Diabetes,130,114.1,False,True,2027-01-07 19:36:51.801
6a6d96285baa8e1afb22b7c1,Adwiron Injection,Saksham Pharmaceuticals India Ltd,,Vitamins & Supplements,148,279.9,False,False,2027-12-02 12:31:30.581
6a6d96275baa8e1afb22b67a,Adyom 40mg Tablet,Hauz Pharma Pvt Ltd,,Gastro & Digestion,29,80.0,False,False,2027-02-01 04:46:39.698
6a6d96285baa8e1afb22b7a5,Adzobact 2% Ointment,ADZO Lifesciences Pvt Ltd,,Skin Care,35,160.0,False,True,2027-08-16 06:58:03.444
6a6d96285baa8e1afb22b7b1,Adzocal Tablet,ADZO Lifesciences Pvt Ltd,,Vitamins & Supplements,125,65.0,False,False,2028-01-27 16:25:48.677
6a6d96285baa8e1afb22b777,Adzovit 12 Combipack Injection,ADZO Lifesciences Pvt Ltd,,Vitamins & Supplements,129,28.0,False,False,2027-03-28 19:13:07.222
6a6d96275baa8e1afb22b686,Aedit EP Soap,Remember India Medicos,,Skin Care,135,81.0,False,False,2028-01-09 15:24:31.813
6a6d96275baa8e1afb22b5bf,Aeknil Injection,Therapeutic Pharmaceuticals,,Pain Relief,45,22.4,False,False,2028-03-05 15:48:14.564
6a6d96275baa8e1afb22b4e6,Aerocort Forte Rotacap,Cipla Ltd,,"Cough, Cold & Respiratory",138,95.16,False,False,2027-03-26 06:03:01.248
6a6d96275baa8e1afb22b478,Aerocort Inhaler,Cipla Ltd,,"Cough, Cold & Respiratory",68,273.77,False,False,2028-02-15 05:34:58.442
6a6d96275baa8e1afb22b4d7,Aerodil SF Expectorant,Zydus Cadila,,"Cough, Cold & Respiratory",17,118.5,False,False,2026-10-31 03:32:05.909
6a6d96275baa8e1afb22b540,Aerodil-LS Expectorant,German Remedies,,"Cough, Cold & Respiratory",113,114.9,False,False,2027-07-06 09:14:17.713
6a6d96275baa8e1afb22b771,Aerodol 4mg Injection,Aerochem Neutron,,Gastro & Digestion,119,21.0,False,True,2026-12-07 02:50:13.028
6a6d96275baa8e1afb22b756,Aerotide 200 mcg/100 mcg Inhaler,Sun Pharmaceutical Industries Ltd,,"Cough, Cold & Respiratory",145,59.2,False,False,2027-12-27 23:30:44.220
6a6d96275baa8e1afb22b70e,Aerotide Forte 400mcg/200mcg Diskette,Sun Pharmaceutical Industries Ltd,,"Cough, Cold & Respiratory",101,14.57,False,False,2027-02-21 15:12:08.374
6a6d96275baa8e1afb22b72b,Aerotide Inhaler,Sun Pharmaceutical Industries Ltd,,"Cough, Cold & Respiratory",5,11.12,False,False,2026-11-28 14:38:01.491
6a6d96275baa8e1afb22b717,Aerozest 0.31mg Respules (2.5 ml each),Macleods Pharmaceuticals Pvt Ltd,,"Cough, Cold & Respiratory",140,14.09,False,False,2027-03-24 11:35:52.671
6a6d96275baa8e1afb22b730,Aerozest 100mcg Rotacap,Macleods Pharmaceuticals Pvt Ltd,,"Cough, Cold & Respiratory",8,32.0,False,False,2028-03-23 06:33:35.906
6a6d96275baa8e1afb22b653,Aerozest 50mcg Inhaler,Macleods Pharmaceuticals Pvt Ltd,,"Cough, Cold & Respiratory",110,82.9,False,False,2027-08-18 14:36:16.074
6a6d96285baa8e1afb22b7d5,Afcorbate S 100mg Injection,Amplec Healthcare Pvt. Ltd.,,Vitamins & Supplements,109,252.0,False,False,2027-02-02 02:45:09.206
6a6d96275baa8e1afb22b696,Afdiloc 300mg Tablet,Anglo-French Drugs & Industries Ltd,,Gastro & Digestion,53,2.81,False,False,2028-01-24 02:38:58.516
6a6d96285baa8e1afb22b7bf,Afdiloc Injection,Anglo-French Drugs & Industries Ltd,,Gastro & Digestion,91,2.36,False,False,2026-10-31 01:44:25.643
6a6d96285baa8e1afb22b7d3,Afdipovidone N Ointment,Anglo-French Drugs & Industries Ltd,,Skin Care,101,12.5,False,False,2028-03-14 17:25:44.080
6a6d96275baa8e1afb22b607,Afineday Tablet,Indchemie Health Specialities Pvt Ltd,,Allergy,96,213.0,False,True,2027-07-31 19:15:14.757
6a6d96275baa8e1afb22b60e,Afix 200mg Tablet,Alpic Biotech Ltd,,Antibiotic,104,129.5,False,True,2027-12-05 05:14:28.804
6a6d96275baa8e1afb22b546,Afoglip M  1000 Tablet ER,Torrent Pharmaceuticals Ltd,,Diabetes,112,267.35,False,True,2027-07-12 20:12:11.542
6a6d96275baa8e1afb22b505,Afoglip M  500 Tablet ER,Torrent Pharmaceuticals Ltd,,Diabetes,73,255.8,False,True,2027-07-22 04:52:35.696
6a6d96275baa8e1afb22b732,Afon 4mg Tablet MD,Genesis Biotech Inc,,Gastro & Digestion,46,39.0,False,True,2028-03-10 00:27:30.446
6a6d96285baa8e1afb22b795,Aftron S 100 Injection,Astraea Life Sciences Pvt Ltd,,Vitamins & Supplements,113,250.0,False,False,2027-10-29 20:54:02.912
6a6d96275baa8e1afb22b71f,Ag-Bact Ointment,Algen Healthcare Limited,,Skin Care,68,92.5,False,True,2028-02-29 23:44:23.467
6a6d96285baa8e1afb22b7aa,Agedox 100mg Injection,Agex Laboratories Pvt Ltd,,Antibiotic,16,516.0,False,True,2026-11-22 04:57:30.509
6a6d96275baa8e1afb22b6c5,Agelite-LS Syrup,Rekin Pharma Pvt. Ltd.,,"Cough, Cold & Respiratory",91,94.9,False,False,2027-06-21 00:44:25.417
6a6d96275baa8e1afb22b6c8,Agile 50 mg/500 mg Tablet,Ind Swift Laboratories Ltd,,Pain Relief,19,14.78,False,True,2027-08-21 17:41:03.750
6a6d96275baa8e1afb22b68a,Agivog M 0.3 Tablet SR,Jubilant Life Sciences,,Diabetes,93,105.77,False,True,2027-09-22 16:07:11.771
6a6d96275baa8e1afb22b550,Agmacet 10mg Tablet,Amore Health Essentials Pvt Ltd,,Allergy,9,16.0,False,False,2027-05-09 02:59:37.027
6a6d96275baa8e1afb22b583,Agmamol 500mg Tablet,Amore Health Essentials Pvt Ltd,,Pain Relief,59,14.0,False,False,2027-09-04 19:03:11.233
6a6d96285baa8e1afb22b7c7,Agradine 5% Lotion,Agrawal Drugs Pvt. Ltd.,,Skin Care,141,42.0,False,False,2028-02-19 10:19:38.533
6a6d96285baa8e1afb22b7a3,Agradine 5% Ointment,Agrawal Drugs Pvt. Ltd.,,Skin Care,52,195.0,False,False,2027-03-25 10:22:17.960
6a6d96285baa8e1afb22b7c2,Agradine Scrub,Agrawal Drugs Pvt. Ltd.,,Skin Care,56,350.0,False,False,2027-10-03 01:22:34.291
6a6d96285baa8e1afb22b7d8,Aiken 100mg Injection,Afive Pharma,,Vitamins & Supplements,14,250.0,False,False,2026-11-20 00:22:46.834
6a6d96275baa8e1afb22b496,Air-M Tablet,Systopic Laboratories Pvt Ltd,,Allergy,84,69.0,False,True,2027-08-26 10:31:31.461
6a6d96275baa8e1afb22b61d,Airflow HD Tablet,Diicor Healthcare,,Allergy,65,229.0,False,True,2028-03-08 01:45:59.820
6a6d96275baa8e1afb22b6a7,Airise 60k Softgel Capsule,Ai Health Care LLP,,Vitamins & Supplements,0,124.0,False,False,2027-02-14 13:53:07.804
6a6d96275baa8e1afb22b747,Airomol PD 2 mg/50 mg Liquid,Zydus Cadila,,"Cough, Cold & Respiratory",35,17.4,False,False,2026-11-12 01:41:04.699
6a6d96275baa8e1afb22b689,Airwin-LB Respules (2ml Each),Ultimate Healthcare,,"Cough, Cold & Respiratory",26,176.0,False,False,2027-09-10 17:29:08.683
6a6d96275baa8e1afb22b51b,Akair LC Tablet,J B Chemicals and Pharmaceuticals Ltd,,Allergy,134,160.0,False,False,2027-08-31 11:47:32.502
6a6d96275baa8e1afb22b74d,Akcip TZ 500 mg/600 mg Tablet,Scott Edil Pharmacia Ltd,,Antibiotic,44,72.17,False,True,2027-10-21 04:38:40.064
6a6d96275baa8e1afb22b5b7,Akem Tablet DT,Medoz Pharmaceutical Pvt. Ltd,,Antibiotic,133,64.9,False,True,2028-01-13 03:28:12.169
6a6d96275baa8e1afb22b6cc,Akfer-XT Tablet,Akiez Healthcare,,Vitamins & Supplements,134,135.0,False,False,2027-01-09 09:03:01.597
6a6d96275baa8e1afb22b4f1,Akilos-P Tablet,Unison Pharmaceuticals Pvt Ltd,,Pain Relief,94,22.7,False,True,2026-11-28 06:45:48.823
6a6d96275baa8e1afb22b514,Akilos-SP Tablet,Unison Pharmaceuticals Pvt Ltd,,Pain Relief,15,43.3,False,True,2027-04-24 12:18:53.153
6a6d96275baa8e1afb22b5a2,Akme CT 10 Tablet,Akme Biotec,,Allergy,148,16.5,False,False,2027-04-19 17:30:55.385
6a6d96275baa8e1afb22b62e,Akme Clobetacon-GM Skin Cream,Akme Biotec,,Skin Care,131,72.5,False,False,2027-07-03 00:52:54.400
6a6d96275baa8e1afb22b637,Akroz Tablet,Akesiss Pharma Pvt Ltd,,Heart & Blood Pressure,86,82.0,False,True,2027-11-06 03:33:32.718
6a6d96275baa8e1afb22b6f4,Aktilor 5mg Tablet,Aktis Pharma India Pvt Ltd,,Allergy,15,70.0,False,False,2027-03-26 13:03:46.787
6a6d96285baa8e1afb22b7cb,Aktirose 20mg Injection,Aktimas Bio Pharmaceuticals Pvt Ltd,,Vitamins & Supplements,9,222.0,False,False,2028-01-27 04:17:36.609
6a6d96275baa8e1afb22b593,Alakast FA 10mg/120mg/200mg Tablet,Avel Life Sciences,,Allergy,104,279.0,False,True,2028-01-29 18:44:09.776
6a6d96275baa8e1afb22b52f,Alaspan AG Syrup,Fulford India Ltd,,Allergy,98,134.0,False,False,2027-12-23 01:35:33.729
6a6d96275baa8e1afb22b48c,Alaspan AM Tablet,Bayer Pharmaceuticals Pvt Ltd,,"Cough, Cold & Respiratory",31,98.8,False,False,2027-11-06 06:04:45.139
6a6d96275baa8e1afb22b648,Alastin AG Syrup,Leeford Healthcare Ltd,,Allergy,61,100.0,False,False,2028-01-11 18:21:47.789
6a6d96275baa8e1afb22b5d2,Albical Plus Tablet,Albinis Biotech Pvt Ltd,,Vitamins & Supplements,40,220.0,False,False,2026-11-26 00:21:42.298
6a6d96275baa8e1afb22b75f,Albidox LB 100mg Capsule,Albia Biocare,,Antibiotic,143,140.0,False,True,2027-11-23 07:06:37.712
6a6d96275baa8e1afb22b70f,Albodyne M Ointment,Albia Biocare,,Antibiotic,34,70.0,False,True,2027-11-29 13:41:24.666
6a6d96285baa8e1afb22b7d2,Albofer 100mg Injection,Albia Biocare,,Vitamins & Supplements,99,255.0,False,False,2027-02-25 13:12:47.562
6a6d96275baa8e1afb22b660,Albutamol Plus Syrup,Centaur Pharmaceuticals Pvt Ltd,,"Cough, Cold & Respiratory",133,65.39,False,False,2027-04-17 11:56:39.320
6a6d96275baa8e1afb22b559,Albutamol Plus Tablet,Centaur Pharmaceuticals Pvt Ltd,,"Cough, Cold & Respiratory",119,46.16,False,False,2027-09-14 14:30:54.320
6a6d96275baa8e1afb22b53c,Albutamol Syrup,Centaur Pharmaceuticals Pvt Ltd,,"Cough, Cold & Respiratory",65,65.4,False,False,2027-02-06 22:14:39.911
6a6d96275baa8e1afb22b6f7,Albuvit-Fe Tablet,Cellic Healthcare Pvt Ltd,,Vitamins & Supplements,3,105.0,False,False,2027-06-14 02:01:52.274
6a6d96275baa8e1afb22b719,Alcadin 2% Gargle,Ajanta Pharma Ltd,,Skin Care,104,155.0,False,False,2026-12-03 16:59:43.828
6a6d96275baa8e1afb22b501,Alcet 5mg Tablet,Prism Life Sciences Ltd,,Allergy,146,91.0,False,False,2028-03-19 20:36:44.131
6a6d96275baa8e1afb22b5b6,Alcet 5mg/5ml Syrup,Acron Pharmaceuticals,,Allergy,116,14.87,False,False,2027-06-19 16:42:22.795
6a6d96285baa8e1afb22b780,Alcibard Forte Tablet,B M Medico Pvt Ltd,,Vitamins & Supplements,11,29.0,False,False,2027-09-11 11:07:04.185
6a6d96275baa8e1afb22b763,Alcid 20mg Capsule,Algen Healthcare Limited,,Gastro & Digestion,128,24.5,False,False,2027-08-13 00:49:05.269
6a6d96275baa8e1afb22b60c,Alciflox 250mg Tablet,Alkem Laboratories Ltd,,Antibiotic,84,23.28,False,True,2028-04-10 03:43:09.031
6a6d96275baa8e1afb22b4da,Alciflox 500mg Tablet,Alkem Laboratories Ltd,,Antibiotic,33,45.29,False,True,2028-01-31 15:17:26.268
6a6d96275baa8e1afb22b55d,Alciflox D Eye/Ear Drops,Alkem Laboratories Ltd,,Antibiotic,121,45.0,False,True,2027-09-09 06:49:05.846
6a6d96275baa8e1afb22b68b,Alcin TZ 500mg/600mg Tablet,Anvik Biotech,,Antibiotic,6,75.0,False,True,2027-05-09 09:36:32.319
6a6d96275baa8e1afb22b6dd,Alcipro 1000mg Tablet,Alkem Laboratories Ltd,,Antibiotic,8,75.0,False,True,2027-07-26 08:34:37.329
6a6d96275baa8e1afb22b63b,Alcipro 250mg Tablet,Alkem Laboratories Ltd,,Antibiotic,141,23.28,False,True,2028-04-12 00:10:06.203
6a6d96275baa8e1afb22b656,Alcipro 2mg Infusion,Alkem Laboratories Ltd,,Antibiotic,82,17.14,False,True,2028-02-04 14:09:02.823
6a6d96285baa8e1afb22b77a,Alcipro 750mg Tablet,Alkem Laboratories Ltd,,Antibiotic,97,96.68,False,True,2027-07-09 04:09:13.110
6a6d96275baa8e1afb22b6e9,Alcold Plus Tablet,Legend Pharma Technologies,,Allergy,47,25.0,False,False,2027-02-15 07:19:18.225
6a6d96275baa8e1afb22b624,Alcure FM 10mg/120mg Tablet,Wafture Healthcare Pvt Ltd,,Allergy,134,122.9,False,True,2027-10-24 18:41:23.898
6a6d96275baa8e1afb22b6ca,Aldase OD 100 mg/30 mg Tablet,Lincoln Pharmaceuticals Ltd,,Pain Relief,26,144.9,False,True,2027-07-25 16:05:05.014
6a6d96275baa8e1afb22b618,Aldase-D 50mg/10mg Tablet,Lincoln Pharmaceuticals Ltd,,Pain Relief,19,86.9,False,True,2027-03-06 11:54:30.952
6a6d96275baa8e1afb22b5c0,Alday AM Tablet SR,S H Pharmaceuticals Ltd,,Allergy,122,60.6,False,False,2027-08-14 05:11:23.553
6a6d96275baa8e1afb22b5c7,Alday Duo 5mg/10mg Tablet,S H Pharmaceuticals Ltd,,Allergy,135,72.5,False,False,2028-03-04 11:49:28.136
6a6d96275baa8e1afb22b566,Alday Kid 5mg/5ml Syrup,S H Pharmaceuticals Ltd,,Allergy,142,55.0,False,False,2027-06-18 09:36:07.068
6a6d96275baa8e1afb22b590,Alday Kid Syrup,S H Pharmaceuticals Ltd,,Allergy,148,72.0,False,False,2027-07-03 10:05:05.591
6a6d96275baa8e1afb22b610,Alde 5mg Tablet,Cubit Healthcare,,Allergy,54,59.75,False,False,2027-08-22 13:37:00.761
6a6d96285baa8e1afb22b787,Aldezol 200mg Tablet,Albert David Ltd,,Antibiotic,29,14.93,False,True,2027-02-11 03:55:56.943
6a6d96275baa8e1afb22b691,Aldezol 400mg Tablet,Albert David Ltd,,Antibiotic,11,9.45,False,True,2027-04-30 22:10:14.989
6a6d96275baa8e1afb22b6cb,Aldezol DF 400mg/500mg Tablet,Albert David Ltd,,Antibiotic,80,22.94,False,True,2027-04-22 05:02:04.343
6a6d96275baa8e1afb22b704,Aldezol DF Syrup,Albert David Ltd,,Antibiotic,36,11.94,False,True,2027-02-03 19:42:19.888
6a6d96285baa8e1afb22b7cc,Aldezole 500mg Infusion,Alde Medi Impex Ltd,,Antibiotic,92,13.11,False,True,2027-03-25 06:21:22.387
6a6d96275baa8e1afb22b461,Aldigesic P 100mg/325mg Tablet,Alkem Laboratories Ltd,,Pain Relief,67,110.0,False,True,2027-07-09 19:40:33.314
6a6d96275baa8e1afb22b466,Aldigesic-SP Tablet,Alkem Laboratories Ltd,,Pain Relief,124,120.0,False,True,2027-11-16 23:14:37.051
6a6d96285baa8e1afb22b7a8,Aldine 10% Ointment,Alpic Biotech Ltd,,Skin Care,140,89.0,False,False,2028-02-11 19:29:30.017
6a6d96275baa8e1afb22b5b0,Aldo TL 40 mg/5 mg Tablet,Shine Pharmaceuticals Ltd,,Heart & Blood Pressure,123,89.5,False,True,2027-07-12 00:52:57.634
6a6d96275baa8e1afb22b620,Aldol Tablet,Altar Healthcare Pvt Ltd,,Pain Relief,76,14.0,False,True,2027-01-15 01:36:38.815
6a6d96275baa8e1afb22b6d8,Aldon 2mg Oral Drops,Alde Medi Impex Ltd,,Gastro & Digestion,131,35.0,False,True,2028-04-08 16:30:22.243
6a6d96285baa8e1afb22b775,Aldoxyl LB 100mg Tablet,Cista Medicorp,,Antibiotic,76,77.0,False,True,2028-03-30 13:11:35.391
6a6d96275baa8e1afb22b66a,Alencef 200mg Tablet DT,Alencure Biotech Pvt Ltd,,Antibiotic,62,89.0,False,True,2027-01-10 10:08:32.322
6a6d96275baa8e1afb22b597,Alenix 10mg Tablet,Canixa Life Sciences Pvt,,Allergy,14,66.0,False,False,2028-04-17 11:18:41.485
6a6d96275baa8e1afb22b55f,Alenix 5 Tablet,Canixa Life Sciences Pvt,,Allergy,92,48.0,False,False,2028-04-27 03:13:46.520
6a6d96275baa8e1afb22b5f9,Alenix-M Tablet,Canixa Life Sciences Pvt,,Allergy,48,114.0,False,False,2026-11-16 05:53:11.032
6a6d96275baa8e1afb22b674,Alentra 40mg Tablet,Aurum Life Science Pvt Ltd,,Gastro & Digestion,131,72.45,False,False,2026-12-26 22:07:20.506
6a6d96275baa8e1afb22b59f,Alerab-DSR Capsule,Alester Pharma Pvt Ltd,,Gastro & Digestion,106,85.0,False,False,2027-12-10 11:28:04.187
6a6d96275baa8e1afb22b561,Alerfix Tablet,Eris Lifesciences Ltd,,Allergy,21,52.27,False,False,2027-05-29 00:03:04.772
6a6d96275baa8e1afb22b49d,Alerfix Total Tablet SR,Eris Lifesciences Ltd,,"Cough, Cold & Respiratory",87,262.02,False,False,2026-12-15 19:35:31.784
6a6d96275baa8e1afb22b575,Alerfri SF 650 mg/60 mg/2.5 mg Tablet,Navil Laboratories Pvt Ltd,,Pain Relief,24,59.25,False,False,2027-07-13 04:35:07.367
6a6d96275baa8e1afb22b5d9,Alergard-M Tablet,Biomax Biotechnics Pvt Ltd,,Allergy,34,147.62,False,True,2027-01-06 00:27:53.340
6a6d96275baa8e1afb22b573,Alergin 10mg Tablet,Cipla Ltd,,Allergy,42,19.7,False,False,2028-01-21 21:01:28.332
6a6d96275baa8e1afb22b574,Alergin Cold Total Tablet,Cipla Ltd,,Pain Relief,6,51.5,False,False,2027-08-14 12:35:36.809
6a6d96275baa8e1afb22b52e,Alerid Cold Tablet,Cipla Ltd,,Allergy,117,65.5,False,False,2027-10-05 22:42:35.127
6a6d96275baa8e1afb22b47c,Alerid Syrup,Cipla Ltd,,Allergy,10,21.84,False,False,2027-11-11 13:44:35.966
6a6d96275baa8e1afb22b47d,Alerid Tablet,Cipla Ltd,,Allergy,47,20.48,False,False,2027-04-09 12:47:11.619
6a6d96275baa8e1afb22b483,Alerid-D Tablet,Cipla Ltd,,Allergy,83,57.97,False,False,2027-08-06 08:58:34.893
6a6d96275baa8e1afb22b60a,Alerta D Tablet,Gary Pharmaceuticals Pvt Ltd,,Allergy,130,36.0,False,False,2028-03-09 16:17:54.297
6a6d96275baa8e1afb22b5f5,Alertac 10mg Tablet,Seagull Pharmaceutical Pvt Ltd,,Allergy,14,9.7,False,False,2028-01-17 11:25:34.505
6a6d96275baa8e1afb22b560,Aleva 5mg Tablet,Aronex Life Sciences Pvt Ltd,,Allergy,90,29.0,False,False,2028-03-22 17:11:36.044
6a6d96275baa8e1afb22b469,Alex Cough Lozenges Lemon Ginger,Glenmark Pharmaceuticals Ltd,,"Cough, Cold & Respiratory",54,108.0,False,False,2027-10-18 10:01:32.079
6a6d96275baa8e1afb22b4dd,Alex Cough Lozenges Sugar Free,Glenmark Pharmaceuticals Ltd,,"Cough, Cold & Respiratory",91,111.0,False,False,2027-03-19 23:01:28.335
6a6d96275baa8e1afb22b609,Alexcet 10mg Tablet,Glenmark Pharmaceuticals Ltd,,Allergy,112,18.53,False,False,2027-02-26 20:00:43.330
6a6d96275baa8e1afb22b5cb,Alexofer-XT Tablet,Druto Laboratories,,Vitamins & Supplements,33,120.0,False,False,2027-08-01 23:10:02.177
6a6d96275baa8e1afb22b680,Alexza Tablet,Sulzderma Pharmaceuticals Pvt Ltd,,Allergy,134,68.0,False,False,2028-01-18 14:07:25.715
6a6d96275baa8e1afb22b772,Alfadox 100mg Capsule,Betamax Remedies,,Antibiotic,21,35.0,False,True,2027-01-09 11:24:20.478
6a6d96275baa8e1afb22b688,Alfapsin D 50mg/50000IU Tablet,Hetero Drugs Ltd,,Pain Relief,54,52.21,False,True,2027-12-16 07:10:13.600
6a6d96285baa8e1afb22b7a9,Alferon XT 20mg Injection,Alarius Healthcare,,Vitamins & Supplements,128,205.0,False,False,2027-03-24 20:38:36.342
6a6d96275baa8e1afb22b67e,Alfexo M 10mg/120mg Tablet,Ernst Pharmacia,,Allergy,112,125.0,False,True,2027-11-10 04:20:57.623
6a6d96285baa8e1afb22b798,Alfolic 5mg Tablet,Altak Pharmaceuticals Pvt Ltd,,Vitamins & Supplements,127,12.9,False,False,2027-06-02 17:01:19.895
6a6d96275baa8e1afb22b4cc,Algesia CR 200mg/20mg Capsule,Macleods Pharmaceuticals Pvt Ltd,,Pain Relief,124,121.0,False,True,2027-08-07 18:55:15.762
6a6d96275baa8e1afb22b5a0,Algina 650 Tablet,Geno Pharmaceuticals Ltd,,Pain Relief,44,11.25,False,False,2027-12-24 05:00:59.712
6a6d96275baa8e1afb22b677,Algirest M Syrup,Mac Millon Pharmaceuticals Pvt Ltd,,Allergy,99,108.0,False,True,2027-03-23 21:52:00.569
6a6d96275baa8e1afb22b683,Algo 10mg Tablet,Rapross Pharmaceuticals Pvt Ltd,,Allergy,134,29.79,False,False,2027-02-08 00:57:19.164
6a6d96275baa8e1afb22b685,Ali M 500mg Tablet,Mefro Pharmaceuticals Pvt Ltd,,Diabetes,62,10.5,False,True,2027-07-08 03:19:50.991
6a6d96275baa8e1afb22b551,Alides 5mg Tablet,Leeford Healthcare Ltd,,Allergy,44,65.0,False,False,2027-03-31 15:42:29.967
6a6d96275baa8e1afb22b622,Alidox LB 100mg Tablet,Allien Pharmaceuticals,,Antibiotic,0,110.0,False,True,2026-11-29 22:10:28.634
6a6d96275baa8e1afb22b65a,Alifix CV 200mg/125mg Tablet,Alisier Drugs Pvt Ltd,,Antibiotic,65,260.0,False,True,2027-07-03 21:01:51.391
6a6d96275baa8e1afb22b693,Alispan 10mg Tablet,Fulford India Ltd,,Allergy,104,117.0,False,False,2027-07-29 01:42:39.496
6a6d96275baa8e1afb22b66d,Alkali-P Tablet,Entrust Healthcare Pvt Ltd,,Gastro & Digestion,66,80.0,False,False,2027-12-29 22:14:42.214
6a6d96275baa8e1afb22b538,Alkem Cold 5 mg/500 mg/5 mg Tablet,Alkem Laboratories Ltd,,Allergy,29,28.0,False,False,2028-04-09 17:32:04.715
6a6d96275baa8e1afb22b57e,Alkem Cold Suspension,Alkem Laboratories Ltd,,Allergy,39,53.0,False,False,2027-09-13 12:13:19.040
6a6d96275baa8e1afb22b525,Alkof LS Syrup,Alkem Laboratories Ltd,,Allergy,114,99.0,False,False,2027-08-18 22:38:53.301
6a6d96275baa8e1afb22b454,Allegra-M Tablet,Sanofi India  Ltd,,Allergy,131,241.48,False,True,2027-12-28 21:30:57.366
6a6d96275baa8e1afb22b731,Allerban 10mg Tablet,Saga Laboratories,,Allergy,117,29.5,False,False,2027-07-07 16:32:33.009
6a6d96275baa8e1afb22b6ce,Allercalcin Tablet,Retort  Pharma Pvt Ltd,,Vitamins & Supplements,18,49.5,False,False,2028-04-16 21:29:47.955
6a6d96275baa8e1afb22b4b7,Allercet Cold Tablet,Micro Labs Ltd,,Allergy,85,77.0,False,False,2026-11-13 14:41:50.622
6a6d96275baa8e1afb22b5ea,Allercet Paed 5mg Tablet,Micro Labs Ltd,,Allergy,93,32.5,False,False,2027-03-11 23:45:57.124
6a6d96275baa8e1afb22b485,Allercet-DC Tablet,Micro Labs Ltd,,Allergy,125,80.0,False,False,2027-09-18 19:58:38.970
6a6d96275baa8e1afb22b543,Allercet-L Tablet,Micro Labs Ltd,,Allergy,38,59.0,False,False,2027-07-03 08:00:13.140
6a6d96275baa8e1afb22b4eb,Allercet-M Syrup,Micro Labs Ltd,,Allergy,109,104.0,False,False,2027-05-07 13:37:54.748
6a6d96275baa8e1afb22b4d0,Allercet-M Tablet,Micro Labs Ltd,,Allergy,6,152.0,False,False,2026-11-05 23:20:36.814
6a6d96275baa8e1afb22b5bd,Allerde 5mg Tablet,East West Pharma,,Allergy,67,74.8,False,False,2027-09-17 08:37:20.779
6a6d96275baa8e1afb22b5e0,Allerde M Tablet,East West Pharma,,Allergy,126,163.9,False,False,2028-02-23 09:05:40.654
6a6d96275baa8e1afb22b65f,Allerfast M Tablet,Nri Vision Care India Limited,,Allergy,0,129.0,False,True,2027-09-03 20:55:56.205
6a6d96275baa8e1afb22b6d1,Allergesic 5mg Tablet,Meridian Medicare Ltd,,Allergy,61,36.5,False,False,2026-12-01 04:25:27.645
6a6d96275baa8e1afb22b5b2,Allergin 10mg Tablet,Jenburkt Pharmaceuticals Ltd,,Allergy,30,95.0,False,False,2027-04-18 21:13:16.905
6a6d96275baa8e1afb22b53e,Allerkast LC Tablet,Lupin Ltd,,Allergy,17,148.5,False,False,2027-11-08 22:31:32.530
6a6d96275baa8e1afb22b59a,Allerone-M Tablet,Gladstone Pharma India Pvt Ltd,,Allergy,131,155.1,False,False,2027-12-01 23:34:00.162
6a6d96285baa8e1afb22b7a1,Allerpar Tablet,Paripurna Healthcare,,Vitamins & Supplements,30,38.0,False,False,2028-04-09 16:09:03.119
6a6d96275baa8e1afb22b676,Allerwell FX 10mg/120mg Tablet,WellOK Pharma,,Allergy,76,119.0,False,True,2027-06-28 00:22:38.984
6a6d96275baa8e1afb22b580,Allerzine L 5mg Tablet,Jenburkt Pharmaceuticals Ltd,,Allergy,59,27.9,False,False,2027-09-24 19:34:18.614
6a6d96275baa8e1afb22b742,Allflam 400 mg/500 mg Tablet,Allentis Pharmaceuticals Pvt Ltd,,Pain Relief,47,8.06,False,False,2027-05-17 23:17:18.017
6a6d96275baa8e1afb22b721,Allmet 500mg Tablet SR,Surge Biotech Pvt Ltd,,Diabetes,146,25.0,False,True,2027-06-22 09:43:27.131
6a6d96275baa8e1afb22b6ae,Allocid 20 Tablet,Allegiant Biotech,,Gastro & Digestion,101,125.0,False,False,2027-10-18 03:53:02.474
6a6d96275baa8e1afb22b4ff,Allrite DC Tablet ER,Zydus Cadila,,Allergy,86,127.95,False,False,2027-09-01 17:06:11.503
6a6d96275baa8e1afb22b592,Allrite Tablet,Zydus Cadila,,Allergy,88,90.47,False,False,2027-08-28 21:32:46.390
6a6d96275baa8e1afb22b675,Alltide D 5mg Tablet,Eumedica Pharmaceuticals,,Allergy,32,67.2,False,False,2028-04-08 06:50:50.526
6a6d96275baa8e1afb22b61f,Almetfor 500mg Tablet,Alkem Laboratories Ltd,,Diabetes,103,26.84,False,True,2027-05-09 07:12:10.807
6a6d96275baa8e1afb22b626,Almocef 200mg Tablet,Gujarat Terce Laboratories Ltd,,Antibiotic,4,106.0,False,True,2027-02-08 01:39:56.444
6a6d96275baa8e1afb22b62b,Almocef O 200 mg/200 mg Tablet,Gujarat Terce Laboratories Ltd,,Antibiotic,138,155.0,False,True,2028-01-10 16:57:09.806
6a6d96275baa8e1afb22b629,Almont FX 10mg/120mg Tablet,Unicure Remedies Pvt  Ltd,,Allergy,37,90.0,False,True,2027-03-12 18:19:56.703
6a6d96275baa8e1afb22b59c,Almont LC 5mg/10mg Tablet,Unicure Remedies Pvt  Ltd,,Allergy,141,70.0,False,False,2027-06-02 21:49:40.549
6a6d96275baa8e1afb22b4bc,Almox 250 Capsule,Alkem Laboratories Ltd,,Antibiotic,59,24.72,False,True,2026-12-17 01:06:01.341
6a6d96275baa8e1afb22b45e,Almox 500 Capsule,Alkem Laboratories Ltd,,Antibiotic,138,80.26,False,True,2026-12-17 06:28:19.406
6a6d96275baa8e1afb22b4a4,Almox-CV 625 Tablet,Cachet Pharmaceuticals Pvt Ltd,,Antibiotic,1,116.51,False,True,2027-07-11 09:24:30.292
6a6d96275baa8e1afb22b658,Alnamet Myo 500mg/600mg Tablet,Alna Biotech Pvt Ltd,,Diabetes,107,176.0,False,True,2027-08-17 06:16:39.981
6a6d96275baa8e1afb22b606,Alocet-XL 2.5mg/5ml/30mg/5ml Syrup,Viilbery Healthcare Pvt Ltd,,Allergy,93,40.0,False,False,2027-05-31 20:11:22.270
6a6d96275baa8e1afb22b75e,Alodox 500mg Tablet,Adcco Limited,,Antibiotic,124,62.0,False,True,2028-01-31 11:06:08.504
6a6d96275baa8e1afb22b726,Alodyne Ointment,Dynamed Pharmaceuticals Pvt Ltd,,Antibiotic,80,54.0,False,True,2027-03-13 22:52:05.401
6a6d96275baa8e1afb22b748,Alom 20mg Capsule,Alvid-Indo Corporation,,Gastro & Digestion,41,39.0,False,False,2027-02-26 16:45:41.456
6a6d96275baa8e1afb22b75b,Alorex A Cream,Maneesh Pharmaceuticals Ltd,,Skin Care,28,66.35,False,False,2027-11-13 00:17:20.654
6a6d96275baa8e1afb22b625,Alorex Cream,Maneesh Pharmaceuticals Ltd,,Skin Care,89,60.35,False,False,2026-12-16 06:22:54.588
6a6d96275baa8e1afb22b545,Alorti Tablet,Mohrish Pharmaceuticals,,Allergy,107,64.0,False,False,2028-04-13 23:54:09.660
6a6d96275baa8e1afb22b5cd,Alorti-M Tablet,Mohrish Pharmaceuticals,,Allergy,122,135.0,False,False,2027-03-15 12:27:51.017
6a6d96275baa8e1afb22b678,Alpan 40mg Tablet,Altak Pharmaceuticals Pvt Ltd,,Gastro & Digestion,94,60.0,False,False,2027-02-02 03:47:55.595
6a6d96275baa8e1afb22b64d,Alpus LS Syrup,Vrinda Life,,"Cough, Cold & Respiratory",46,80.0,False,False,2027-02-21 23:04:07.666
6a6d96275baa8e1afb22b5c6,Alrgee M 10mg/120mg Tablet,Morepen Laboratories Ltd,,Allergy,119,47.62,False,True,2027-11-20 09:53:33.263
6a6d96275baa8e1afb22b5bc,Alsar D 10mg/20mg Tablet,Candrin Pharma Pvt Ltd,,Gastro & Digestion,7,59.0,False,False,2028-01-24 11:54:15.914
6a6d96275baa8e1afb22b5c5,Alsartan 50 Tablet,Aristo Pharmaceuticals Pvt Ltd,,Heart & Blood Pressure,127,75.5,False,True,2026-11-15 22:30:07.135
6a6d96275baa8e1afb22b5b9,Alsartan AM Tablet,Aristo Pharmaceuticals Pvt Ltd,,Heart & Blood Pressure,2,85.0,False,True,2027-03-09 08:48:04.998
6a6d96275baa8e1afb22b581,Alsartan-H Tablet,Aristo Pharmaceuticals Pvt Ltd,,Heart & Blood Pressure,120,91.95,False,True,2028-01-23 05:29:03.040
6a6d96275baa8e1afb22b5b1,Alsera D 50 mg/10 mg Tablet,Alkem Laboratories Ltd,,Pain Relief,131,58.0,False,True,2027-05-10 18:02:08.202
6a6d96285baa8e1afb22b79e,Alset 2mg Syrup,Alpha Lab,,Gastro & Digestion,26,27.0,False,True,2026-11-30 17:37:30.841
6a6d96275baa8e1afb22b6d3,Alset 4mg Tablet,Alpha Lab,,Gastro & Digestion,55,35.0,False,True,2026-12-04 18:16:43.545
6a6d96275baa8e1afb22b6ec,Alshine D3 Softgel Capsule,Alathea Biotec Pvt Ltd,,Vitamins & Supplements,57,124.0,False,False,2028-03-14 01:36:55.372
6a6d96275baa8e1afb22b632,Alt-FM Tablet,Indoco Remedies Ltd,,Allergy,5,169.4,False,True,2027-05-10 11:52:50.473
6a6d96275baa8e1afb22b599,Altax-O 200 Tablet DT,Galpha Laboratories Ltd,,Antibiotic,101,94.17,False,True,2027-10-20 19:09:50.215
6a6d96275baa8e1afb22b701,Alto 20mg Tablet,Uniorange group,,Gastro & Digestion,78,25.3,False,False,2027-02-25 02:03:05.823
6a6d96275baa8e1afb22b6f9,Altodin 10mg Tablet,Bonsai Pharma,,Allergy,11,39.6,False,False,2027-02-24 11:58:55.732
6a6d96275baa8e1afb22b6b6,Altracid 40mg Tablet,Alter Ego Pharmaceuticals,,Gastro & Digestion,139,51.0,False,False,2026-12-11 15:56:35.637
6a6d96275baa8e1afb22b45b,Altraday Capsule SR,Sun Pharmaceutical Industries Ltd,,Pain Relief,93,128.0,False,True,2027-07-27 03:40:40.204
6a6d96275baa8e1afb22b5cc,Altram Tablet,Axon Drugs Pvt Ltd,,Pain Relief,26,49.97,False,False,2027-06-30 00:29:47.126
6a6d96275baa8e1afb22b5a4,Altriz-M Tablet,Asterisk Laboratories India Pvt Ltd,,Allergy,46,130.9,False,False,2028-04-05 19:54:17.854
6a6d96275baa8e1afb22b70b,Alvirab 20mg Tablet,Alvid Biocare,,Gastro & Digestion,98,54.0,False,False,2027-06-03 11:35:45.128
6a6d96275baa8e1afb22b5eb,Alviroz 10 Tablet,Salud Care India Pvt Ltd,,Heart & Blood Pressure,148,140.0,False,True,2027-03-23 11:34:02.774
6a6d96285baa8e1afb22b7ad,Alvitral  Tablet,East West Pharma,,Vitamins & Supplements,17,59.4,False,False,2027-09-26 09:20:27.808
6a6d96275baa8e1afb22b55b,Alzero M Syrup,Indchemie Health Specialities Pvt Ltd,,Allergy,114,111.0,False,False,2027-01-13 13:55:37.263
6a6d96275baa8e1afb22b528,Alzero M Tablet,Indchemie Health Specialities Pvt Ltd,,Allergy,78,104.5,False,False,2026-12-08 00:18:22.031
6a6d96275baa8e1afb22b647,Amalzol-DSR Capsule,Superlative Healthcare,,Gastro & Digestion,123,87.0,False,False,2026-12-01 01:22:22.357
6a6d96275baa8e1afb22b473,Amaryl 1mg Tablet,Sanofi India  Ltd,,Diabetes,115,133.81,False,True,2026-11-03 10:33:55.516
6a6d96275baa8e1afb22b487,Amaryl 2mg Tablet,Sanofi India  Ltd,,Diabetes,23,212.65,False,True,2027-03-14 12:24:42.152
6a6d96275baa8e1afb22b4f9,Amaryl 3mg Tablet,Sanofi India  Ltd,,Diabetes,83,438.43,False,True,2027-07-12 16:09:30.548
6a6d96275baa8e1afb22b565,Amaryl 4mg Tablet,Sanofi India  Ltd,,Diabetes,128,397.0,False,True,2026-11-28 15:28:37.304
6a6d96275baa8e1afb22b48f,Amaryl M  1mg Tablet PR,Sanofi India  Ltd,,Diabetes,145,242.84,False,True,2027-12-13 16:09:39.906
6a6d96275baa8e1afb22b494,Amaryl M  2mg Tablet PR,Sanofi India  Ltd,,Diabetes,123,363.34,False,True,2028-02-23 14:12:45.109
6a6d96275baa8e1afb22b502,Amaryl M Forte 1mg Tablet PR,Sanofi India  Ltd,,Diabetes,71,211.3,False,True,2027-10-02 23:21:55.734
6a6d96275baa8e1afb22b4cb,Amaryl M Forte 2mg Tablet PR,Sanofi India  Ltd,,Diabetes,115,276.3,False,True,2027-02-01 15:56:33.920
6a6d96275baa8e1afb22b59d,Amaryl MP 2mg Tablet ER,Sanofi India  Ltd,,Diabetes,98,489.5,False,True,2026-12-08 12:46:14.689
6a6d96275baa8e1afb22b4c7,Amaryl MV 1mg Tablet SR,Sanofi India  Ltd,,Diabetes,135,168.39,False,True,2027-07-23 20:07:23.780
6a6d96275baa8e1afb22b4ae,Amaryl MV 2mg Tablet SR,Sanofi India  Ltd,,Diabetes,68,213.42,False,True,2027-05-06 14:03:42.318
6a6d96275baa8e1afb22b66c,Amaze 20mg Capsule,Anvik Biotech,,Gastro & Digestion,7,76.0,False,False,2028-03-02 00:50:52.360
6a6d96275baa8e1afb22b5d0,Ambcet Syrup,Fourrts India Laboratories Pvt Ltd,,Allergy,97,69.0,False,False,2027-09-06 04:09:34.892
6a6d96275baa8e1afb22b6d9,Ambiflam 400mg/500mg Tablet,Affy Pharma Pvt Ltd,,Pain Relief,49,13.0,False,False,2028-03-19 14:11:21.657
6a6d96275baa8e1afb22b5c2,Ambolev 5mg Tablet,Intra Life,,Allergy,0,37.8,False,False,2027-06-13 18:52:07.014
6a6d96275baa8e1afb22b75d,Amborxel-LS Syrup,Styla Pharmaceutical Private Limited,,"Cough, Cold & Respiratory",43,80.0,False,False,2027-01-20 02:50:48.099
6a6d96275baa8e1afb22b759,Ambrocof-LS Expectorant,Care Formulation Labs Pvt Ltd,,"Cough, Cold & Respiratory",41,97.0,False,False,2027-01-30 12:05:25.974
6a6d96275baa8e1afb22b76a,Ambrodex A Syrup,Uniphar Biotech Private Limited,,"Cough, Cold & Respiratory",70,70.0,False,False,2027-06-19 17:34:28.965
6a6d96275baa8e1afb22b6e4,Ambrodex L Syrup,Uniphar Biotech Private Limited,,"Cough, Cold & Respiratory",4,80.0,False,False,2027-09-24 14:02:08.062
6a6d96275baa8e1afb22b47a,Ambrodil Syrup,Aristo Pharmaceuticals Pvt Ltd,,"Cough, Cold & Respiratory",98,69.75,False,False,2028-04-02 17:47:41.152
6a6d96275baa8e1afb22b472,Ambrodil-LX Syrup,Aristo Pharmaceuticals Pvt Ltd,,"Cough, Cold & Respiratory",53,90.85,False,False,2027-01-11 11:34:03.699
6a6d96275baa8e1afb22b489,Ambrodil-Plus RF Syrup,Aristo Pharmaceuticals Pvt Ltd,,"Cough, Cold & Respiratory",102,89.75,False,False,2027-07-02 02:02:50.185
6a6d96275baa8e1afb22b459,Ambrodil-S Syrup,Aristo Pharmaceuticals Pvt Ltd,,"Cough, Cold & Respiratory",106,30.2,False,False,2027-10-07 20:48:06.189
6a6d96275baa8e1afb22b6a4,Ambrolid LS Syrup,MayGriss Healthcare Pvt. Ltd,,"Cough, Cold & Respiratory",110,73.0,False,False,2027-05-25 07:20:56.368
6a6d96275baa8e1afb22b4ca,Ambrolite Levo Syrup,Tablets India Limited,,"Cough, Cold & Respiratory",64,107.0,False,False,2027-06-01 09:42:06.266
6a6d96275baa8e1afb22b4b2,Ambrolite Syrup,Tablets India Limited,,"Cough, Cold & Respiratory",92,82.0,False,False,2027-07-22 01:16:53.836
6a6d96275baa8e1afb22b492,Ambrolite-S Expectorant,Tablets India Limited,,"Cough, Cold & Respiratory",112,106.0,False,False,2027-09-11 14:07:35.055
6a6d96275baa8e1afb22b6ad,Ambrosal LS Syrup,Capri Pharmaceuticals,,"Cough, Cold & Respiratory",17,72.0,False,False,2028-01-31 21:35:19.428
6a6d96275baa8e1afb22b68c,Ambroxen-LS Syrup,Raxon Lifesciences Pvt Ltd,,"Cough, Cold & Respiratory",96,60.0,False,False,2027-05-24 08:20:19.528
6a6d96275baa8e1afb22b724,Ambroxen-LS Syrup Sugar Free,Raxon Lifesciences Pvt Ltd,,"Cough, Cold & Respiratory",122,90.0,False,False,2027-07-02 20:24:54.893
6a6d96275baa8e1afb22b5f1,Amcard-LP Tablet,Systopic Laboratories Pvt Ltd,,Heart & Blood Pressure,115,50.0,False,True,2028-02-16 19:56:15.761
6a6d96275baa8e1afb22b65b,Amcef 200mg Tablet,Amplec Healthcare Pvt. Ltd.,,Antibiotic,88,105.0,False,True,2028-04-24 03:51:05.280
6a6d96275baa8e1afb22b617,Amchek-Z Tablet,Indoco Remedies Ltd,,Heart & Blood Pressure,127,121.0,False,True,2028-03-10 10:26:05.732
6a6d96275baa8e1afb22b5b4,Amcold 5 mg/60 mg Tablet,Cipla Ltd,,Allergy,122,19.1,False,False,2026-12-10 00:20:06.782
6a6d96285baa8e1afb22b799,Amdoxy Capsule,Ampira Biotechnics Pvt Ltd,,Antibiotic,113,99.0,False,True,2026-12-23 15:40:22.135
6a6d96275baa8e1afb22b760,Amedil 4mg Tablet,Gujarat Terce Laboratories Ltd,,Gastro & Digestion,27,22.11,False,True,2027-07-25 21:20:47.026
6a6d96285baa8e1afb22b792,Ameebee 200mg/250mg Tablet,TOSC International Pvt Ltd,,Antibiotic,83,7.0,False,True,2028-04-06 11:01:30.148
6a6d96275baa8e1afb22b712,Ameebee DF 400mg/500mg Tablet,TOSC International Pvt Ltd,,Antibiotic,67,13.0,False,True,2027-04-20 00:56:32.270
6a6d96275baa8e1afb22b700,Amefur 100 mg/100 mg Syrup,Numed,,Antibiotic,104,33.43,False,True,2028-02-13 12:07:49.747
6a6d96275baa8e1afb22b718,Amerin-LS Syrup,Cista Medicorp,,"Cough, Cold & Respiratory",66,66.0,False,False,2027-10-03 06:16:24.480
6a6d96275baa8e1afb22b745,Ameto 1000 Tablet ER,Salud Care India Pvt Ltd,,Diabetes,108,63.0,False,True,2026-11-16 02:29:55.220
6a6d96275baa8e1afb22b6a6,Ameto 500 Tablet ER,Salud Care India Pvt Ltd,,Diabetes,96,34.0,False,True,2027-08-26 12:12:48.368
6a6d96275baa8e1afb22b71a,Ameto-LS Syrup,Shinto Organics (P) Limited,,"Cough, Cold & Respiratory",0,65.0,False,False,2027-12-30 15:10:44.447
6a6d96275baa8e1afb22b76c,Amezole 20mg Capsule,B L Pharma Limited,,Gastro & Digestion,65,39.0,False,False,2027-12-27 16:32:13.730
6a6d96275baa8e1afb22b6f0,Amgargl,Nri Vision Care India Limited,,Skin Care,14,90.0,False,False,2028-01-19 09:16:15.928
6a6d96275baa8e1afb22b511,Amicet 5 mg/60 mg Tablet,Leeford Healthcare Ltd,,Allergy,40,49.0,False,False,2027-01-17 14:25:58.306
6a6d96275baa8e1afb22b542,Amicet Plus Tablet,Leeford Healthcare Ltd,,"Cough, Cold & Respiratory",132,50.0,False,False,2027-01-18 04:52:00.877
6a6d96275baa8e1afb22b6b7,Amidase D 50mg/10mg Tablet,Adley Formulations,,Pain Relief,45,63.03,False,True,2027-01-29 11:08:16.284
6a6d96285baa8e1afb22b7c4,Amiral 0.2% Mouth Wash,Amista Labs Pvt Ltd,,Skin Care,41,75.0,False,False,2028-01-23 17:11:20.875
6a6d96275baa8e1afb22b725,Amizole 20 Capsule,Zephon Life Sciences,,Gastro & Digestion,96,26.2,False,False,2026-11-25 02:36:22.404
6a6d96275baa8e1afb22b47b,Amlip 5 Tablet,Cipla Ltd,,Heart & Blood Pressure,0,32.36,False,True,2027-08-29 07:56:38.337
6a6d96275baa8e1afb22b49b,Amlip AT Tablet,Cipla Ltd,,Heart & Blood Pressure,146,72.6,False,True,2026-12-07 06:00:22.573
6a6d96275baa8e1afb22b4e1,Amlo 5mg Tablet,Mano Pharma Pvt Ltd,,Heart & Blood Pressure,102,24.4,False,True,2028-03-04 16:25:23.004
6a6d96275baa8e1afb22b499,Amlodac 5 Tablet,Zydus Cadila,,Heart & Blood Pressure,4,97.1,False,True,2028-02-26 23:56:10.445
6a6d96275baa8e1afb22b53f,Amlodac T 40 mg/5 mg Tablet,Zydus Cadila,,Heart & Blood Pressure,102,206.5,False,True,2027-05-19 07:18:53.591
6a6d96275baa8e1afb22b4c6,Amlogard 5mg Tablet,Pfizer Ltd,,Heart & Blood Pressure,130,91.86,False,True,2028-01-05 23:29:27.634
6a6d96275baa8e1afb22b470,Amlokind 5 Tablet,Mankind Pharma Ltd,,Heart & Blood Pressure,70,22.15,False,True,2027-11-26 06:24:09.383
6a6d96275baa8e1afb22b5ad,Amlokind TM 40mg/5mg Tablet,Mankind Pharma Ltd,,Heart & Blood Pressure,84,57.31,False,True,2027-12-10 05:43:27.100
6a6d96275baa8e1afb22b460,Amlokind-AT Tablet,Mankind Pharma Ltd,,Heart & Blood Pressure,48,44.7,False,True,2027-02-27 08:28:34.922
6a6d96275baa8e1afb22b4cf,Amlong 10 Tablet,Micro Labs Ltd,,Heart & Blood Pressure,10,94.58,False,True,2027-05-06 15:19:12.364
6a6d96275baa8e1afb22b4c3,Amlong 2.5 Tablet,Micro Labs Ltd,,Heart & Blood Pressure,129,30.91,False,True,2027-08-18 04:20:10.078
6a6d96275baa8e1afb22b471,Amlong Tablet,Micro Labs Ltd,,Heart & Blood Pressure,127,48.55,False,True,2027-11-25 13:32:08.691
6a6d96275baa8e1afb22b4c1,Amlong-A Tablet,Micro Labs Ltd,,Heart & Blood Pressure,12,145.0,False,True,2028-02-04 22:07:50.573
6a6d96275baa8e1afb22b4e4,Amlong-H Tablet,Micro Labs Ltd,,Heart & Blood Pressure,17,115.0,False,True,2028-03-20 13:06:42.169
6a6d96275baa8e1afb22b534,Amlong-TL 40 Tablet,Micro Labs Ltd,,Heart & Blood Pressure,54,144.0,False,True,2026-11-24 04:08:39.539
6a6d96275baa8e1afb22b5af,Amlong-Trio Tablet,Micro Labs Ltd,,Heart & Blood Pressure,25,155.0,False,True,2027-08-07 11:15:57.336
6a6d96275baa8e1afb22b6ff,Amlonis H Tablet,Adonis Laboratories Pvt Ltd,,Heart & Blood Pressure,107,89.0,False,True,2027-02-28 00:42:28.926
6a6d96275baa8e1afb22b4d9,Amlopin 5 Tablet,USV Ltd,,Heart & Blood Pressure,148,32.37,False,True,2027-01-03 15:40:39.638
6a6d96275baa8e1afb22b4bf,Amlopres 5 Tablet,Cipla Ltd,,Heart & Blood Pressure,36,97.1,False,True,2028-01-29 09:13:05.799
6a6d96275baa8e1afb22b4f4,Amlopres AT 25 Tablet,Cipla Ltd,,Heart & Blood Pressure,123,110.52,False,True,2027-08-30 06:43:32.312
6a6d96275baa8e1afb22b4b1,Amlopres TL Tablet,Cipla Ltd,,Heart & Blood Pressure,34,121.97,False,True,2027-04-11 12:21:14.698
6a6d96275baa8e1afb22b48a,Amlopres-AT Tablet,Cipla Ltd,,Heart & Blood Pressure,11,148.59,False,True,2027-02-12 03:24:29.673
6a6d96275baa8e1afb22b6d7,Amlopres-Z 50mg/5mg Tablet,Cipla Ltd,,Heart & Blood Pressure,133,75.0,False,True,2028-01-30 08:50:34.487
6a6d96275baa8e1afb22b577,Amlosafe 3D 80 Tablet,Aristo Pharmaceuticals Pvt Ltd,,Heart & Blood Pressure,44,104.3,False,True,2026-11-10 06:15:46.971
6a6d96275baa8e1afb22b4a9,Amlosafe 3D Tablet,Aristo Pharmaceuticals Pvt Ltd,,Heart & Blood Pressure,117,67.2,False,True,2027-09-10 12:15:24.145
6a6d96275baa8e1afb22b4f7,Amlosafe TM 40 Tablet,Aristo Pharmaceuticals Pvt Ltd,,Heart & Blood Pressure,74,83.0,False,True,2027-10-05 06:26:22.035
6a6d96275baa8e1afb22b58f,Amlosafe TM 80 Tablet,Aristo Pharmaceuticals Pvt Ltd,,Heart & Blood Pressure,99,130.0,False,True,2027-10-13 00:39:22.361
6a6d96275baa8e1afb22b4de,Amlosafe-AT Tablet,Aristo Pharmaceuticals Pvt Ltd,,Heart & Blood Pressure,57,102.0,False,True,2026-11-12 12:49:53.944
6a6d96275baa8e1afb22b6fb,Amlosar H 50mg/5mg/12.5mg Tablet,Hochest Biotech India,,Heart & Blood Pressure,69,113.0,False,True,2028-04-11 12:31:17.473
6a6d96275baa8e1afb22b48e,Amlovas 5 Tablet,Macleods Pharmaceuticals Pvt Ltd,,Heart & Blood Pressure,70,48.55,False,True,2027-04-15 09:35:02.118
6a6d96275baa8e1afb22b5a6,Amlovas LS Tablet,Macleods Pharmaceuticals Pvt Ltd,,Heart & Blood Pressure,65,128.0,False,True,2028-02-10 09:54:51.017
6a6d96275baa8e1afb22b4a1,Amlovas-AT Tablet,Macleods Pharmaceuticals Pvt Ltd,,Heart & Blood Pressure,8,106.0,False,True,2027-12-09 11:50:08.684
6a6d96275baa8e1afb22b5d6,Amloz TS Tablet,Shreya Life Sciences Pvt Ltd,,Heart & Blood Pressure,95,159.0,False,True,2027-06-11 11:33:44.145
6a6d96275baa8e1afb22b6bb,Amlozaar 25 mg/5 mg Tablet,Micro Labs Ltd,,Heart & Blood Pressure,96,32.76,False,True,2027-12-26 13:01:45.996
6a6d96275baa8e1afb22b506,Amlozaar Tablet,Micro Labs Ltd,,Heart & Blood Pressure,102,166.0,False,True,2027-08-25 03:01:15.961
6a6d96275baa8e1afb22b515,Amlozaar-H Tablet,Micro Labs Ltd,,Heart & Blood Pressure,74,143.0,False,True,2027-06-02 19:50:03.774
6a6d96275baa8e1afb22b56e,Amodep-TMH Tablet,FDC Ltd,,Heart & Blood Pressure,33,79.75,False,True,2027-04-15 16:38:29.799
6a6d96275baa8e1afb22b5e4,Amol 500mg Tablet,Torrent Pharmaceuticals Ltd,,Pain Relief,50,3.56,False,False,2028-01-03 04:54:37.357
6a6d96275baa8e1afb22b6db,Amoril-L Tablet,Clanthis Lifesciences  Pvt Ltd,,Heart & Blood Pressure,95,78.0,False,True,2027-07-20 13:04:50.621
6a6d96275baa8e1afb22b75c,Amotic Tablet,Signature Phytochemical Industries,,Gastro & Digestion,18,49.0,False,True,2027-04-24 10:23:53.638
6a6d96275baa8e1afb22b4b9,Amox 500mg Capsule,Synchem Lab,,Antibiotic,140,60.48,False,True,2028-02-21 15:50:03.406
6a6d96275baa8e1afb22b516,Amoxclav 500 mg/125 mg Tablet,Parasol Laboratories,,Antibiotic,6,230.77,False,True,2028-02-14 04:03:50.301
6a6d96275baa8e1afb22b50e,Amoxy 500mg Capsule,Blue Cross Laboratories Ltd,,Antibiotic,109,55.0,False,True,2027-01-13 21:31:32.549
6a6d96275baa8e1afb22b4fd,Amoxycillin  250mg Capsule,Torque Pharmaceuticals Pvt Ltd,,Antibiotic,129,38.0,False,True,2027-08-05 15:17:47.934
6a6d96275baa8e1afb22b4ec,Amoxycillin 125mg Oral Suspension,Nestor Pharmaceuticals,,Antibiotic,10,7.5,False,True,2028-03-22 02:49:30.330
6a6d96275baa8e1afb22b4c2,Amoxyclav 375 Tablet,Abbott,,Antibiotic,112,356.92,False,True,2026-12-01 19:06:08.593
6a6d96275baa8e1afb22b455,Amoxyclav 625 Tablet,Abbott,,Antibiotic,135,223.27,False,True,2028-03-16 16:02:33.430
6a6d96275baa8e1afb22b667,Ample 200mg Tablet,Kaps3 Life Sciences,,Antibiotic,50,89.0,False,True,2028-03-03 11:28:45.173
6a6d96275baa8e1afb22b6a2,Ampra 40mg Tablet,Amplec Healthcare Pvt. Ltd.,,Gastro & Digestion,121,60.0,False,False,2027-01-27 22:20:11.130
6a6d96275baa8e1afb22b616,Amrizol-DSR Capsule,Nuorik Healthcare,,Gastro & Digestion,148,135.0,False,False,2027-04-27 02:44:58.732
6a6d96275baa8e1afb22b770,Amrocin Ointment,Amsure Healthcare,,Skin Care,9,130.0,False,True,2027-10-07 18:36:47.102
6a6d96275baa8e1afb22b512,Amrox Junior Syrup,Leeford Healthcare Ltd,,"Cough, Cold & Respiratory",107,65.0,False,False,2027-07-07 12:54:09.633
6a6d96275baa8e1afb22b520,Amrox-LS Junior Syrup,Leeford Healthcare Ltd,,"Cough, Cold & Respiratory",119,75.0,False,False,2027-07-28 02:25:38.905
6a6d96275baa8e1afb22b4b6,Amrox-LS Syrup,Leeford Healthcare Ltd,,"Cough, Cold & Respiratory",27,75.0,False,False,2026-12-10 02:25:14.245
6a6d96275baa8e1afb22b4b5,Amtas 5 Tablet,Intas Pharmaceuticals Ltd,,Heart & Blood Pressure,69,97.1,False,True,2027-11-08 14:38:38.357
6a6d96275baa8e1afb22b4ee,Amtas-AT Tablet,Intas Pharmaceuticals Ltd,,Heart & Blood Pressure,25,141.0,False,True,2027-11-12 18:18:51.425
6a6d96275baa8e1afb22b4f0,Amtas-M 50 Tablet PR,Intas Pharmaceuticals Ltd,,Heart & Blood Pressure,9,204.0,False,True,2027-03-25 21:25:44.025
6a6d96275baa8e1afb22b76d,Amtron 4mg Tablet,Ambit Bio Medix,,Gastro & Digestion,87,46.75,False,True,2028-01-08 10:09:05.117
6a6d96285baa8e1afb22b78b,Amvtron 4mg Tablet DT,Amvia Biotech,,Gastro & Digestion,2,29.0,False,True,2027-07-20 09:00:20.491
6a6d96275baa8e1afb22b4fa,Amyclox-LB Capsule,Ind Swift Laboratories Ltd,,Antibiotic,112,149.3,False,True,2027-09-21 15:15:13.367
6a6d96275baa8e1afb22b761,Amyvit Plus Injection,Man Serve Pharma,,Vitamins & Supplements,119,52.76,False,False,2028-01-19 18:55:38.067
6a6d96275baa8e1afb22b743,Amzen LP 50mg/5mg Tablet,Welbe Life Sciences,,Heart & Blood Pressure,63,45.0,False,True,2027-04-18 09:49:13.924
6a6d96275baa8e1afb22b73a,Amzole 20mg Capsule,Staneil Pharma,,Gastro & Digestion,39,40.0,False,False,2027-12-08 08:34:38.929
6a6d96275baa8e1afb22b591,Anadom 10mg/500mg Tablet,Icon Life Sciences,,Gastro & Digestion,98,60.0,False,False,2028-02-18 04:00:22.064
6a6d96285baa8e1afb22b7b7,Anadox 100mg Tablet,Banson Pharmaceuticals Pvt Ltd,,Antibiotic,100,45.0,False,True,2027-05-12 17:36:40.911
6a6d96275baa8e1afb22b563,Anaero Gel,Amwill Healthcare,,Antibiotic,62,180.0,False,True,2028-03-26 19:34:01.441
6a6d96275baa8e1afb22b5ab,Anaflam 400mg/325mg Tablet,Albert David Ltd,,Pain Relief,102,8.0,False,False,2027-01-15 14:20:42.346
6a6d96275baa8e1afb22b63c,Anaflam P 100 mg/125 mg Suspension,Albert David Ltd,,Pain Relief,26,32.0,False,False,2028-03-26 03:59:42.645
6a6d96275baa8e1afb22b62c,Anavilda M500 Tablet,Guillain Pharma Private Limited,,Diabetes,126,90.0,False,True,2027-01-28 06:00:45.530
6a6d96275baa8e1afb22b5ff,Ancet 10mg Tablet,Angel Laboratories Pvt Ltd,,Allergy,76,23.0,False,False,2028-01-26 11:25:35.458
6a6d96285baa8e1afb22b7bd,Ancid 150mg Syrup,Angeas Healthcare Ltd,,Gastro & Digestion,69,16.0,False,False,2027-02-14 19:09:02.180
6a6d96275baa8e1afb22b736,Ancid 150mg Tablet,Pifer Pharmaceuticals Pvt Ltd,,Gastro & Digestion,94,7.0,False,False,2028-02-23 23:00:29.478
6a6d96285baa8e1afb22b7a6,Andox 100mg Tablet,Aan Pharma Pvt Ltd,,Antibiotic,18,25.0,False,True,2027-10-16 09:56:50.846
6a6d96275baa8e1afb22b6e7,Andox Tablet,Marc Laboratories Pvt Ltd,,Antibiotic,19,37.5,False,True,2026-11-10 21:38:01.111
6a6d96275baa8e1afb22b702,Andoxy 100mg Injection,Andee Lifesciences,,Antibiotic,106,89.0,False,True,2027-10-15 03:18:11.846
6a6d96275baa8e1afb22b6e0,Anefol XT Injection,Mac Millon Pharmaceuticals Pvt Ltd,,Vitamins & Supplements,60,39.6,False,False,2027-10-08 11:54:07.618
6a6d96275baa8e1afb22b5fc,Anetol 1000mg Infusion,Abbott,,Pain Relief,148,283.5,False,False,2028-04-25 20:22:40.025
6a6d96285baa8e1afb22b78c,Anflox M Suspension,Angel Laboratories Pvt Ltd,,Antibiotic,112,27.5,False,True,2027-12-04 11:35:49.687
6a6d96275baa8e1afb22b572,Angicam LT 50 mg/5 mg Tablet,Blue Cross Laboratories Ltd,,Heart & Blood Pressure,107,60.0,False,True,2027-07-15 09:41:10.151
6a6d96275baa8e1afb22b4c9,Angicam-Beta Tablet,Blue Cross Laboratories Ltd,,Heart & Blood Pressure,86,37.0,False,True,2027-06-22 15:16:26.582
6a6d96285baa8e1afb22b7c9,Angigrel 75mg Tablet,Arkas Pharma Pvt Ltd,,Heart & Blood Pressure,59,62.5,False,True,2027-12-21 10:24:55.279
6a6d96275baa8e1afb22b6c4,Angilo 50 Tablet,Nitro Organics,,Heart & Blood Pressure,49,50.0,False,True,2028-03-04 20:37:06.357
6a6d96275baa8e1afb22b74c,Angio 25mg Tablet,Manas Pharmaceuticals Pvt Ltd,,Heart & Blood Pressure,123,26.2,False,True,2027-02-14 12:24:37.126
6a6d96275baa8e1afb22b744,Angiset 4mg Tablet MD,Angiolife Healthcare Pvt Ltd,,Gastro & Digestion,90,45.0,False,True,2027-08-14 10:46:57.174
6a6d96275baa8e1afb22b5e1,Angizaar 25 Tablet,Micro Labs Ltd,,Heart & Blood Pressure,120,39.0,False,True,2026-12-06 14:08:50.893
6a6d96275baa8e1afb22b587,Angizaar 50 Tablet,Micro Labs Ltd,,Heart & Blood Pressure,69,67.0,False,True,2027-06-17 11:05:13.179
6a6d96275baa8e1afb22b57f,Angizaar-H Tablet,Micro Labs Ltd,,Heart & Blood Pressure,36,155.0,False,True,2027-11-28 10:14:23.743
6a6d96275baa8e1afb22b602,Anglocet Plus Tablet,Anglo-French Drugs & Industries Ltd,,Pain Relief,40,9.87,False,False,2027-03-31 05:48:00.389
6a6d96275baa8e1afb22b5f2,Anglocet Tablet,Anglo-French Drugs & Industries Ltd,,Allergy,133,1.98,False,False,2026-11-20 08:12:36.897
6a6d96275baa8e1afb22b74f,Anglocip 500mg Tablet,Anglo-French Drugs & Industries Ltd,,Antibiotic,58,17.18,False,True,2028-02-11 21:21:26.548
6a6d96275baa8e1afb22b6ac,Anical D Tablet,Anikem Laboratories,,Vitamins & Supplements,88,24.0,False,False,2027-01-25 06:11:32.523
6a6d96275baa8e1afb22b6eb,Anifer Syrup,Smilax Pharmaceuticals,,Vitamins & Supplements,59,59.5,False,False,2027-08-27 20:30:15.883
6a6d96275baa8e1afb22b63e,Anleo-D Tablet,AN Pharmaceuticals Pvt Ltd,,Gastro & Digestion,33,90.01,False,False,2026-11-21 13:49:20.812
6a6d96275baa8e1afb22b549,Anleo-DSR Capsule,AN Pharmaceuticals Pvt Ltd,,Gastro & Digestion,125,120.0,False,False,2027-04-15 00:38:08.289
6a6d96275baa8e1afb22b644,Ann 40mg Tablet,Accurate Pharmaceuticals,,Gastro & Digestion,148,45.0,False,False,2027-02-25 01:45:05.320
6a6d96275baa8e1afb22b69b,Anofer 100mg Injection,Sun Pharmaceutical Industries Ltd,,Vitamins & Supplements,19,274.5,False,False,2027-07-30 03:27:26.953
6a6d96275baa8e1afb22b60d,Anofer S 100mg Injection,Sun Pharmaceutical Industries Ltd,,Vitamins & Supplements,95,317.83,False,False,2027-07-11 12:07:11.040
6a6d96285baa8e1afb22b791,Anofer S 50mg Injection,Sun Pharmaceutical Industries Ltd,,Vitamins & Supplements,123,152.0,False,False,2027-06-13 06:47:37.088
6a6d96285baa8e1afb22b7bb,Anogyl 400mg Tablet,Anoco Pharmaceuticals India Pvt Ltd,,Antibiotic,17,8.3,False,True,2027-08-15 08:32:57.781
6a6d96285baa8e1afb22b79f,Ansecare 4mg Tablet MD,Evershine Lifesciences Pvt Ltd,,Gastro & Digestion,90,40.0,False,True,2027-09-14 18:30:23.351
6a6d96275baa8e1afb22b6b4,Anset OR 4mg/150mg Tablet,Bennet Mypher Pharmaceuticals LLP,,Gastro & Digestion,5,59.0,False,True,2027-02-24 06:55:05.907
6a6d96285baa8e1afb22b793,Anstron 4mg Tablet MD,Ansel Healthcare,,Gastro & Digestion,34,52.5,False,True,2027-01-24 19:51:57.267
6a6d96285baa8e1afb22b7ba,Ansurose 20mg Injection,Ancalima Lifesciences Ltd,,Vitamins & Supplements,11,48.0,False,False,2027-07-06 01:06:34.371
6a6d96275baa8e1afb22b555,Answell 400 mg/325 mg Tablet,Cadila Pharmaceuticals Ltd,,Pain Relief,122,8.06,False,False,2026-11-07 02:24:45.110
6a6d96275baa8e1afb22b708,Antac 150mg Tablet,Angel Laboratories Pvt Ltd,,Gastro & Digestion,60,10.0,False,False,2027-09-05 23:25:55.269
6a6d96275baa8e1afb22b739,Antac Injection,Zee Laboratories,,Gastro & Digestion,34,2.75,False,False,2027-11-30 21:18:43.531
6a6d96285baa8e1afb22b7bc,Antec 150mg Tablet,Acichem Laboratories,,Gastro & Digestion,29,7.0,False,False,2026-12-21 05:48:05.234
6a6d96285baa8e1afb22b797,Antiba 200mg/250mg Tablet,Smilax Pharmaceuticals,,Antibiotic,34,12.0,False,True,2026-11-12 21:44:55.771
6a6d96285baa8e1afb22b78a,Antiban 75 Tablet,Blue Cross Laboratories Ltd,,Heart & Blood Pressure,129,38.0,False,True,2027-12-23 12:51:33.134
6a6d96275baa8e1afb22b687,Anticlot 75 Tablet,Scott Edil Pharmacia Ltd,,Heart & Blood Pressure,113,8.5,False,True,2027-09-09 22:48:29.973
6a6d96285baa8e1afb22b7c5,Anticog 75mg Tablet,Marc Laboratories Pvt Ltd,,Heart & Blood Pressure,56,59.0,False,True,2027-03-30 03:36:55.139
6a6d96275baa8e1afb22b6e6,Antidol 100 mg/125 mg Tablet,Omega Pharmaceuticals Pvt Ltd,,Pain Relief,83,10.8,False,False,2027-12-15 04:21:47.662
6a6d96275baa8e1afb22b768,Antidol Kid Tablet,Omega Pharmaceuticals Pvt Ltd,,Pain Relief,51,4.5,False,False,2027-06-30 22:46:00.427
6a6d96275baa8e1afb22b6ba,Antiflam 400 mg/650 mg Tablet,Klar Sehen Pvt Ltd,,Pain Relief,42,10.63,False,False,2027-11-06 03:58:01.207
6a6d96275baa8e1afb22b66b,Antiplar 75mg Tablet,Emcure Pharmaceuticals Ltd,,Heart & Blood Pressure,48,39.99,False,True,2028-01-14 00:56:19.413
6a6d96275baa8e1afb22b764,Antiplatt Tablet,Troikaa Pharmaceuticals Ltd,,Heart & Blood Pressure,80,40.15,False,True,2027-03-23 06:14:10.557
6a6d96275baa8e1afb22b636,Anto 40mg Tablet,Malody Healthcare Ltd,,Gastro & Digestion,117,48.0,False,False,2027-10-12 05:50:51.688
6a6d96275baa8e1afb22b5a7,Antrum-DSR Capsule Capsule SR,Codon Pharma Private Limited,,Gastro & Digestion,135,95.0,False,False,2027-12-07 00:53:50.432
6a6d96275baa8e1afb22b612,Anurab DSR Capsule,Drukst Biotech Private Limited,,Gastro & Digestion,12,80.0,False,False,2026-12-06 20:12:17.055
6a6d96275baa8e1afb22b6bc,Anziolet 75mg Tablet,Ergos Life Sciences,,Heart & Blood Pressure,104,129.7,False,True,2028-03-16 07:27:33.469
6a6d96275baa8e1afb22b631,Anzipan-DSR Capsule,Angiolife Healthcare Pvt Ltd,,Gastro & Digestion,89,69.0,False,False,2026-12-15 05:25:10.285
6a6d96275baa8e1afb22b762,Anzole 20 Capsule,Aingo Pharma Pvt Ltd,,Gastro & Digestion,140,42.5,False,False,2028-01-30 15:52:49.856
6a6d96275baa8e1afb22b5a5,Apale Tablet,Uniza Healthcare LLP,,Vitamins & Supplements,41,132.5,False,False,2028-03-21 13:52:27.031
6a6d96285baa8e1afb22b7d0,Apfresh Mouth Wash,Apkavit Lifesciences,,Skin Care,8,68.0,False,False,2027-09-14 00:24:06.967
6a6d96275baa8e1afb22b5fb,Aphexine 200mg Tablet,Ajanta Pharma Ltd,,Antibiotic,146,100.9,False,True,2027-08-21 04:34:07.037
6a6d96275baa8e1afb22b623,Aphexine O 200mg/200mg Tablet,Ajanta Pharma Ltd,,Antibiotic,9,110.4,False,True,2027-01-13 11:53:24.397
6a6d96275baa8e1afb22b703,Api 20mg Tablet,Vanguard Therapeutics Pvt Ltd,,Gastro & Digestion,9,38.46,False,False,2027-09-14 14:41:51.392
6a6d96275baa8e1afb22b619,Apidine Eye Drop,Appasamy Ocular Device Pvt Ltd,,Skin Care,68,27.83,False,False,2027-05-06 19:19:29.532
6a6d96275baa8e1afb22b672,Apidox 100mg Capsule,Alicon Pharmaceutical Pvt Ltd,,Antibiotic,92,19.5,False,True,2027-10-03 22:57:31.177
6a6d96275baa8e1afb22b4a8,Apidra 100IU Cartridge,Sanofi India  Ltd,,Diabetes,41,761.0,False,True,2027-11-27 14:05:16.838
6a6d96275baa8e1afb22b535,Apidra 100IU/ml Solution for Injection,Sanofi India  Ltd,,Diabetes,147,1534.0,False,True,2028-04-02 09:56:22.528
6a6d96275baa8e1afb22b504,Apidra Solostar 100IU/ml Injection,Sanofi India  Ltd,,Diabetes,136,880.36,False,True,2028-03-23 05:36:09.982
6a6d96285baa8e1afb22b7a7,Aplatin 75 Tablet,Saga Laboratories,,Heart & Blood Pressure,67,39.0,False,True,2027-11-05 08:02:31.585
6a6d96275baa8e1afb22b765,Aplet 75mg Tablet,Alka Pharma,,Heart & Blood Pressure,137,59.0,False,True,2027-09-26 14:05:55.423
6a6d96275baa8e1afb22b564,Aplev M 5mg/10mg Tablet,Ajanta Pharma Ltd,,Allergy,80,95.0,False,False,2028-02-09 23:24:09.120
6a6d96285baa8e1afb22b7d7,Apmupi Ointment,Apkavit Lifesciences,,Skin Care,108,120.0,False,True,2028-01-06 07:19:47.243
6a6d96275baa8e1afb22b5ef,Apnicid 40mg Tablet,Ajanta Pharma Ltd,,Gastro & Digestion,41,85.0,False,False,2027-04-09 18:31:05.178
6a6d96275baa8e1afb22b6bf,Apra 40mg Tablet,Kritikos Care,,Gastro & Digestion,111,50.0,False,False,2027-01-01 16:52:07.530
6a6d96275baa8e1afb22b58d,Apriglim-MV 2 Tablet SR,Aprica Pharmaceuticals Pvt Ltd,,Diabetes,84,288.14,False,True,2027-04-28 01:09:17.707
6a6d96275baa8e1afb22b58b,Apriglim-MV 303 Tablet SR,Aprica Pharmaceuticals Pvt Ltd,,Diabetes,36,155.5,False,True,2028-04-17 03:50:14.144
6a6d96285baa8e1afb22b7d1,Aprose 100mg Injection,Apkavit Lifesciences,,Vitamins & Supplements,115,250.0,False,False,2028-02-11 21:07:15.532
6a6d96285baa8e1afb22b7dc,Aptogrel 75mg Tablet,Mcneil & Argus Pharmaceuticals Ltd,,Heart & Blood Pressure,100,49.5,False,True,2027-09-04 00:18:46.588
6a6d96285baa8e1afb22b78f,Aqua D3 2K Soft Gelatin Capsule,Winmark Pharmaceuticals Pvt Ltd,,Vitamins & Supplements,65,110.0,False,False,2027-11-01 15:51:15.760
6a6d96275baa8e1afb22b6a5,Aqua D3 60K Soft Gelatin Capsule,Winmark Pharmaceuticals Pvt Ltd,,Vitamins & Supplements,120,130.0,False,False,2027-01-03 18:55:50.226
6a6d96275baa8e1afb22b6ee,Aqua Joy Mouth Wash,Leeford Healthcare Ltd,,Skin Care,64,95.0,False,False,2026-12-20 09:00:45.970
6a6d96275baa8e1afb22b5d1,Aquadol 75mg Injection,Themis Medicare Ltd,,Pain Relief,77,23.5,False,True,2027-12-05 12:39:55.082
6a6d96275baa8e1afb22b628,Aquashine 24 Tablet,GH Vision Care Life Science,,Vitamins & Supplements,29,180.25,False,False,2028-03-28 18:28:27.077
6a6d96275baa8e1afb22b611,Aquasol C Oral Drops,Lifeon Paediatrics Ltd,,Vitamins & Supplements,63,20.27,False,False,2027-12-30 22:18:00.444
6a6d96275baa8e1afb22b532,Arachitol 3L Injection,Abbott,,Vitamins & Supplements,121,291.54,False,False,2027-07-13 01:30:36.335
6a6d96275baa8e1afb22b462,Arachitol 6L Injection,Abbott,,Vitamins & Supplements,112,407.76,False,False,2027-05-31 20:14:05.050
6a6d96275baa8e1afb22b603,Aramol AM 10mg/120mg/200mg Tablet SR,Syndicate Life Sciences Pvt Ltd,,Allergy,63,189.0,False,True,2027-03-03 11:08:25.334
6a6d96275baa8e1afb22b544,Arbitel 20 Tablet,Micro Labs Ltd,,Heart & Blood Pressure,82,40.99,False,True,2027-11-01 20:02:49.559
6a6d96275baa8e1afb22b5c9,Arbitel 80 Tablet,Micro Labs Ltd,,Heart & Blood Pressure,133,124.88,False,True,2027-01-20 22:43:38.510
6a6d96275baa8e1afb22b4fb,Arbitel-AM Tablet,Micro Labs Ltd,,Heart & Blood Pressure,4,156.0,False,True,2027-08-09 23:51:15.753
6a6d96275baa8e1afb22b570,Arbitel-AMH Tablet,Micro Labs Ltd,,Heart & Blood Pressure,9,169.0,False,True,2027-12-27 21:44:44.267
6a6d96275baa8e1afb22b541,Arbitel-AV Tablet,Micro Labs Ltd,,Heart & Blood Pressure,91,196.0,False,True,2027-12-24 23:00:56.757
6a6d96275baa8e1afb22b52a,Arbitel-CT 40 Tablet,Micro Labs Ltd,,Heart & Blood Pressure,104,118.0,False,True,2027-08-18 10:56:33.554
6a6d96275baa8e1afb22b522,Arbitel-H Tablet,Micro Labs Ltd,,Heart & Blood Pressure,63,151.0,False,True,2027-04-01 21:10:54.479
6a6d96275baa8e1afb22b53d,Arbitel-MT 25 Tablet ER,Micro Labs Ltd,,Heart & Blood Pressure,14,116.0,False,True,2026-11-16 13:53:04.445
6a6d96275baa8e1afb22b524,Arbitel-MT 50 Tablet ER,Micro Labs Ltd,,Heart & Blood Pressure,122,129.0,False,True,2027-01-30 05:30:49.834
6a6d96275baa8e1afb22b76f,Arcip 500mg Tablet,Raphael Pharmaceuticals Pvt Ltd,,Antibiotic,72,54.0,False,True,2028-02-14 17:45:09.141
6a6d96275baa8e1afb22b62a,Arcopan D 10mg/40mg Tablet,General Pharmaceuticals Pvt Ltd,,Gastro & Digestion,45,70.0,False,False,2027-05-22 18:00:01.941
6a6d96275baa8e1afb22b6f5,Arcure 400mg/500mg Tablet,NuLife Pharmaceuticals,,Pain Relief,147,9.42,False,False,2027-12-28 05:14:49.861
6a6d96275baa8e1afb22b5a9,Arden 500mg Tablet,Adonis Laboratories Pvt Ltd,,Pain Relief,148,16.92,False,False,2027-04-02 04:39:50.800
6a6d96275baa8e1afb22b5e3,Arden 650mg Tablet,Adonis Laboratories Pvt Ltd,,Pain Relief,13,28.06,False,False,2026-11-20 04:33:07.424
6a6d96275baa8e1afb22b706,Arden Plus 400 mg/500 mg Tablet,Adonis Laboratories Pvt Ltd,,Pain Relief,137,7.95,False,False,2027-02-23 22:27:09.670
6a6d96275baa8e1afb22b72d,Areflux-IT 20mg/150mg Capsule,Aegis Prescriptions Pvt Ltd,,Gastro & Digestion,50,149.95,False,False,2027-08-19 20:49:23.148
6a6d96275baa8e1afb22b754,Arfen 100mg Oral Suspension,Centaur Pharmaceuticals Pvt Ltd,,Pain Relief,108,14.0,False,False,2027-04-24 13:33:24.708
6a6d96275baa8e1afb22b4e5,Arflur 3D Tablet,FDC Ltd,,Pain Relief,83,74.75,False,True,2028-04-06 09:39:47.875
6a6d96275baa8e1afb22b51e,Arflur-P Tablet,FDC Ltd,,Pain Relief,99,41.5,False,True,2027-01-28 10:34:19.245
6a6d96285baa8e1afb22b7a4,Argedin-P Cream,Dales Pharmaceuticals Ltd,,Skin Care,2,45.71,False,False,2027-07-24 03:34:12.443
6a6d96275baa8e1afb22b6c6,Argical HD Tablet,Torway Pharmacia Pvt Ltd,,Vitamins & Supplements,43,232.0,False,False,2027-04-16 16:40:02.927
6a6d96275baa8e1afb22b6f2,Ariba 20mg Tablet,Grapple Life Sciences Pvt Ltd,,Gastro & Digestion,129,55.0,False,False,2027-05-21 20:27:15.376
6a6d96275baa8e1afb22b54f,Aricef O 50mg/5ml Dry Syrup,Micro Labs Ltd,,Antibiotic,43,44.01,False,True,2027-06-14 08:07:11.410
6a6d96275baa8e1afb22b70a,Aricip 500mg Tablet,Arika Healthcare,,Antibiotic,121,70.0,False,True,2027-03-17 00:54:40.919
6a6d96285baa8e1afb22b7db,Ariclop 75mg Tablet,Ambreyo Lifesciences,,Heart & Blood Pressure,91,57.0,False,True,2027-12-17 10:10:28.145
6a6d96275baa8e1afb22b627,Arifix 200mg Tablet DT,Sarian Healthcare,,Antibiotic,45,99.0,False,True,2027-04-06 22:04:24.253
6a6d96275baa8e1afb22b67f,Aripant 40mg Tablet,Arion Healthcare,,Gastro & Digestion,82,55.6,False,False,2027-02-09 20:50:54.135
6a6d96285baa8e1afb22b7da,Arisors S 100mg Injection,Ethyrial Pharmaceuticals,,Vitamins & Supplements,7,260.0,False,False,2027-11-01 05:34:59.034
6a6d96275baa8e1afb22b6d6,Aristogyl Plus Tablet,Aristo Pharmaceuticals Pvt Ltd,,Antibiotic,18,12.21,False,True,2028-04-03 15:22:40.412
6a6d96275baa8e1afb22b634,Aristogyl Suspension,Aristo Pharmaceuticals Pvt Ltd,,Antibiotic,73,10.04,False,True,2027-01-26 01:17:59.269
6a6d96275baa8e1afb22b62f,Ark 100mg Tablet SR,Apex Laboratories Pvt Ltd,,Pain Relief,60,62.6,False,True,2027-08-09 09:04:44.056
6a6d96275baa8e1afb22b663,Ark 75mg Tablet,Apex Laboratories Pvt Ltd,,Pain Relief,144,45.0,False,True,2026-11-19 22:40:57.452
6a6d96275baa8e1afb22b5f0,Ark 75mg Tablet SR,Apex Laboratories Pvt Ltd,,Pain Relief,127,45.0,False,True,2028-04-02 08:14:05.285
6a6d96275baa8e1afb22b69d,Arkamet Ipr 850mg Tablet SR,Arkas Pharma Pvt Ltd,,Diabetes,53,36.0,False,True,2028-01-14 22:22:06.107
6a6d96285baa8e1afb22b7b3,Armer Ointment,Stadchem Of India,,Antibiotic,6,38.1,False,True,2027-09-13 03:39:24.186
6a6d96285baa8e1afb22b79a,Armer Solution,Stadchem Of India,,Antibiotic,49,95.0,False,True,2026-11-24 13:51:24.809
6a6d96275baa8e1afb22b73c,Armez 20mg Capsule,Artel Laboratories,,Gastro & Digestion,136,54.51,False,False,2027-10-20 01:19:46.532
6a6d96275baa8e1afb22b61e,Arofen Plus Gel,Makers Laboratories Ltd,,Pain Relief,107,78.68,False,True,2027-09-07 06:44:14.020
6a6d96285baa8e1afb22b776,Arofil 0.2% Mouth Wash,Symbiosis Pharmaceuticals Pvt Ltd,,Skin Care,14,38.0,False,False,2027-08-28 05:12:39.883
6a6d96285baa8e1afb22b7ac,Aroma Soap,Nidus Pharma Pvt Ltd,,Skin Care,54,55.0,False,False,2027-09-30 19:38:40.879
6a6d96275baa8e1afb22b553,Arophyll HD 10mg/120mg/200mg Tablet,Aareen Healthcare Pvt Ltd,,Allergy,76,219.0,False,True,2027-10-08 00:09:24.942
6a6d96275baa8e1afb22b709,Arorab 20 Tablet,Aareen Healthcare Pvt Ltd,,Gastro & Digestion,46,84.64,False,False,2026-11-18 14:25:02.701
6a6d96275baa8e1afb22b5cf,Arorab 40mg Tablet,Aareen Healthcare Pvt Ltd,,Gastro & Digestion,4,149.0,False,False,2028-01-23 23:12:07.043
6a6d96275baa8e1afb22b56d,Arorab HD 30mg/40mg Capsule SR,Aareen Healthcare Pvt Ltd,,Gastro & Digestion,41,159.0,False,False,2028-03-22 19:22:31.273
6a6d96275baa8e1afb22b6d4,Arorab IT 20mg/150mg Capsule SR,Aareen Healthcare Pvt Ltd,,Gastro & Digestion,68,150.0,False,False,2026-12-26 21:07:57.117
6a6d96275baa8e1afb22b5aa,Arorab-DSR Capsule,Aareen Healthcare Pvt Ltd,,Gastro & Digestion,67,89.9,False,False,2027-01-31 18:05:20.166
6a6d96275baa8e1afb22b59b,Arostat 10mg Tablet,Aareen Healthcare Pvt Ltd,,Heart & Blood Pressure,94,99.0,False,True,2028-01-17 19:03:53.229
6a6d96275baa8e1afb22b64c,Aroxim 200mg Tablet,Aronex Life Sciences Pvt Ltd,,Antibiotic,9,18.0,False,True,2026-12-01 16:42:22.456
6a6d96275baa8e1afb22b63d,Arpan 40mg Tablet,Aryan Biotech Pvt Ltd,,Gastro & Digestion,39,59.9,False,False,2027-07-03 23:27:05.616
6a6d96275baa8e1afb22b58c,Arreno Capsule ER,Intas Pharmaceuticals Ltd,,Pain Relief,148,35.0,False,False,2027-01-11 09:53:49.204
6a6d96275baa8e1afb22b600,Arropan 40mg Tablet,Ardent Life Sciences Pvt Ltd,,Gastro & Digestion,130,74.0,False,False,2028-02-12 00:56:42.100
6a6d96285baa8e1afb22b7b0,Artidine Tablet,Overseas Pharma Pvt Ltd,,Gastro & Digestion,71,12.3,False,False,2027-06-28 21:58:36.936
6a6d96275baa8e1afb22b652,Artigesic 100 mg/162.5 mg Suspension,Glenmark Pharmaceuticals Ltd,,Pain Relief,82,27.0,False,False,2027-01-01 08:23:15.074
6a6d96275baa8e1afb22b601,Arumin 50 mg/500 mg Tablet,Empiai Pharmaceuticals Pvt Ltd,,Pain Relief,42,35.8,False,True,2027-04-07 18:24:39.932
6a6d96275baa8e1afb22b517,Arvast 10 Tablet,Intas Pharmaceuticals Ltd,,Heart & Blood Pressure,1,243.0,False,True,2027-05-29 20:25:46.983
6a6d96275baa8e1afb22b670,Arvast 15 Tablet,Intas Pharmaceuticals Ltd,,Heart & Blood Pressure,132,256.0,False,True,2027-10-03 10:15:42.814
6a6d96275baa8e1afb22b56a,Arvast 20 Tablet,Intas Pharmaceuticals Ltd,,Heart & Blood Pressure,107,329.0,False,True,2028-02-01 20:38:59.899
6a6d96275baa8e1afb22b68e,Arvast 30 Tablet,Intas Pharmaceuticals Ltd,,Heart & Blood Pressure,62,390.0,False,True,2027-03-25 07:31:40.001
6a6d96275baa8e1afb22b5fa,Arvast 40 Tablet,Intas Pharmaceuticals Ltd,,Heart & Blood Pressure,21,588.0,False,True,2028-03-11 21:19:06.733
6a6d96275baa8e1afb22b571,Arvast 5 Tablet,Intas Pharmaceuticals Ltd,,Heart & Blood Pressure,61,103.0,False,True,2027-08-29 01:44:27.144
6a6d96275baa8e1afb22b5be,Arvast CV 10 Capsule,Intas Pharmaceuticals Ltd,,Heart & Blood Pressure,128,186.0,False,True,2026-11-20 05:45:48.877
6a6d96275baa8e1afb22b681,Arvast CV 20mg/75mg Capsule,Intas Pharmaceuticals Ltd,,Heart & Blood Pressure,63,217.0,False,True,2027-02-16 18:15:19.941
6a6d96275baa8e1afb22b5e6,Arvast Gold 10 Capsule,Intas Pharmaceuticals Ltd,,Pain Relief,56,149.0,False,False,2027-09-28 11:56:54.718
6a6d96275baa8e1afb22b5ca,Arvast Gold 75mg/20mg/75mg Capsule,Intas Pharmaceuticals Ltd,,Pain Relief,51,225.0,False,False,2027-07-12 16:27:21.470
6a6d96275baa8e1afb22b63f,Arvast-A 150 Capsule,Intas Pharmaceuticals Ltd,,Heart & Blood Pressure,75,70.5,False,True,2026-11-10 22:02:21.784
6a6d96275baa8e1afb22b52d,Arvast-A 75 Capsule,Intas Pharmaceuticals Ltd,,Heart & Blood Pressure,2,65.5,False,True,2027-09-05 05:01:54.672
6a6d96275baa8e1afb22b630,Asarab-DSR Capsule,Plena Remedies,,Gastro & Digestion,9,87.0,False,False,2027-08-12 09:04:45.904
6a6d96275baa8e1afb22b741,Asart 25mg Tablet,Stadmed Pvt Ltd,,Heart & Blood Pressure,8,27.91,False,True,2026-11-17 08:52:19.221
6a6d96275baa8e1afb22b6c3,Asart 50mg Tablet,Stadmed Pvt Ltd,,Heart & Blood Pressure,145,59.42,False,True,2028-02-18 03:31:50.207
6a6d96275baa8e1afb22b6d2,Asart HT 50 mg/12.5 mg Tablet,Stadmed Pvt Ltd,,Heart & Blood Pressure,23,67.58,False,True,2028-02-27 00:14:07.722
6a6d96275baa8e1afb22b74e,Ascochew Chewable Tablet Orange,Elder Projects Ltd,,Vitamins & Supplements,70,45.0,False,False,2026-10-31 18:19:51.599
6a6d96275baa8e1afb22b5e8,Ascodex Junior LS Oral Drops,Glenmark Pharmaceuticals Ltd,,"Cough, Cold & Respiratory",52,65.5,False,False,2028-01-13 14:42:55.206
6a6d96275baa8e1afb22b585,Ascodex LS Expectorant,Glenmark Pharmaceuticals Ltd,,"Cough, Cold & Respiratory",72,108.0,False,False,2027-01-28 11:23:59.144
6a6d96275baa8e1afb22b6e8,Ascodil LS Syrup,M.M.A.F Pharma Private Limited,,"Cough, Cold & Respiratory",33,95.0,False,False,2027-03-26 10:23:10.231
6a6d96285baa8e1afb22b7d9,Ascorcee 1500mg Injection,Scotmed Care Pvt Ltd,,Vitamins & Supplements,21,296.0,False,False,2028-01-15 08:02:54.222
6a6d96275baa8e1afb22b46e,Ascoril LS Drops,Glenmark Pharmaceuticals Ltd,,"Cough, Cold & Respiratory",4,72.0,False,False,2027-06-24 08:10:55.097
6a6d96275baa8e1afb22b45c,Ascoril LS Junior Syrup,Glenmark Pharmaceuticals Ltd,,"Cough, Cold & Respiratory",64,96.0,False,False,2028-01-28 04:54:51.424
6a6d96275baa8e1afb22b453,Ascoril LS Syrup,Glenmark Pharmaceuticals Ltd,,"Cough, Cold & Respiratory",91,118.0,False,False,2027-06-25 00:25:19.516
6a6d96285baa8e1afb22b7cf,Ascospey 1500mg Injection,Strathspey Labs Pvt Ltd,,Vitamins & Supplements,52,350.0,False,False,2027-12-12 02:02:01.170
6a6d96275baa8e1afb22b6f8,Ascovar Injection,Varenyam Healthcare Pvt Ltd,,Vitamins & Supplements,122,495.0,False,False,2027-11-15 20:24:38.114
6a6d96275baa8e1afb22b6a3,Ascovit C 1500mg Injection,Novo Medi Sciences Pvt Ltd,,Vitamins & Supplements,75,400.0,False,False,2027-08-09 19:03:49.913
6a6d96275baa8e1afb22b56f,Asert D Tablet ER,Abbott,,Antibiotic,64,318.56,False,True,2028-02-16 20:21:12.554
6a6d96275baa8e1afb22b710,Ashmet 500mg Infusion,Aishwarya Healthcare,,Antibiotic,13,11.07,False,True,2027-11-13 03:41:47.824
6a6d96275baa8e1afb22b716,Asibloc Syrup,Cista Medicorp,,Gastro & Digestion,127,63.0,False,False,2028-01-28 16:33:15.067
6a6d96285baa8e1afb22b7b8,Asiclok 150mg Tablet,Anista Healthcare,,Gastro & Digestion,113,10.53,False,False,2027-09-30 08:33:41.408
6a6d96275baa8e1afb22b728,Asidrop 20mg Tablet,Indian Drugs & Pharmaceuticals Ltd,,Gastro & Digestion,61,73.0,False,False,2027-06-23 08:34:01.980
6a6d96285baa8e1afb22b7be,Asitac 150mg Tablet,Smilax Pharmaceuticals,,Gastro & Digestion,41,7.2,False,False,2027-01-15 02:56:22.135
6a6d96275baa8e1afb22b69a,Asloc Tablet,Akme Biotec,,Gastro & Digestion,134,24.55,False,False,2027-11-22 13:05:43.808
6a6d96285baa8e1afb22b796,Asogrel 75mg Tablet,AS Pharmaceutical (India) Pvt Ltd,,Heart & Blood Pressure,39,45.0,False,True,2027-08-21 17:28:53.945
6a6d96275baa8e1afb22b6c7,Asolt Tablet,Profic Organic Ltd,,Pain Relief,37,31.8,False,True,2027-07-15 06:10:48.671
6a6d96275baa8e1afb22b55c,Asolt-AT Tablet,Profic Organic Ltd,,Pain Relief,54,118.0,False,True,2026-12-07 10:26:06.643
6a6d96275baa8e1afb22b4ab,Asomex 2.5 Tablet,Emcure Pharmaceuticals Ltd,,Heart & Blood Pressure,124,100.2,False,True,2027-03-06 18:42:41.508
6a6d96275baa8e1afb22b4ce,Asomex 5 Tablet,Emcure Pharmaceuticals Ltd,,Heart & Blood Pressure,68,156.2,False,True,2028-02-15 19:13:22.203
6a6d96275baa8e1afb22b56c,Asomex-LT Tablet,Emcure Pharmaceuticals Ltd,,Heart & Blood Pressure,143,326.25,False,True,2027-06-01 08:04:05.310
6a6d96275baa8e1afb22b58e,Asomex-TM 5 Tablet,Emcure Pharmaceuticals Ltd,,Heart & Blood Pressure,102,261.1,False,True,2028-01-18 11:33:13.369
6a6d96275baa8e1afb22b643,Aspa 500mg/250mg Tablet,Chemech Laboratories Ltd,,Pain Relief,104,26.0,False,False,2027-02-01 10:55:57.967
6a6d96275baa8e1afb22b604,Aspan-DSR Capsule,Aspire Remedies,,Gastro & Digestion,90,80.0,False,False,2027-05-27 03:53:15.613
6a6d96275baa8e1afb22b6e2,Aspidol 75 Tablet,Lifecare Neuro Products Ltd,,Heart & Blood Pressure,0,58.0,False,True,2027-12-06 03:34:30.241
6a6d96275baa8e1afb22b5b3,Aspirin  50mg Tablet DR,Zydus Cadila,,Pain Relief,89,3.7,False,False,2027-08-15 14:36:37.821
6a6d96275baa8e1afb22b536,Aspirin 300mg Tablet,Bini Laboratories Pvt Ltd,,Pain Relief,38,2.0,False,False,2027-05-23 11:01:54.107
6a6d96275baa8e1afb22b61c,Aspirose 10mg/75mg Capsule,Alde Medi Impex Ltd,,Heart & Blood Pressure,87,60.0,False,True,2028-03-01 09:00:24.935
6a6d96275baa8e1afb22b589,Aspisol 150 Tablet,Shreya Life Sciences Pvt Ltd,,Pain Relief,60,14.25,False,False,2027-09-25 17:54:56.026
6a6d96275baa8e1afb22b68f,Astadin 10mg Tablet,Asterisk Laboratories India Pvt Ltd,,Allergy,108,46.0,False,False,2027-12-02 23:28:03.477
6a6d96275baa8e1afb22b6cf,Astarest Syrup,Darwin Formulations Pvt Ltd,,"Cough, Cold & Respiratory",3,31.0,False,False,2027-05-04 03:04:03.929
6a6d96275baa8e1afb22b664,Astecef 200mg Tablet,Aster Medipharm Pvt Ltd,,Antibiotic,63,145.9,False,True,2027-06-27 23:52:25.369
6a6d96275baa8e1afb22b671,Astecef O 200mg/200mg Tablet,Aster Medipharm Pvt Ltd,,Antibiotic,49,159.9,False,True,2028-04-16 14:33:10.414
6a6d96275baa8e1afb22b67b,Aster-X Mouth Wash,Sandika Pharmaceuticals Pvt Ltd,,Skin Care,35,99.0,False,False,2028-03-05 11:51:24.572
6a6d96275baa8e1afb22b692,Asterab 20 Tablet,Aster Medipharm Pvt Ltd,,Gastro & Digestion,74,55.0,False,False,2026-12-08 06:03:26.200
6a6d96275baa8e1afb22b614,Asterab DSR Capsule,Aster Medipharm Pvt Ltd,,Gastro & Digestion,10,63.9,False,False,2027-11-27 02:30:08.014
6a6d96275baa8e1afb22b6da,Astesol-D3 60K Chewable Tablet,Asterism Pharmaceuticals Pvt  Ltd,,Vitamins & Supplements,112,132.5,False,False,2027-08-06 11:37:45.022
6a6d96275baa8e1afb22b6e3,Asthabon 2mg Syrup,Ikon Remedies Pvt Ltd,,"Cough, Cold & Respiratory",42,16.22,False,False,2027-04-20 01:16:17.656
6a6d96275baa8e1afb22b6fc,Asthacip 2mg Tablet,Himanshu Pharmaceuticals Pvt Ltd,,"Cough, Cold & Respiratory",124,1.79,False,False,2027-03-18 01:39:05.849
6a6d96275baa8e1afb22b6bd,Asthacure Plus Syrup,Swiss Pharma Pvt Ltd,,"Cough, Cold & Respiratory",22,15.0,False,False,2027-07-08 09:31:08.568
6a6d96275baa8e1afb22b4dc,Asthakind-LS Drop,Mankind Pharma Ltd,,"Cough, Cold & Respiratory",82,60.0,False,False,2028-01-18 08:57:31.504
6a6d96275baa8e1afb22b46d,Asthakind-LS Expectorant Cola Sugar Free,Mankind Pharma Ltd,,"Cough, Cold & Respiratory",4,93.5,False,False,2027-05-07 09:48:20.605
6a6d96275baa8e1afb22b49c,Asthakind-P Drops,Mankind Pharma Ltd,,"Cough, Cold & Respiratory",58,62.0,False,False,2027-03-24 19:11:57.109
6a6d96275baa8e1afb22b45d,Asthalin 100mcg Inhaler,Cipla Ltd,,"Cough, Cold & Respiratory",87,157.85,False,False,2027-09-01 19:25:20.395
6a6d96275baa8e1afb22b500,Asthalin 2 Tablet,Cipla Ltd,,"Cough, Cold & Respiratory",53,6.04,False,False,2027-11-26 20:31:15.761
6a6d96275baa8e1afb22b493,Asthalin 4 Tablet,Cipla Ltd,,"Cough, Cold & Respiratory",17,9.06,False,False,2026-12-08 14:01:29.260
6a6d96275baa8e1afb22b530,Asthalin AX JR Expectorant,Cipla Ltd,,"Cough, Cold & Respiratory",77,78.65,False,False,2026-12-26 03:28:23.211
6a6d96275baa8e1afb22b4a0,Asthalin AX Syrup,Cipla Ltd,,"Cough, Cold & Respiratory",36,104.67,False,False,2028-02-22 19:39:34.942
6a6d96275baa8e1afb22b4e2,Asthalin Plus Expectorant,Cipla Ltd,,"Cough, Cold & Respiratory",64,95.16,False,False,2027-07-06 01:24:06.481
6a6d96275baa8e1afb22b4bb,Asthalin Respirator Solution,Cipla Ltd,,"Cough, Cold & Respiratory",38,13.1,False,False,2026-11-02 00:47:57.453
6a6d96275baa8e1afb22b46a,Asthalin Respules,Cipla Ltd,,"Cough, Cold & Respiratory",24,7.07,False,False,2027-06-24 15:49:59.287
6a6d96275baa8e1afb22b508,Asthalin Rotacaps,Cipla Ltd,,"Cough, Cold & Respiratory",141,52.31,False,False,2027-10-24 08:09:38.817
6a6d96275baa8e1afb22b45a,Asthalin Syrup,Cipla Ltd,,"Cough, Cold & Respiratory",109,19.04,False,False,2027-01-01 00:21:50.745
6a6d96275baa8e1afb22b5bb,Asthamon-L Tablet,East West Pharma,,Allergy,127,131.0,False,False,2027-12-21 01:20:46.546
6a6d96275baa8e1afb22b6b1,Astharid 2mg Tablet,Empiai Pharmaceuticals Pvt Ltd,,"Cough, Cold & Respiratory",88,10.82,False,False,2028-01-03 21:52:36.585
6a6d96275baa8e1afb22b734,Asthavent DP 4mg Capsule,Cipla Ltd,,"Cough, Cold & Respiratory",94,5.86,False,False,2027-02-25 03:49:40.672
6a6d96275baa8e1afb22b6fe,Asthavent-BR Syrup,Ultramark Healthcare Pvt Ltd,,"Cough, Cold & Respiratory",81,27.4,False,False,2027-01-16 15:08:49.147
6a6d96285baa8e1afb22b790,Asthavil Tablet,Vilco Laboratories Pvt Ltd,,"Cough, Cold & Respiratory",3,27.5,False,False,2028-02-10 18:17:03.197
6a6d96285baa8e1afb22b77d,Asthelite Forte 2 mg/100 mg Tablet,Litaka Pharmaceuticals Ltd,,"Cough, Cold & Respiratory",97,14.15,False,False,2027-01-17 09:28:24.802
6a6d96275baa8e1afb22b70c,Astron 2mg Oral Drops,Astam Health Care Pvt Ltd,,Gastro & Digestion,15,45.0,False,True,2027-11-18 20:43:22.807
6a6d96285baa8e1afb22b779,Asv-Zol 20 Tablet,Asvins Lifecare,,Gastro & Digestion,20,100.0,False,False,2027-05-29 08:15:51.666
6a6d96275baa8e1afb22b6fd,Atarol Tablet MD,Solace Biotech Ltd,,Allergy,54,44.9,False,False,2028-02-12 18:05:08.921
6a6d96275baa8e1afb22b50c,Atchol 20 Tablet,Aristo Pharmaceuticals Pvt Ltd,,Heart & Blood Pressure,113,50.89,False,True,2026-11-30 22:52:06.141
6a6d96275baa8e1afb22b4e3,Atchol 40 Tablet,Aristo Pharmaceuticals Pvt Ltd,,Heart & Blood Pressure,5,96.22,False,True,2028-03-25 14:30:44.461
6a6d96275baa8e1afb22b54d,Atchol Gold 10 Capsule,Aristo Pharmaceuticals Pvt Ltd,,Pain Relief,116,69.89,False,False,2027-05-07 15:14:23.839
6a6d96275baa8e1afb22b567,Atchol Gold 20 Capsule,Aristo Pharmaceuticals Pvt Ltd,,Pain Relief,74,94.25,False,False,2027-10-23 08:12:05.613
6a6d96275baa8e1afb22b521,Atchol-ASP Capsule,Aristo Pharmaceuticals Pvt Ltd,,Heart & Blood Pressure,4,49.0,False,True,2027-07-12 01:17:25.750
6a6d96275baa8e1afb22b4d3,Atchol-F Tablet,Aristo Pharmaceuticals Pvt Ltd,,Heart & Blood Pressure,106,98.0,False,True,2026-11-07 18:39:53.240
6a6d96275baa8e1afb22b5e5,Ateros 10mg Tablet,Icon Life Sciences,,Heart & Blood Pressure,24,148.0,False,True,2027-08-18 04:45:07.569
6a6d96285baa8e1afb22b79d,Atheroz 75mg Tablet,Klintoz Pharmaceuticals Pvt Ltd,,Heart & Blood Pressure,51,28.0,False,True,2027-09-27 07:31:14.549
6a6d96275baa8e1afb22b720,Athrab 20mg Tablet,Athens Wellness,,Gastro & Digestion,109,89.0,False,False,2027-01-07 00:33:18.295
6a6d96275baa8e1afb22b67c,Athrovas ASP 10mg/75mg Capsule,Oldmed Healthcare Pvt Ltd,,Heart & Blood Pressure,46,59.5,False,True,2028-02-01 13:21:56.463
6a6d96285baa8e1afb22b786,Atocip  TZ 500mg/600mg Tablet,A To Z Pharmaceuticals Pvt Ltd,,Antibiotic,1,95.0,False,True,2027-01-16 02:27:27.371
6a6d96275baa8e1afb22b526,Atocor 40 Tablet,Dr Reddy's Laboratories Ltd,,Heart & Blood Pressure,119,352.66,False,True,2028-01-22 08:23:28.498
6a6d96275baa8e1afb22b54b,Atocor Gold 20 Capsule,Dr Reddy's Laboratories Ltd,,Pain Relief,26,61.6,False,False,2027-01-01 12:19:04.016
6a6d96275baa8e1afb22b4b4,Atorfit CV 10 Capsule,Ajanta Pharma Ltd,,Heart & Blood Pressure,122,297.0,False,True,2028-03-06 01:53:26.321
6a6d96275baa8e1afb22b584,Atorfit CV Gold 20 Capsule,Ajanta Pharma Ltd,,Pain Relief,72,105.0,False,False,2028-01-18 20:05:04.405
6a6d96275baa8e1afb22b4b8,Atorlip 10 Tablet,Cipla Ltd,,Heart & Blood Pressure,120,102.31,False,True,2027-02-08 21:56:42.097
6a6d96275baa8e1afb22b509,Atorlip 20 Tablet,Cipla Ltd,,Heart & Blood Pressure,129,247.8,False,True,2027-01-29 15:39:02.336
6a6d96275baa8e1afb22b510,Atorlip 40 Tablet,Cipla Ltd,,Heart & Blood Pressure,129,239.9,False,True,2027-01-30 15:49:47.336
6a6d96275baa8e1afb22b53a,Atorlip Gold 10 Capsule,Cipla Ltd,,Pain Relief,144,46.81,False,False,2027-08-12 02:38:26.588
6a6d96275baa8e1afb22b51f,Atorlip Gold 20 Capsule,Cipla Ltd,,Pain Relief,129,71.41,False,False,2027-09-04 07:24:33.972
6a6d96275baa8e1afb22b497,Atorlip-F Tablet,Cipla Ltd,,Heart & Blood Pressure,110,366.75,False,True,2027-12-14 01:29:10.848
6a6d96275baa8e1afb22b4c0,Atormac CV10 Capsule,Macleods Pharmaceuticals Pvt Ltd,,Heart & Blood Pressure,108,203.0,False,True,2026-11-14 21:39:09.064
6a6d96275baa8e1afb22b537,Atormac Gold 10 Capsule,Macleods Pharmaceuticals Pvt Ltd,,Pain Relief,64,87.0,False,False,2028-01-14 21:37:23.843
6a6d96275baa8e1afb22b53b,Atormac Gold 20 Capsule,Macleods Pharmaceuticals Pvt Ltd,,Pain Relief,121,107.5,False,False,2027-05-31 12:33:18.705
6a6d96275baa8e1afb22b491,Atorva 20 Tablet,Zydus Cadila,,Heart & Blood Pressure,69,247.78,False,True,2028-02-13 09:17:32.040
6a6d96275baa8e1afb22b475,Atorva 40 Tablet,Zydus Cadila,,Heart & Blood Pressure,123,239.89,False,True,2027-09-29 20:20:40.683
6a6d96275baa8e1afb22b4cd,Atorva 80 Tablet,Zydus Cadila,,Heart & Blood Pressure,108,644.25,False,True,2027-07-02 13:59:36.582
6a6d96275baa8e1afb22b4e7,Atorva Asp 75 Capsule,Zydus Cadila,,Heart & Blood Pressure,126,44.35,False,True,2027-12-04 19:01:56.536
6a6d96275baa8e1afb22b533,Atorva Gold 10 Capsule,Zydus Cadila,,Pain Relief,55,86.25,False,False,2027-06-18 07:54:17.657
6a6d96275baa8e1afb22b527,Atorva Gold 20 Capsule,Zydus Cadila,,Pain Relief,98,116.6,False,False,2026-12-15 15:14:54.537
6a6d96275baa8e1afb22b46c,Atorva Tablet,Zydus Cadila,,Heart & Blood Pressure,87,102.31,False,True,2027-03-18 04:17:04.156
6a6d96275baa8e1afb22b5dc,Atosky Gold 20 Capsule,Daxia Healthcare,,Pain Relief,112,80.0,False,False,2028-03-04 10:01:12.853
6a6d96275baa8e1afb22b613,Atoxim 200mg Tablet,Sois Formulations Pvt Ltd,,Antibiotic,131,140.0,False,True,2026-12-26 20:03:04.940
6a6d96275baa8e1afb22b6f1,Aucti 100mg Injection,Bioaltus Pharmaceuticals Pvt Ltd,,Vitamins & Supplements,135,250.0,False,False,2027-09-08 06:34:27.787
6a6d96275baa8e1afb22b6c9,Auctista M 500mg/20mg Tablet,Bioaltus Pharmaceuticals Pvt Ltd,,Diabetes,51,115.0,False,True,2027-11-25 03:35:39.788
6a6d96285baa8e1afb22b78e,Auditone 2mg Oral Drops,Ridhima Biocare,,Gastro & Digestion,87,32.0,False,True,2027-08-24 15:24:42.360
6a6d96275baa8e1afb22b749,Auditone 4mg Tablet MD,Ridhima Biocare,,Gastro & Digestion,102,49.0,False,True,2027-10-20 14:27:43.158
6a6d96275baa8e1afb22b755,Audon 4mg Tablet,Aurz Pharmaceuticals Pvt Ltd,,Gastro & Digestion,48,52.0,False,True,2027-07-06 04:59:50.136
6a6d96275baa8e1afb22b488,Augmentin 1.2gm Injection,Glaxo SmithKline Pharmaceuticals Ltd,,Antibiotic,36,156.14,False,True,2026-11-19 23:01:27.444
6a6d96275baa8e1afb22b479,Augmentin 1000 Duo Tablet,Glaxo SmithKline Pharmaceuticals Ltd,,Antibiotic,112,601.45,False,True,2027-10-18 06:49:41.787
6a6d96275baa8e1afb22b47e,Augmentin 375 Tablet,Glaxo SmithKline Pharmaceuticals Ltd,,Antibiotic,94,229.0,False,True,2026-12-28 06:41:32.396
6a6d96275baa8e1afb22b451,Augmentin 625 Duo Tablet,Glaxo SmithKline Pharmaceuticals Ltd,,Antibiotic,44,223.42,False,True,2027-09-01 06:56:33.165
6a6d96275baa8e1afb22b464,Augmentin DDS Suspension,Glaxo SmithKline Pharmaceuticals Ltd,,Antibiotic,10,173.0,False,True,2026-11-11 18:33:21.266
6a6d96275baa8e1afb22b458,Augmentin Duo Oral Suspension,Glaxo SmithKline Pharmaceuticals Ltd,,Antibiotic,118,67.2,False,True,2027-05-06 22:05:52.047
6a6d96275baa8e1afb22b4be,Augmentin ES Oral Suspension,Glaxo SmithKline Pharmaceuticals Ltd,,Antibiotic,30,203.28,False,True,2028-04-19 04:48:18.718
6a6d96275baa8e1afb22b568,Augmexin Gel,Nextgen Healthcare,,Skin Care,101,58.0,False,False,2027-02-12 15:30:50.180
6a6d96275baa8e1afb22b4d1,Augpen -DS Suspension,Zuventus Healthcare Ltd,,Antibiotic,72,149.7,False,True,2027-01-31 16:06:25.628
6a6d96275baa8e1afb22b4d2,Augpen 625 BID Tablet,Zuventus Healthcare Ltd,,Antibiotic,20,216.28,False,True,2026-12-01 06:05:59.954
6a6d96275baa8e1afb22b4e0,Augpen LB 625 Tablet,Zuventus Healthcare Ltd,,Antibiotic,45,439.8,False,True,2027-02-07 04:56:13.631
6a6d96275baa8e1afb22b61a,Auriase 5mg Tablet,Surya Pharmaceutical Ltd,,Allergy,140,64.0,False,False,2027-10-15 10:54:40.844
6a6d96275baa8e1afb22b64b,Auriase M 5mg/10mg Tablet,Surya Pharmaceutical Ltd,,Allergy,116,145.0,False,False,2028-02-28 22:21:01.332
6a6d96285baa8e1afb22b77c,Auzidob 500mg Tablet,Aurel Biolife,,Vitamins & Supplements,93,119.0,False,False,2027-05-12 09:58:47.956
6a6d96285baa8e1afb22b7b2,Avakill Lotion,Avalanche Pharmaceuticals,,Skin Care,12,95.0,False,False,2027-02-18 15:58:18.189
6a6d96275baa8e1afb22b51d,Avas 20 Tablet,Micro Labs Ltd,,Heart & Blood Pressure,127,495.6,False,True,2028-03-15 19:47:55.014
6a6d96275baa8e1afb22b4f2,Avas CV 10 Capsule,Micro Labs Ltd,,Heart & Blood Pressure,149,111.0,False,True,2027-01-11 00:51:40.179
6a6d96275baa8e1afb22b5de,Avas Gold 75mg/10mg/75mg Capsule,Micro Labs Ltd,,Pain Relief,137,46.0,False,False,2026-11-22 13:28:41.592
6a6d96275baa8e1afb22b57d,Avas Gold 75mg/20mg/75mg Capsule,Micro Labs Ltd,,Pain Relief,36,64.0,False,False,2027-06-24 06:42:09.370
6a6d96275baa8e1afb22b6af,Avcal D3 Injection,Arvincare Pharma,,Vitamins & Supplements,144,62.37,False,False,2027-10-10 15:22:21.881
6a6d96275baa8e1afb22b684,Avd3 Softgel Capsule,H2H India Biotech Private Limited,,Vitamins & Supplements,70,120.0,False,False,2027-06-16 15:39:26.685
6a6d96285baa8e1afb22b7a2,Avetron 4mg Tablet MD,Jasco Labs Pvt Ltd,,Gastro & Digestion,45,46.0,False,True,2027-11-09 06:45:24.590
6a6d96275baa8e1afb22b6c1,Avi 40mg Tablet,Auroswift Pharma,,Gastro & Digestion,109,55.65,False,False,2027-01-30 20:20:11.762
6a6d96285baa8e1afb22b789,Avical 625mg/125IU Tablet,Bhavishya Pharmaceuticals Pvt Ltd,,Vitamins & Supplements,106,184.0,False,False,2026-12-20 03:31:00.971
6a6d96275baa8e1afb22b72a,Avidine-M Ointment,Allenge India,,Antibiotic,78,36.0,False,True,2027-09-21 11:38:43.588
6a6d96285baa8e1afb22b778,Avidox 100mg/100mg Tablet,Avalanche Pharmaceuticals,,Antibiotic,3,35.0,False,True,2027-10-12 09:37:04.806
6a6d96285baa8e1afb22b7d4,Avidox-SP 100mg/10mg Tablet,Avalanche Pharmaceuticals,,Antibiotic,115,67.0,False,True,2028-03-31 06:10:21.870
6a6d96275baa8e1afb22b5ce,Avil NU 10mg Tablet,Sanofi India  Ltd,,Allergy,33,27.66,False,False,2027-12-31 11:03:43.732
6a6d96275baa8e1afb22b682,Avilox 250mg Tablet,Avalanche Pharmaceuticals,,Antibiotic,77,38.0,False,True,2028-04-20 19:43:20.602
6a6d96275baa8e1afb22b729,Avilox Forte 500mg Tablet,Avalanche Pharmaceuticals,,Antibiotic,140,63.7,False,True,2026-12-13 00:08:44.883
6a6d96285baa8e1afb22b7d6,Avimet 100mg Oral Suspension,Moraceae Pharmaceuticals Pvt Ltd,,Antibiotic,96,15.5,False,True,2027-10-30 04:24:32.675
6a6d96285baa8e1afb22b7b9,Aviron 50mg Injection,Arvincare Pharma,,Vitamins & Supplements,37,138.0,False,False,2027-07-03 14:30:27.075
6a6d96285baa8e1afb22b77e,Avocip 500mg Tablet,Avonic Life Sciences,,Antibiotic,7,59.0,False,True,2026-11-23 03:18:14.072
6a6d96275baa8e1afb22b6a9,Avodox 100mg Capsule,Avonic Life Sciences,,Antibiotic,39,70.0,False,True,2027-06-18 00:01:22.823
6a6d96275baa8e1afb22b715,Avoflox Syrup,Tenet Healthcare,,Antibiotic,115,50.5,False,True,2027-10-20 03:04:34.377
6a6d96285baa8e1afb22b794,Avomits 4mg Tablet,Mits Healthcare Pvt Ltd,,Gastro & Digestion,38,25.0,False,True,2028-02-23 01:29:50.905
6a6d96285baa8e1afb22b77b,Awnaron 4mg Tablet,Shawn & Co,,Gastro & Digestion,135,28.0,False,True,2028-03-19 18:26:22.991
6a6d96275baa8e1afb22b766,Axacip 2mg Infusion,AXA Parenterals Ltd,,Antibiotic,16,18.47,False,True,2027-05-19 18:45:20.668
6a6d96275baa8e1afb22b73d,Axamol 2.5mg Respules 2.5ml,AXA Parenterals Ltd,,"Cough, Cold & Respiratory",51,22.0,False,False,2027-08-21 21:03:23.490
6a6d96275baa8e1afb22b65d,Axant 50mg/400mg Tablet,Sigmund Promedica,,Pain Relief,97,115.0,False,True,2027-12-12 08:54:16.987
6a6d96275baa8e1afb22b5d3,Axegliptin M 500mg/20mg Tablet SR,Ajanta Pharma Ltd,,Diabetes,64,107.7,False,True,2026-11-01 01:28:34.821
6a6d96275baa8e1afb22b71e,Axibact 2% Ointment,Aurz Pharmaceuticals Pvt Ltd,,Skin Care,82,128.0,False,True,2027-10-29 22:57:06.111
6a6d96285baa8e1afb22b77f,Axifer 100mg Injection,Medihealth Lifesciences Pvt. Ltd.,,Vitamins & Supplements,96,160.0,False,False,2028-03-04 02:43:32.084
6a6d96285baa8e1afb22b7b5,Axigrel 75mg Tablet,Axis Life Science Pvt Ltd,,Heart & Blood Pressure,107,65.0,False,True,2027-06-19 08:35:17.258
6a6d96275baa8e1afb22b5db,Axim 200mg Tablet,Uni-Pex Pharmaceuticals Pvt Ltd,,Antibiotic,2,97.0,False,True,2027-08-07 04:35:06.211
6a6d96275baa8e1afb22b6b8,Axinac Nano Gel,Axenic Healthcare,,Pain Relief,108,99.0,False,True,2027-11-08 10:54:12.664
6a6d96275baa8e1afb22b668,Axipan 40mg Tablet,Axis Life Science Pvt Ltd,,Gastro & Digestion,1,75.0,False,False,2026-12-23 22:05:37.673
6a6d96285baa8e1afb22b782,Axiset 4mg Tablet,Axis Life Science Pvt Ltd,,Gastro & Digestion,83,45.95,False,True,2027-10-13 06:08:23.363
6a6d96285baa8e1afb22b7ca,Axoderm 1% Dusting Powder,Aronex Life Sciences Pvt Ltd,,Skin Care,140,70.0,False,False,2027-09-22 12:52:43.461
6a6d96275baa8e1afb22b4db,Azax 250 Tablet,Sun Pharmaceutical Industries Ltd,,Antibiotic,127,71.02,False,True,2027-08-29 07:29:31.730
6a6d96275baa8e1afb22b476,Azax 500 Tablet,Sun Pharmaceutical Industries Ltd,,Antibiotic,59,79.3,False,True,2027-03-18 16:08:14.930
6a6d96275baa8e1afb22b76e,Azcal 1250mg/250IU Tablet,Bioman Pharmaceuticals,,Vitamins & Supplements,83,23.0,False,False,2027-01-19 06:40:41.854
6a6d96275baa8e1afb22b753,Azcool 2% Dusting Powder,Biodyne Remedies Pvt Ltd,,Skin Care,141,45.0,False,False,2027-06-10 10:10:01.150
6a6d96275baa8e1afb22b4a6,Azee 100mg Dry Syrup Peppermint,Cipla Ltd,,Antibiotic,17,45.88,False,True,2027-02-17 05:27:57.876
6a6d96275baa8e1afb22b46b,Azee 200mg Dry Syrup,Cipla Ltd,,Antibiotic,39,52.31,False,True,2027-02-11 23:53:49.575
6a6d96275baa8e1afb22b4ba,Azee 250 Tablet,Cipla Ltd,,Antibiotic,41,78.75,False,True,2027-04-08 07:34:04.469
6a6d96275baa8e1afb22b456,Azee 500 Tablet,Cipla Ltd,,Antibiotic,97,132.38,False,True,2027-11-09 05:23:54.843
6a6d96275baa8e1afb22b4f6,Azee XL 200mg Dry Syrup Peppermint,Cipla Ltd,,Antibiotic,46,114.55,False,True,2027-12-04 12:07:49.529
6a6d96275baa8e1afb22b61b,Azfex M 120mg/10mg Tablet,Azkka Pharmaceuticals Pvt Ltd,,Allergy,146,119.9,False,True,2028-04-19 13:01:14.616
6a6d96275baa8e1afb22b50b,Azibact 200 Readymix Oral Suspension,Ipca Laboratories Ltd,,Antibiotic,105,57.46,False,True,2026-11-05 06:41:47.888
6a6d96275baa8e1afb22b4b0,Azibact 500 Tablet,Ipca Laboratories Ltd,,Antibiotic,33,132.37,False,True,2027-02-19 16:13:25.153
6a6d96275baa8e1afb22b50d,Azibest 500mg Tablet,Blue Cross Laboratories Ltd,,Antibiotic,71,69.0,False,True,2027-08-09 12:15:07.085
6a6d96275baa8e1afb22b642,Azicef-LB Tablet,Mclain Laboratories,,Antibiotic,148,259.0,False,True,2026-12-22 08:01:53.782
6a6d96275baa8e1afb22b465,Azicip 500 Tablet,Cipla Ltd,,Antibiotic,143,79.43,False,True,2028-01-22 21:24:11.794
6a6d96275baa8e1afb22b48d,Azikem 500mg Tablet,Alkem Laboratories Ltd,,Antibiotic,80,71.7,False,True,2028-04-07 15:05:15.782
6a6d96275baa8e1afb22b4c5,Azimax 500 Tablet,Cipla Ltd,,Antibiotic,4,119.5,False,True,2026-12-28 00:04:18.490
6a6d96275baa8e1afb22b68d,Azirab 20mg Tablet,Astraazin Pharmaceuticals Private Limited,,Gastro & Digestion,145,67.5,False,False,2027-11-15 07:13:25.192
6a6d96275baa8e1afb22b64a,Azirab-DSR 30mg/20mg Capsule,Astraazin Pharmaceuticals Private Limited,,Gastro & Digestion,85,75.0,False,False,2027-04-09 19:48:15.528
6a6d96275baa8e1afb22b4a5,Azithral 100 Liquid,Alembic Pharmaceuticals Ltd,,Antibiotic,13,46.3,False,True,2027-01-13 18:35:11.661
6a6d96275baa8e1afb22b463,Azithral 200 Liquid,Alembic Pharmaceuticals Ltd,,Antibiotic,89,57.25,False,True,2028-01-05 12:44:52.237
6a6d96275baa8e1afb22b452,Azithral 500 Tablet,Alembic Pharmaceuticals Ltd,,Antibiotic,3,132.36,False,True,2027-03-24 06:27:16.945
6a6d96275baa8e1afb22b4e9,Azithral Eye Ointment,Alembic Pharmaceuticals Ltd,,Antibiotic,2,146.0,False,True,2028-02-29 19:48:35.488
6a6d96275baa8e1afb22b490,Azithral XL 200 Liquid,Alembic Pharmaceuticals Ltd,,Antibiotic,18,114.56,False,True,2028-02-03 01:05:56.148
6a6d96275baa8e1afb22b4c4,Azithro 250mg Tablet,Ind Swift Laboratories Ltd,,Antibiotic,2,57.08,False,True,2027-06-19 23:05:47.004
6a6d96275baa8e1afb22b4e8,Azivent 500 Tablet,Aristo Pharmaceuticals Pvt Ltd,,Antibiotic,111,96.12,False,True,2027-06-13 11:03:35.037
6a6d96275baa8e1afb22b4a3,Aziwok 500 Tablet,Dr Reddy's Laboratories Ltd,,Antibiotic,114,132.36,False,True,2027-11-02 06:04:39.646
6a6d96275baa8e1afb22b73e,Azmino Plus Tablet,Medoz Pharmaceutical Pvt. Ltd,,"Cough, Cold & Respiratory",70,12.9,False,False,2027-04-13 11:25:46.479
6a6d96275baa8e1afb22b665,Azneten M Tablet ER,Daylon Healthcare,,Diabetes,24,117.0,False,True,2027-10-09 20:50:53.154
6a6d96275baa8e1afb22b6cd,Azol 20 Capsule,Dr. Johns Laboratories Pvt Ltd,,Gastro & Digestion,125,32.0,False,False,2026-12-06 06:48:44.222
6a6d96275baa8e1afb22b5df,Azole 20mg Capsule,Dr. Johns Laboratories Pvt Ltd,,Gastro & Digestion,37,40.43,False,False,2027-03-26 07:46:41.984
6a6d96275baa8e1afb22b539,Azovas T 40 Tablet,J B Chemicals and Pharmaceuticals Ltd,,Heart & Blood Pressure,123,153.93,False,True,2028-03-06 18:34:09.433
6a6d96275baa8e1afb22b73f,Aztec 150mg Tablet,Ind Swift Laboratories Ltd,,Gastro & Digestion,116,4.68,False,False,2027-07-21 09:10:45.783
6a6d96285baa8e1afb22b7af,Aztec 25mg Injection,Ind Swift Laboratories Ltd,,Gastro & Digestion,3,2.5,False,False,2027-12-28 05:07:01.993
6a6d96275baa8e1afb22b5f4,Aztel Trio 40mg/5mg/12.5mg Tablet,Azkka Pharmaceuticals Pvt Ltd,,Heart & Blood Pressure,1,72.0,False,True,2027-03-07 09:35:21.990
6a6d96275baa8e1afb22b52c,Aztogold 10 Capsule,Sun Pharmaceutical Industries Ltd,,Pain Relief,101,62.0,False,False,2027-10-16 00:48:21.050
6a6d96275baa8e1afb22b4ef,Aztogold 20 Capsule,Sun Pharmaceutical Industries Ltd,,Pain Relief,120,85.0,False,False,2027-03-13 21:10:22.643
6a6d96275baa8e1afb22b486,Aztolet  10 Tablet,Sun Pharmaceutical Industries Ltd,,Heart & Blood Pressure,115,170.0,False,True,2027-02-08 15:56:31.358
6a6d96275baa8e1afb22b4d8,Aztolet  20 Tablet,Sun Pharmaceutical Industries Ltd,,Heart & Blood Pressure,12,246.0,False,True,2027-01-17 12:52:19.666
6a6d96275baa8e1afb22b474,Aztor 10 Tablet,Sun Pharmaceutical Industries Ltd,,Heart & Blood Pressure,49,102.25,False,True,2028-04-06 22:28:56.011
6a6d96275baa8e1afb22b4b3,Aztor 20 Tablet,Sun Pharmaceutical Industries Ltd,,Heart & Blood Pressure,64,247.75,False,True,2027-06-05 23:52:34.504
6a6d96275baa8e1afb22b49a,Aztor 40 Tablet,Sun Pharmaceutical Industries Ltd,,Heart & Blood Pressure,125,359.8,False,True,2027-12-31 22:30:14.782
6a6d96275baa8e1afb22b51a,Aztor 80 Tablet,Sun Pharmaceutical Industries Ltd,,Heart & Blood Pressure,64,699.0,False,True,2026-11-09 17:28:12.401
6a6d96275baa8e1afb22b4bd,Aztor Asp 75 Capsule,Sun Pharmaceutical Industries Ltd,,Heart & Blood Pressure,37,38.5,False,True,2028-02-14 19:45:43.986
6a6d96275baa8e1afb22b57c,Azulix 0.5 MF Tablet PR,Torrent Pharmaceuticals Ltd,,Diabetes,25,53.0,False,True,2027-12-26 17:07:10.230
6a6d96275baa8e1afb22b529,Azulix 1 MF Forte Tablet PR,Torrent Pharmaceuticals Ltd,,Diabetes,2,170.0,False,True,2026-12-06 00:26:09.744
6a6d96275baa8e1afb22b4af,Azulix 1 MF Tablet PR,Torrent Pharmaceuticals Ltd,,Diabetes,130,155.0,False,True,2028-04-26 04:12:50.603
6a6d96275baa8e1afb22b51c,Azulix 1 Tablet,Torrent Pharmaceuticals Ltd,,Diabetes,79,44.47,False,True,2027-12-09 15:42:08.980
6a6d96275baa8e1afb22b50f,Azulix 2 MF Forte Tablet PR,Torrent Pharmaceuticals Ltd,,Diabetes,1,242.6,False,True,2027-10-16 07:12:22.956
6a6d96275baa8e1afb22b4ad,Azulix 2 MF Tablet PR,Torrent Pharmaceuticals Ltd,,Diabetes,11,225.0,False,True,2028-03-12 14:39:34.952
6a6d96275baa8e1afb22b52b,Azulix 2 Tablet,Torrent Pharmaceuticals Ltd,,Diabetes,75,70.65,False,True,2027-11-07 11:39:50.025
6a6d96275baa8e1afb22b57b,Azulix 3 MF Forte Tablet PR,Torrent Pharmaceuticals Ltd,,Diabetes,27,159.0,False,True,2027-02-12 07:11:12.655
6a6d96275baa8e1afb22b552,Azulix 4 MF Forte Tablet PR,Torrent Pharmaceuticals Ltd,,Diabetes,27,171.55,False,True,2027-04-26 19:59:55.358
6a6d96275baa8e1afb22b59e,Azulix MV 1mg/500mg/0.2mg Tablet SR,Torrent Pharmaceuticals Ltd,,Diabetes,46,141.25,False,True,2027-09-02 04:31:55.802
6a6d96275baa8e1afb22b54a,Azulix MV 2/0.2 Tablet SR,Torrent Pharmaceuticals Ltd,,Diabetes,52,192.2,False,True,2028-02-19 00:56:16.361
6a6d96275baa8e1afb22b547,Azulix MV 2mg/500mg/0.3mg Tablet SR,Torrent Pharmaceuticals Ltd,,Diabetes,92,181.6,False,True,2027-06-11 03:47:23.494
6a6d96275baa8e1afb22b6aa,Azupan 40mg Tablet,Azurite Bio Science Pvt Ltd,,Gastro & Digestion,17,79.8,False,False,2027-03-12 12:29:19.580
6a6d96275baa8e1afb22b54c,Azusa T 8/40 Tablet,Ajanta Pharma Ltd,,Heart & Blood Pressure,145,152.0,False,True,2027-07-06 22:24:15.167
6a6d96275baa8e1afb22b595,Azuvas 10 Tablet,Azkka Pharmaceuticals Pvt Ltd,,Heart & Blood Pressure,8,129.9,False,True,2027-10-19 10:02:17.404
6a6d96275baa8e1afb22b5d7,Azuvas 20 Tablet,Azkka Pharmaceuticals Pvt Ltd,,Heart & Blood Pressure,88,129.9,False,True,2028-01-30 07:46:54.165
6a6d96275baa8e1afb22b594,Azuvas 20-Gold Capsule,Azkka Pharmaceuticals Pvt Ltd,,Pain Relief,141,129.9,False,False,2026-11-25 02:22:33.542
6a6d96275baa8e1afb22b5ac,Azuvas 40 Tablet,Azkka Pharmaceuticals Pvt Ltd,,Heart & Blood Pressure,31,129.9,False,True,2028-01-17 02:16:08.099
6a6d96285baa8e1afb22b7e4,B Bact Ointment,Wallace Pharmaceuticals Pvt Ltd,,Skin Care,124,159.0,False,True,2027-02-15 08:08:55.887
6a6d96285baa8e1afb22b7fb,B Muce Ointment,Biochem Pharmaceutical Industries,,Skin Care,130,144.9,False,True,2027-02-19 01:35:51.820
6a6d96285baa8e1afb22b82c,B Sim 2% Ointment,Starzol Pharma,,Skin Care,33,127.0,False,True,2027-12-22 11:24:47.677
6a6d96285baa8e1afb22b801,B-Supp Tablet,Beaumont Healthcare Pvt Ltd,,Vitamins & Supplements,128,199.0,False,False,2027-10-05 09:00:42.241
6a6d96285baa8e1afb22b818,BaciFoe Ointment,Insutik pharmaceuticals Private Limited,,Skin Care,63,160.0,False,True,2027-06-15 14:25:22.483
6a6d96285baa8e1afb22b805,Bacigyl-N Suspension,Aristo Pharmaceuticals Pvt Ltd,,Antibiotic,133,26.35,False,True,2028-04-09 17:14:14.165
6a6d96285baa8e1afb22b81f,Bacrocin 2% Ointment,Benedic Pharmaceutical Pvt Ltd,,Skin Care,104,107.0,False,True,2027-12-22 13:02:46.886
6a6d96285baa8e1afb22b802,Bact M 2% Ointment,Quality Pharma Products Pvt. Ltd.,,Skin Care,50,90.0,False,True,2027-08-06 18:55:35.873
6a6d96285baa8e1afb22b7ff,Bacticin Ointment,Parker Robinson Pvt  Ltd,,Skin Care,39,61.0,False,True,2027-07-18 12:11:45.994
6a6d96285baa8e1afb22b827,Bactifree Lotion,Lupin Ltd,,Skin Care,115,13.28,False,True,2027-04-07 02:54:37.291
6a6d96285baa8e1afb22b825,Bactirel Ointment,Reliance Life Sciences,,Skin Care,36,102.0,False,True,2027-05-19 19:50:41.677
6a6d96285baa8e1afb22b817,Bactisan 2% Ointment,Exsan Healthcare,,Skin Care,4,120.0,False,True,2028-01-20 12:36:07.099
6a6d96285baa8e1afb22b81c,Bactivac Ointment,Prevego Healthcare & Research Private Limited,,Skin Care,110,150.0,False,True,2027-08-19 23:41:19.164
6a6d96285baa8e1afb22b804,Bactocid Ointment,Kusum Healthcare Pvt Ltd,,Skin Care,50,84.9,False,True,2027-04-15 01:59:24.706
6a6d96285baa8e1afb22b814,Bactofast Ointment,Grefith Life Sciences Pvt Ltd,,Skin Care,40,109.0,False,True,2028-01-10 12:17:10.716
6a6d96285baa8e1afb22b808,Bactorub Antiseptic Solution,Raman   Weil Pvt Ltd,,Skin Care,125,630.0,False,False,2027-08-13 05:32:44.142
6a6d96285baa8e1afb22b82d,Bageo JeFe-XT Tablet,Bageo Pharmaceuticals Pvt Ltd,,Vitamins & Supplements,8,80.0,False,False,2027-05-03 04:52:41.078
6a6d96285baa8e1afb22b832,Banshel Tablet,Bantom Laboratories Pvt Ltd,,Vitamins & Supplements,9,23.5,False,False,2027-09-24 04:57:52.767
6a6d96285baa8e1afb22b7e6,Basaglar 100 Units/ml Cartridge,Cipla Ltd,,Diabetes,115,665.0,False,True,2028-04-27 01:00:34.923
6a6d96285baa8e1afb22b7ed,Basaglar 100IU/ml Kwikpen,Cipla Ltd,,Diabetes,58,1028.0,False,True,2027-08-17 14:13:32.290
6a6d96285baa8e1afb22b7e3,Basalog 100IU/ml Injection,Biocon,,Diabetes,30,564.55,False,True,2027-08-04 16:44:39.223
6a6d96285baa8e1afb22b7e5,Basalog 100IU/ml Refill Cartridge,Biocon,,Diabetes,83,610.53,False,True,2027-08-09 00:43:30.028
6a6d96285baa8e1afb22b7ee,Basalog One 100IU/ml Injection,Biocon,,Diabetes,83,823.1,False,True,2027-10-16 20:56:41.970
6a6d96285baa8e1afb22b839,Basefresh 0.2% Mouth Wash,Base Pharmaceuticals Pvt Ltd,,Skin Care,51,98.0,False,False,2026-10-30 15:48:55.104
6a6d96285baa8e1afb22b7e8,Basugine 100IU/ml Injection,Lupin Ltd,,Diabetes,53,594.8,False,True,2027-09-09 23:33:29.539
6a6d96285baa8e1afb22b833,Bcuff DX Syrup,BPlus NG Pharmaceuticals,,"Cough, Cold & Respiratory",33,55.0,False,False,2027-07-18 03:02:22.620
6a6d96285baa8e1afb22b810,Beatvit 60K Softgel Capsule,Neobeat Healthcare Pvt Ltd,,Vitamins & Supplements,104,99.1,False,False,2027-02-12 20:50:59.259
6a6d96285baa8e1afb22b811,Beclo Cream,Welltrack Pharma,,Skin Care,43,72.0,False,False,2028-04-25 16:11:30.735
6a6d96285baa8e1afb22b7ec,Benadryl DR Kids Syrup,Johnson & Johnson Ltd,,"Cough, Cold & Respiratory",91,93.0,False,False,2027-07-19 23:55:04.311
6a6d96285baa8e1afb22b7e0,Benadryl DR Syrup,Johnson & Johnson Ltd,,"Cough, Cold & Respiratory",21,123.0,False,False,2026-12-23 20:44:34.283
6a6d96285baa8e1afb22b823,Best Dee 3 Oral Solution (5ml Each) Delicious Sugar Free,Best Biotech,,Vitamins & Supplements,105,240.0,False,False,2027-06-07 20:36:04.837
6a6d96285baa8e1afb22b7dd,Betadine 10% Ointment,Win-Medicare Pvt Ltd,,Skin Care,102,129.47,False,False,2027-03-13 04:45:59.174
6a6d96285baa8e1afb22b7df,Betadine 10% Solution,Win-Medicare Pvt Ltd,,Skin Care,75,115.36,False,False,2028-01-22 13:30:56.916
6a6d96285baa8e1afb22b7de,Betadine 2% Gargle Mint,Win-Medicare Pvt Ltd,,Skin Care,2,153.5,False,False,2026-11-06 23:55:10.000
6a6d96285baa8e1afb22b7eb,Betadine 5 % Solution,Win-Medicare Pvt Ltd,,Skin Care,110,240.8,False,False,2027-03-14 22:54:43.281
6a6d96285baa8e1afb22b7e9,Betadine 5% Ointment,Win-Medicare Pvt Ltd,,Skin Care,77,80.5,False,False,2027-05-02 01:03:16.875
6a6d96285baa8e1afb22b7f0,Betadine 7.5% Surgical Scrub,Win-Medicare Pvt Ltd,,Skin Care,125,99.68,False,False,2027-08-03 09:19:06.283
6a6d96285baa8e1afb22b7f9,Betadine First Aid Solution,Win-Medicare Pvt Ltd,,Skin Care,68,108.08,False,False,2027-08-31 23:47:39.183
6a6d96285baa8e1afb22b7e2,Betadine Powder,Win-Medicare Pvt Ltd,,Skin Care,29,144.0,False,False,2028-04-18 11:06:01.902
6a6d96285baa8e1afb22b7e7,Betadine Vaginal Pessaries,Win-Medicare Pvt Ltd,,Skin Care,85,216.0,False,False,2027-08-06 23:11:06.381
6a6d96285baa8e1afb22b7ea,Betakind Gargle,Mankind Pharma Ltd,,Skin Care,67,110.0,False,False,2027-05-12 23:33:54.298
6a6d96285baa8e1afb22b82b,Bicoba-FC 2500 Injection,Bioclix Remedies,,Vitamins & Supplements,88,91.0,False,False,2027-12-06 21:11:03.571
6a6d96285baa8e1afb22b81d,Bigvin-FC Injection,BestoChem Formulations  India  Ltd,,Vitamins & Supplements,135,40.87,False,False,2026-11-27 10:27:33.512
6a6d96285baa8e1afb22b819,Bio Cal-D 1000mg/200IU Tablet,Bio Drugs Laboratories Pvt Ltd,,Vitamins & Supplements,144,23.75,False,False,2027-12-20 11:19:12.678
6a6d96285baa8e1afb22b837,Bioclop 75mg Tablet,Caddes Life Sciences,,Heart & Blood Pressure,49,67.0,False,True,2027-12-23 18:29:19.768
6a6d96285baa8e1afb22b7f8,Biodox LB Capsule,Bioderma Solutions,,Antibiotic,139,75.0,False,True,2027-08-08 12:41:05.891
6a6d96285baa8e1afb22b7fa,Biodoxi 100 Tablet,Biochem Pharmaceutical Industries,,Antibiotic,40,12.48,False,True,2027-12-05 07:49:08.179
6a6d96285baa8e1afb22b7f3,Biofil-AB Particles,Eucare Pharmaceuticals Pvt Ltd,,Skin Care,136,861.0,False,True,2027-11-15 00:23:06.393
6a6d96285baa8e1afb22b820,Biofresh 0.2% Mouth Wash,Caddes Life Sciences,,Skin Care,96,65.0,False,False,2027-06-29 04:57:33.043
6a6d96285baa8e1afb22b83a,Biogrel Tablet,Guard Ever Life Sciences,,Heart & Blood Pressure,21,31.0,False,True,2027-06-02 13:44:38.305
6a6d96285baa8e1afb22b7f1,Bionect Ointment,Macleods Pharmaceuticals Pvt Ltd,,Skin Care,123,160.0,False,False,2027-01-07 12:19:51.248
6a6d96285baa8e1afb22b838,Bioprocin 2% Ointment,Bio Heal Remedies,,Skin Care,98,125.0,False,True,2027-03-20 20:39:21.186
6a6d96285baa8e1afb22b80e,Biosulin 30/70 100IU/ml Cartridge,Innova Life Sciences Private Limited,,Diabetes,57,162.76,False,True,2026-12-22 19:10:52.838
6a6d96285baa8e1afb22b829,Biosulin 30/70 100IU/ml Injection,Innova Life Sciences Private Limited,,Diabetes,89,355.0,False,True,2028-03-26 05:23:57.208
6a6d96285baa8e1afb22b815,Biosulin 30/70 40IU/ml Injection,Innova Life Sciences Private Limited,,Diabetes,95,155.77,False,True,2027-06-15 21:49:17.372
6a6d96285baa8e1afb22b81b,Biosulin N 40IU Injection,Innova Life Sciences Private Limited,,Diabetes,24,152.98,False,True,2027-07-05 08:51:48.877
6a6d96285baa8e1afb22b816,Biosulin R 40IU Injection,Innova Life Sciences Private Limited,,Diabetes,70,152.88,False,True,2028-01-08 10:11:17.575
6a6d96285baa8e1afb22b812,Biov-D3 Softgel Capsule,Elancer Pharmaceuticals,,Vitamins & Supplements,11,100.0,False,False,2027-07-24 03:45:07.796
6a6d96285baa8e1afb22b830,Biovilda 50mg Tablet,Bios Lab,,Diabetes,32,81.0,False,True,2028-02-21 12:23:31.858
6a6d96285baa8e1afb22b7f4,Biovorin 15 Tablet,Biochem Pharmaceutical Industries,,Vitamins & Supplements,67,555.0,False,False,2027-05-19 19:36:54.720
6a6d96285baa8e1afb22b80f,Biovorin 15mg Injection,Biochem Pharmaceutical Industries,,Vitamins & Supplements,81,130.6,False,False,2027-09-07 17:41:39.408
6a6d96285baa8e1afb22b7fe,Biovorin 50mg Injection,Biochem Pharmaceutical Industries,,Vitamins & Supplements,72,326.0,False,False,2028-04-24 23:50:44.312
6a6d96285baa8e1afb22b81a,Bitcal-D3 Softgel Capsule,Betlif Pharmaceutical Pvt Ltd,,Vitamins & Supplements,96,112.99,False,False,2028-03-24 19:15:05.509
6a6d96285baa8e1afb22b7f2,Bluglip 50mg Tablet,Blue Cross Laboratories Ltd,,Diabetes,67,55.0,False,True,2027-12-30 14:42:52.217
6a6d96285baa8e1afb22b822,Bluzole Dusting Powder,Sun Pharmaceutical Industries Ltd,,Skin Care,84,30.0,False,False,2027-07-02 02:11:31.652
6a6d96285baa8e1afb22b82a,Blzole Dusting Powder,Blaze Remedies,,Skin Care,23,149.0,False,False,2027-12-23 11:14:15.181
6a6d96285baa8e1afb22b813,Bon-D3 Oral Drops,Spc Healthcare Private Limited,,Vitamins & Supplements,134,75.0,False,False,2027-12-05 17:06:54.346
6a6d96285baa8e1afb22b7fd,Boncare Tablet,Lifecare Innovations Pvt Ltd,,Vitamins & Supplements,67,23.5,False,False,2028-02-26 06:09:59.751
6a6d96285baa8e1afb22b800,Bone C Max Capsule,Dr Cure Pharmaceuticals India Pvt Ltd,,Vitamins & Supplements,73,190.0,False,False,2027-10-16 05:57:55.826
6a6d96285baa8e1afb22b803,Bone-C Plus Capsule,Wiscon Pharmaceuticals Pvt Ltd,,Vitamins & Supplements,86,237.0,False,False,2027-11-06 17:47:03.037
6a6d96285baa8e1afb22b7ef,Bonecart-D3 Capsule,Alcott Healthcare Pvt Ltd,,Vitamins & Supplements,55,100.0,False,False,2028-02-07 04:24:35.739
6a6d96285baa8e1afb22b807,Bonenice Plus Softgel Capsule,Aexiom Pharmaceuticals,,Vitamins & Supplements,109,195.0,False,False,2027-02-20 04:48:28.375
6a6d96285baa8e1afb22b82e,Bonterol D3 60K Softgel Capsule,Medflux Pharmaceuticals Pvt Ltd,,Vitamins & Supplements,36,131.0,False,False,2027-09-28 17:06:23.083
6a6d96285baa8e1afb22b809,Bonultra 60K Soft Gelatin Capsule,Energize Pharmaceuticals (P) Ltd.,,Vitamins & Supplements,39,131.0,False,False,2028-04-15 14:34:12.520
6a6d96285baa8e1afb22b82f,Boost-CEE Injection,Flagship Biotech International,,Vitamins & Supplements,88,999.0,False,False,2027-09-07 15:42:18.500
6a6d96285baa8e1afb22b834,Borncal D3 Nano Shot (5ml Each) Mango Sugar Free,Century Life Science,,Vitamins & Supplements,6,272.0,False,False,2027-06-13 16:01:56.784
6a6d96285baa8e1afb22b835,Borncal-D3 Softgel Capsule,Century Life Science,,Vitamins & Supplements,17,120.0,False,False,2028-03-15 13:50:56.811
6a6d96285baa8e1afb22b83b,Boscort C 1% Dusting Powder,Elkos Healthcare Pvt Ltd,,Skin Care,36,107.0,False,False,2028-01-29 12:57:55.956
6a6d96285baa8e1afb22b828,Boscort C 1% Lotion,Elkos Healthcare Pvt Ltd,,Skin Care,121,96.0,False,False,2027-02-14 22:19:01.572
6a6d96285baa8e1afb22b80d,Bricarex D 30mg/5ml Expectorant,Biochem Pharmaceutical Industries,,"Cough, Cold & Respiratory",30,114.95,False,False,2027-04-11 02:12:21.687
6a6d96285baa8e1afb22b7f7,Briodox Tablet,Brinton Pharmaceuticals Pvt Ltd,,Antibiotic,149,89.24,False,True,2027-02-09 04:34:19.458
6a6d96285baa8e1afb22b7f6,Bro Cofdex Plus Syrup,Cipla Ltd,,"Cough, Cold & Respiratory",107,70.0,False,False,2027-02-19 15:00:10.045
6a6d96285baa8e1afb22b81e,Brobact 2% Ointment,Icarus Healthcare Pvt Ltd,,Skin Care,131,100.0,False,True,2027-06-26 03:05:22.118
6a6d96285baa8e1afb22b826,Brodil D 30mg/5ml Syrup,Vanguard Therapeutics Pvt Ltd,,"Cough, Cold & Respiratory",45,65.4,False,False,2027-02-14 22:38:36.008
6a6d96285baa8e1afb22b836,Buglac Mouth Wash,Urvija Pharmaceuticals,,Skin Care,75,99.0,False,False,2027-08-23 06:09:15.130
6a6d96285baa8e1afb22b824,Bupirobact 2% Ointment,German Remedies,,Skin Care,89,95.0,False,True,2028-03-11 09:42:50.568
6a6d96285baa8e1afb22b7fc,Burn Nil Cream,Scott Edil Pharmacia Ltd,,Skin Care,131,60.0,False,False,2028-01-06 19:33:17.818
6a6d96285baa8e1afb22b80c,Burn O Relief Cream,Cure Tech Skincare,,Skin Care,32,77.0,False,False,2027-05-04 06:25:08.623
6a6d96285baa8e1afb22b821,Burn-Om Cream,Om Biotec,,Skin Care,29,110.0,False,False,2028-02-28 16:02:55.389
6a6d96285baa8e1afb22b806,Burnfree Cream,Prevego Healthcare & Research Private Limited,,Skin Care,14,70.0,False,False,2027-05-28 00:23:55.397
6a6d96285baa8e1afb22b7e1,Burnheal Cream,Cipla Ltd,,Skin Care,83,81.95,False,False,2026-11-01 09:41:58.164
6a6d96285baa8e1afb22b80a,Burnheal Dusting Powder,Cipla Ltd,,Skin Care,69,21.0,False,False,2027-03-28 11:10:47.770
6a6d96285baa8e1afb22b80b,Burnhit Cream,Care Formulation Labs Pvt Ltd,,Skin Care,29,750.0,False,False,2028-01-30 20:18:22.008
6a6d96285baa8e1afb22b7f5,Burnol Povidone Ointment,Dr. Morepen Limited,,Skin Care,71,30.0,False,False,2027-04-27 04:46:06.232
6a6d96285baa8e1afb22b831,But-Bmd 3 Nano Shot Butterscotch Sugar Free,Butson Bioscience,,Vitamins & Supplements,139,78.0,False,False,2027-11-25 12:20:05.185
6a6d96295baa8e1afb22b84d,CB12 Injection,Mapra Laboratories Pvt Ltd,,Vitamins & Supplements,113,12.8,False,False,2027-09-25 06:21:52.513
6a6d96295baa8e1afb22b850,CO Mupimet Collagen Particles,Fourrts India Laboratories Pvt Ltd,,Skin Care,31,1072.0,False,True,2027-08-08 21:28:46.257
6a6d96295baa8e1afb22b853,CO Mupimet Powder,Fourrts India Laboratories Pvt Ltd,,Skin Care,87,339.0,False,True,2027-07-19 05:02:27.453
6a6d96295baa8e1afb22b855,CZ 360 Chewable Tablet Orange,FDC Ltd,,Vitamins & Supplements,83,90.0,False,False,2027-05-15 06:28:13.221
6a6d96295baa8e1afb22b84f,Canazole Cream,Lupin Ltd,,Skin Care,117,40.0,False,False,2027-11-16 06:27:38.486
6a6d96295baa8e1afb22b852,Candid Gold Cream,Glenmark Pharmaceuticals Ltd,,Skin Care,139,163.52,False,False,2027-12-27 07:54:42.330
6a6d96295baa8e1afb22b841,Candid Lotion,Glenmark Pharmaceuticals Ltd,,Skin Care,42,133.6,False,False,2027-04-16 14:43:53.582
6a6d96285baa8e1afb22b83c,Candid Mouth Paint,Glenmark Pharmaceuticals Ltd,,Skin Care,39,153.0,False,False,2028-02-03 06:33:28.918
6a6d96295baa8e1afb22b843,Candid TV Suspension,Glenmark Pharmaceuticals Ltd,,Skin Care,110,305.0,False,False,2027-03-24 09:50:36.690
6a6d96295baa8e1afb22b842,Candid-V 6 Tablet ER,Glenmark Pharmaceuticals Ltd,,Skin Care,19,64.83,False,False,2027-11-21 09:50:10.711
6a6d96295baa8e1afb22b83f,Candid-V Gel,Glenmark Pharmaceuticals Ltd,,Skin Care,74,122.0,False,False,2028-04-20 13:59:40.813
6a6d96295baa8e1afb22b844,Candid-V3 Tablet VT,Glenmark Pharmaceuticals Ltd,,Skin Care,110,77.5,False,False,2027-01-26 22:55:04.556
6a6d96295baa8e1afb22b851,Canesten V6 Tablet VT,Bayer Pharmaceuticals Pvt Ltd,,Skin Care,101,64.5,False,False,2028-04-01 13:22:34.708
6a6d96295baa8e1afb22b84b,Canesten Vaginal Cream,Bayer Pharmaceuticals Pvt Ltd,,Skin Care,72,97.5,False,False,2027-11-24 04:27:15.136
6a6d96295baa8e1afb22b857,Carnozin 75mg Tablet,Bharti Life Sciences,,Vitamins & Supplements,126,88.38,False,False,2026-12-26 03:15:04.872
6a6d96295baa8e1afb22b862,Cefedge-C Injection,Suncure Lifescience Pvt Ltd,,Vitamins & Supplements,138,296.0,False,False,2027-10-14 02:42:52.235
6a6d96295baa8e1afb22b868,Cetrimol DG Syrup,Instant Remedies Pvt Ltd,,"Cough, Cold & Respiratory",122,74.0,False,False,2027-11-17 07:24:48.730
6a6d96295baa8e1afb22b85f,Chirof SF Syrup,Adventure Life Sciences Pvt Ltd,,"Cough, Cold & Respiratory",136,50.0,False,False,2028-04-16 05:08:03.369
6a6d96295baa8e1afb22b848,Clavix Tablet,Intas Pharmaceuticals Ltd,,Heart & Blood Pressure,97,126.87,False,True,2026-11-13 21:53:55.418
6a6d96295baa8e1afb22b85d,Cledex -SF Oral Liquid,Panjon Pharma Ltd,,"Cough, Cold & Respiratory",49,48.0,False,False,2027-12-02 03:59:33.046
6a6d96295baa8e1afb22b84e,Clenorush Oral Gel,DWD Pharmaceuticals Ltd,,Skin Care,111,99.0,False,False,2028-03-31 06:55:16.661
6a6d96295baa8e1afb22b849,Clocip Cream,Cipla Ltd,,Skin Care,3,47.23,False,False,2028-04-01 22:17:23.859
6a6d96295baa8e1afb22b85b,Clodin Soap,Gary Pharmaceuticals Pvt Ltd,,Skin Care,80,48.47,False,False,2028-01-12 20:43:44.782
6a6d96295baa8e1afb22b84a,Clohex Mouth Wash,Dr Reddy's Laboratories Ltd,,Skin Care,140,148.75,False,False,2028-04-20 12:09:39.793
6a6d96295baa8e1afb22b845,Clop-GM Neo Cream,Zydus Cadila,,Skin Care,128,105.6,False,False,2027-06-21 11:28:32.000
6a6d96295baa8e1afb22b840,Clopilet Tablet,Sun Pharmaceutical Industries Ltd,,Heart & Blood Pressure,145,129.4,False,True,2028-04-05 00:51:05.914
6a6d96295baa8e1afb22b83e,Clopitab Tablet,Lupin Ltd,,Heart & Blood Pressure,137,108.47,False,True,2027-10-11 06:15:19.576
6a6d96295baa8e1afb22b846,Clopivas 75 Tablet,Cipla Ltd,,Heart & Blood Pressure,47,94.2,False,True,2026-10-31 07:16:31.843
6a6d96295baa8e1afb22b847,Clostar-Gm Cream,Mankind Pharma Ltd,,Skin Care,111,58.56,False,False,2027-11-19 11:21:34.480
6a6d96295baa8e1afb22b860,Coba C Injection,Healsure Lifesciences Pvt. Ltd.,,Vitamins & Supplements,70,65.0,False,False,2027-03-14 23:19:42.150
6a6d96295baa8e1afb22b863,Cobaver Forte Injection,Evershine Lifesciences Pvt Ltd,,Vitamins & Supplements,96,50.0,False,False,2027-03-18 21:13:50.980
6a6d96295baa8e1afb22b861,Cobsa-Vit C Injection,Arvincare Pharma,,Vitamins & Supplements,96,72.0,False,False,2028-04-04 16:17:45.029
6a6d96295baa8e1afb22b84c,Cofsils Dry Cough Syrup,Cipla Health Ltd,,"Cough, Cold & Respiratory",40,95.0,False,False,2028-02-17 15:30:46.559
6a6d96295baa8e1afb22b856,Cofstop-DX Syrup,Apex Laboratories Pvt Ltd,,"Cough, Cold & Respiratory",26,50.0,False,False,2027-11-28 13:03:38.537
6a6d96295baa8e1afb22b867,Coldnem Syrup,Nemi Pharmaceuticles,,"Cough, Cold & Respiratory",37,50.0,False,False,2027-05-28 14:57:10.434
6a6d96295baa8e1afb22b854,Combikit 12 Injection,Scott Edil Pharmacia Ltd,,Vitamins & Supplements,141,17.75,False,False,2027-01-16 18:57:59.975
6a6d96295baa8e1afb22b85a,Consegna 30/70 Injection,Wockhardt Ltd,,Diabetes,57,397.6,False,True,2027-12-03 06:34:05.916
6a6d96295baa8e1afb22b858,Cool Burn Cream,Rishab Healthcare pvt. Ltd.,,Skin Care,14,350.0,False,False,2026-12-21 14:58:00.169
6a6d96295baa8e1afb22b864,Corest-BR Syrup,Ikon Remedies Pvt Ltd,,"Cough, Cold & Respiratory",1,95.0,False,False,2027-03-05 13:00:12.803
6a6d96295baa8e1afb22b85e,Corituss  Syrup,Wanbury Ltd,,"Cough, Cold & Respiratory",44,77.8,False,False,2026-12-06 14:06:33.773
6a6d96295baa8e1afb22b85c,Coughtas DX Syrup,Lupitas Pharmaceuticals Pvt  Ltd,,"Cough, Cold & Respiratory",89,40.0,False,False,2027-08-05 10:35:02.656
6a6d96295baa8e1afb22b866,Coverdoz 50mg/100mg/12mg Kit,Windlas Biotech Ltd,,Vitamins & Supplements,36,155.0,False,False,2027-10-10 08:04:53.635
6a6d96295baa8e1afb22b865,Cozia Tablet,Aeon Pharma Pvt Ltd,,"Cough, Cold & Respiratory",138,22.5,False,False,2027-05-19 16:28:16.662
6a6d96295baa8e1afb22b859,Cufbeat-D Syrup,Cubic Lifesciences Private Limited,,"Cough, Cold & Respiratory",26,69.5,False,False,2027-05-28 10:37:28.734
6a6d96295baa8e1afb22b877,D Glipin 50mg Tablet,Dr. Edwin Lab,,Diabetes,57,66.0,False,True,2027-12-03 18:24:42.820
6a6d96295baa8e1afb22b86c,D Tus Syrup,Med Manor Organics Pvt Ltd,,"Cough, Cold & Respiratory",130,110.0,False,False,2026-11-02 10:53:45.122
6a6d96295baa8e1afb22b86e,DMR 10mg Tablet,West-Coast Pharmaceutical Works Ltd,,"Cough, Cold & Respiratory",110,26.0,False,False,2027-03-02 09:14:26.163
6a6d96295baa8e1afb22b86a,DMR 20mg Tablet,West-Coast Pharmaceutical Works Ltd,,"Cough, Cold & Respiratory",39,45.0,False,False,2027-01-15 01:10:29.828
6a6d96295baa8e1afb22b869,DMR 30mg Tablet,West-Coast Pharmaceutical Works Ltd,,"Cough, Cold & Respiratory",40,57.0,False,False,2027-09-04 04:13:12.618
6a6d96295baa8e1afb22b86b,DMR Syrup,West-Coast Pharmaceutical Works Ltd,,"Cough, Cold & Respiratory",51,90.0,False,False,2027-03-13 17:18:00.546
6a6d96295baa8e1afb22b870,Debiglip 100 SR Tablet,Leeford Healthcare Ltd,,Diabetes,76,250.0,False,True,2026-11-02 02:54:21.993
6a6d96295baa8e1afb22b86f,Debiglip 50mg Tablet,Leeford Healthcare Ltd,,Diabetes,104,150.0,False,True,2028-01-30 21:55:35.773
6a6d96295baa8e1afb22b86d,Deroxy P Syrup,Biotic Healthcare,,"Cough, Cold & Respiratory",109,59.0,False,False,2027-10-02 18:01:12.682
6a6d96295baa8e1afb22b871,Diavild 50mg Tablet,Proqol Healthcare,,Diabetes,44,112.5,False,True,2027-08-11 03:46:39.368
6a6d96295baa8e1afb22b876,Dippivi 50 Tablet,Jubilant Life Sciences,,Diabetes,34,120.0,False,True,2027-05-05 21:48:41.690
6a6d96295baa8e1afb22b875,Doevil 50mg Tablet,Doer Life Sciences,,Diabetes,10,125.0,False,True,2027-04-05 23:44:47.642
6a6d96295baa8e1afb22b874,Dpp Vil 50 Tablet,Best Biotech,,Diabetes,18,96.0,False,True,2027-04-12 23:23:14.577
6a6d96295baa8e1afb22b873,Dpvil 50mg Tablet,Azkka Pharmaceuticals Pvt Ltd,,Diabetes,24,75.0,False,True,2027-01-25 20:14:49.947
6a6d96295baa8e1afb22b872,Drvilda 50mg Tablet,DR Best pharmaceuticals Pvt Ltd,,Diabetes,137,60.0,False,True,2028-02-14 23:22:48.345
6a6d96295baa8e1afb22b896,Ecovilda 50mg Tablet,Curewin Hylico Pharma Pvt Ltd,,Diabetes,135,67.5,False,True,2028-01-08 02:42:31.009
6a6d96295baa8e1afb22b87e,Eglucent Mix 25 100IU/ml Suspension for Injection,Lupin Ltd,,Diabetes,139,900.0,False,True,2027-02-22 22:19:41.540
6a6d96295baa8e1afb22b885,Eglucent Mix 25 Kwikpen 100IU/ml,Lupin Ltd,,Diabetes,106,1029.0,False,True,2027-08-16 21:06:30.621
6a6d96295baa8e1afb22b882,Eglucent Mix 50 100IU/ml Suspension for Injection,Lupin Ltd,,Diabetes,0,900.0,False,True,2028-03-10 00:51:18.206
6a6d96295baa8e1afb22b88e,Eglucent Mix 50 Kwikpen 100IU/ml,Lupin Ltd,,Diabetes,75,1131.0,False,True,2027-05-18 22:46:55.284
6a6d96295baa8e1afb22b88a,Eglucent Rapid 100IU/ml Kwikpen,Lupin Ltd,,Diabetes,37,1029.0,False,True,2027-02-27 16:36:42.165
6a6d96295baa8e1afb22b880,Eglucent Rapid 100IU/ml Solution for Injection,Lupin Ltd,,Diabetes,108,900.0,False,True,2027-07-27 12:47:49.194
6a6d96295baa8e1afb22b878,Eldervit 12 Combipack,Elder Pharmaceuticals Ltd,,Vitamins & Supplements,116,29.7,False,False,2027-07-21 04:20:21.126
6a6d96295baa8e1afb22b887,Eldervita 12 Injection Combipack,Elder Projects Ltd,,Vitamins & Supplements,67,25.3,False,False,2027-10-22 13:19:36.006
6a6d96295baa8e1afb22b894,Eldoviptin 50mg Tablet,El-Dorado Bio-Tech Pvt Ltd,,Diabetes,127,78.0,False,True,2027-11-06 01:47:48.313
6a6d96295baa8e1afb22b879,Eltroxin 100mcg Tablet,Glaxo SmithKline Pharmaceuticals Ltd,,Thyroid,7,177.55,False,True,2027-11-28 19:59:37.715
6a6d96295baa8e1afb22b883,Eltroxin 125mcg Tablet,Glaxo SmithKline Pharmaceuticals Ltd,,Thyroid,5,114.15,False,True,2027-08-24 23:36:59.916
6a6d96295baa8e1afb22b87b,Eltroxin 25mcg Tablet,Glaxo SmithKline Pharmaceuticals Ltd,,Thyroid,11,191.31,False,True,2027-04-19 04:05:49.936
6a6d96295baa8e1afb22b87a,Eltroxin 50mcg Tablet,Glaxo SmithKline Pharmaceuticals Ltd,,Thyroid,80,106.63,False,True,2027-02-12 01:30:46.431
6a6d96295baa8e1afb22b87c,Eltroxin 75mcg Tablet,Glaxo SmithKline Pharmaceuticals Ltd,,Thyroid,138,193.53,False,True,2027-12-15 06:20:25.090
6a6d96295baa8e1afb22b888,Eltroxin 88mcg Tablet,Glaxo SmithKline Pharmaceuticals Ltd,,Thyroid,62,99.7,False,True,2027-04-09 07:59:41.089
6a6d96295baa8e1afb22b886,Encelin 50mg Tablet,Torrent Pharmaceuticals Ltd,,Diabetes,8,59.2,False,True,2027-03-10 20:39:53.201
6a6d96295baa8e1afb22b884,Encelin OD 100 Tablet,Torrent Pharmaceuticals Ltd,,Diabetes,86,121.0,False,True,2027-04-23 16:46:08.194
6a6d96295baa8e1afb22b895,Enerject 12 Injection,Anglo-French Drugs & Industries Ltd,,Vitamins & Supplements,24,13.9,False,False,2028-01-20 10:12:20.324
6a6d96295baa8e1afb22b88c,Equisulin-M 30 100IU/ml,Koye Pharmaceuticals Pvt ltd,,Diabetes,141,242.62,False,True,2027-02-02 00:51:44.108
6a6d96295baa8e1afb22b88b,Equisulin-M 30 Injection 40IU/ml,Koye Pharmaceuticals Pvt ltd,,Diabetes,96,169.15,False,True,2027-11-10 00:07:43.006
6a6d96295baa8e1afb22b899,Euroglipt 50mg Tablet,Efrosine Healthcare Private Limited,,Diabetes,23,112.0,False,True,2027-01-02 11:13:25.678
6a6d96295baa8e1afb22b893,Euthyroid 100 Tablet,Akumentis Healthcare Ltd,,Thyroid,116,130.0,False,True,2027-01-07 18:48:29.017
6a6d96295baa8e1afb22b892,Euthyroid 25 Tablet,Akumentis Healthcare Ltd,,Thyroid,24,64.0,False,True,2027-10-31 06:38:18.370
6a6d96295baa8e1afb22b891,Euthyroid 50 Tablet,Akumentis Healthcare Ltd,,Thyroid,120,104.0,False,True,2028-03-18 09:30:01.511
6a6d96295baa8e1afb22b87f,Euthyrox 100 Tablet,Merck Ltd,,Thyroid,117,147.38,False,True,2027-05-14 19:14:44.061
6a6d96295baa8e1afb22b88f,Euthyrox 12.5 Tablet,Merck Ltd,,Thyroid,41,150.88,False,True,2027-03-08 04:44:38.765
6a6d96295baa8e1afb22b890,Euthyrox 12.5mcg Tablet,Merck Ltd,,Thyroid,130,167.12,False,True,2028-04-19 13:59:33.212
6a6d96295baa8e1afb22b881,Euthyrox 25 Tablet,Merck Ltd,,Thyroid,80,162.12,False,True,2028-03-06 05:27:47.623
6a6d96295baa8e1afb22b87d,Euthyrox 50 Tablet,Merck Ltd,,Thyroid,131,120.7,False,True,2027-11-14 03:14:56.671
6a6d96295baa8e1afb22b889,Euthyrox 75 Tablet,Merck Ltd,,Thyroid,36,160.88,False,True,2028-01-02 14:50:30.293
6a6d96295baa8e1afb22b88d,Euthyrox 88 Tablet,Merck Ltd,,Thyroid,42,190.55,False,True,2027-04-24 16:12:52.056
6a6d96295baa8e1afb22b898,Euvilda 50mg Tablet,Europa Healthcare Pvt Ltd,,Diabetes,22,104.0,False,True,2027-01-10 16:39:38.192
6a6d96295baa8e1afb22b897,Ezithyx 100mcg Tablet,DR Best pharmaceuticals Pvt Ltd,,Thyroid,134,89.0,False,True,2026-11-17 18:52:47.992
6a6d96295baa8e1afb22b89a,Ezithyx 25mcg Tablet,DR Best pharmaceuticals Pvt Ltd,,Thyroid,149,69.0,False,True,2027-08-16 14:07:47.856
6a6d96295baa8e1afb22b89c,Ezithyx 50mcg Tablet,DR Best pharmaceuticals Pvt Ltd,,Thyroid,87,79.0,False,True,2027-07-18 17:13:43.705
6a6d96295baa8e1afb22b89b,Ezithyx 75mcg Tablet,DR Best pharmaceuticals Pvt Ltd,,Thyroid,29,85.0,False,True,2027-10-05 11:35:47.082
6a6d96295baa8e1afb22b8aa,Fertibex 50 Tablet,Fourrts India Laboratories Pvt Ltd,,Thyroid,20,9.55,False,True,2028-01-04 17:42:38.649
6a6d96295baa8e1afb22b8a9,Folcin 1 Injection,Unimarck Pharma India Ltd,,Vitamins & Supplements,128,1.75,False,False,2027-09-17 14:13:50.243
6a6d96295baa8e1afb22b8a5,Folcin 2 Injection,Unimarck Pharma India Ltd,,Vitamins & Supplements,128,24.1,False,False,2028-04-24 12:51:27.919
6a6d96295baa8e1afb22b8a6,Folera Tablet,Maneesh Pharmaceuticals Ltd,,Vitamins & Supplements,123,46.85,False,False,2027-09-17 17:03:41.592
6a6d96295baa8e1afb22b8a8,Foliage Tablet,Magbro Healthcare Pvt Ltd,,Vitamins & Supplements,62,19.0,False,False,2027-10-31 12:39:25.408
6a6d96295baa8e1afb22b89f,Folicel Tablet,Aishwarya Healthcare,,Vitamins & Supplements,139,43.6,False,False,2027-04-10 17:47:52.685
6a6d96295baa8e1afb22b8a4,Folimac 5mg Tablet,Ikon Pharmachem Pvt Ltd,,Vitamins & Supplements,76,11.5,False,False,2027-01-11 02:07:41.460
6a6d96295baa8e1afb22b8a0,Folinal 5mg Tablet,Alembic Pharmaceuticals Ltd,,Vitamins & Supplements,136,45.9,False,False,2027-10-17 21:50:30.181
6a6d96295baa8e1afb22b8a1,Folistar Soft Gelatin Capsule,Triton Healthcare Pvt Ltd,,Vitamins & Supplements,35,179.0,False,False,2028-03-31 17:48:37.945
6a6d96295baa8e1afb22b8a2,Folizee 5mg Tablet,Zeelab Pharmacy Pvt Ltd,,Vitamins & Supplements,141,98.0,False,False,2027-04-11 16:12:14.547
6a6d96295baa8e1afb22b89d,Folvite 5mg Tablet,Pfizer Ltd,,Vitamins & Supplements,128,76.54,False,False,2027-04-13 08:53:01.616
6a6d96295baa8e1afb22b89e,Foly 5mg Tablet,Kaizen Pharmaceuticals Pvt Ltd,,Vitamins & Supplements,135,13.4,False,False,2026-11-29 22:04:39.892
6a6d96295baa8e1afb22b8a3,Foly-Act Tablet,Morepen Laboratories Ltd,,Vitamins & Supplements,46,14.38,False,False,2027-09-26 02:57:21.650
6a6d96295baa8e1afb22b8a7,Fregam B12 Injection,Siskan Pharma,,Vitamins & Supplements,70,49.0,False,False,2027-06-15 06:09:43.520
6a6d96295baa8e1afb22b8ab,Galvus 50mg Tablet,Novartis India Ltd,,Diabetes,93,327.5,False,True,2027-10-21 00:04:59.821
6a6d96295baa8e1afb22b8ad,Gastrozin 75mg Tablet,Synergy Pharma Formulations India Pvt Ltd,,Vitamins & Supplements,84,330.0,False,False,2027-06-22 08:56:29.146
6a6d96295baa8e1afb22b8ac,Gliptagreat 50 Tablet,Mankind Pharma Ltd,,Diabetes,2,49.9,False,True,2028-03-02 12:51:36.999
6a6d96295baa8e1afb22b8ae,HI ZN Syrup,Halcyon Drugs,,Vitamins & Supplements,94,26.0,False,False,2027-04-01 02:44:42.164
6a6d96295baa8e1afb22b8af,Healtroxin 100 Tablet,Healing Pharma India Pvt Ltd,,Thyroid,85,150.0,False,True,2027-04-17 16:02:29.675
6a6d96295baa8e1afb22b8b1,Healtroxin 125mcg Tablet,Healing Pharma India Pvt Ltd,,Thyroid,101,193.0,False,True,2027-04-26 13:10:40.188
6a6d96295baa8e1afb22b8b0,Healtroxin 50mcg Tablet,Healing Pharma India Pvt Ltd,,Thyroid,14,123.0,False,True,2027-04-08 02:18:17.113
6a6d96295baa8e1afb22b8b2,Healtroxin 75mcg Tablet,Healing Pharma India Pvt Ltd,,Thyroid,65,164.0,False,True,2027-05-10 23:01:35.456
6a6d96295baa8e1afb22b8b3,IZinc Oral Suspension,Asterism Pharmaceuticals Pvt  Ltd,,Vitamins & Supplements,7,124.9,False,False,2027-11-04 18:17:04.248
6a6d96295baa8e1afb22b8b6,Immun Dase HD Chewable Tablet Tangy Orange Sugar Free,Astraea Life Sciences Pvt Ltd,,Vitamins & Supplements,101,110.0,False,False,2027-02-13 15:36:33.957
6a6d96295baa8e1afb22b8b4,Imuzinc Syrup,Medisurf Pharma,,Vitamins & Supplements,66,50.0,False,False,2027-08-22 13:25:58.814
6a6d96295baa8e1afb22b8b5,Inlime-CZ Chewable Tablet Orange,Winsome Bioceuticals,,Vitamins & Supplements,69,120.0,False,False,2027-08-18 08:57:23.971
6a6d96295baa8e1afb22b8b7,Jink Syrup,Lincoln Pharmaceuticals Ltd,,Vitamins & Supplements,17,72.6,False,False,2027-07-20 03:20:26.653
6a6d96295baa8e1afb22b8b8,Limcor Chewable Tablet,Rivan Pharma,,Vitamins & Supplements,110,170.0,False,False,2027-07-27 10:45:09.338
6a6d96295baa8e1afb22b8b9,Limcor Chewable Tablet Orange,Rivan Pharma,,Vitamins & Supplements,98,225.0,False,False,2028-01-12 19:46:25.723
6a6d96295baa8e1afb22b8ba,Medbic Injection,Medease Healthcare Pvt Ltd,,Vitamins & Supplements,78,490.0,False,False,2028-04-17 23:45:14.965
6a6d96295baa8e1afb22b8bb,Ovit-Cee Injection,Oscar Remedies Pvt Ltd,,Vitamins & Supplements,27,420.0,False,False,2028-02-04 13:09:35.454
6a6d96295baa8e1afb22b8bd,Oxistox 12 Injection,Zeelab Pharmacy Pvt Ltd,,Vitamins & Supplements,125,9.0,False,False,2028-04-23 16:45:10.999
6a6d96295baa8e1afb22b8bc,Oxyfag-B Oral Suspension Sugar Free,U & V Cancure Pvt. Ltd.,,Vitamins & Supplements,51,650.0,False,False,2027-03-15 17:18:00.893
6a6d96295baa8e1afb22b8be,Rashcare Cream,Leeford Healthcare Ltd,,Vitamins & Supplements,124,75.0,False,False,2027-02-06 17:27:23.106
6a6d96295baa8e1afb22b8bf,Redivit ZN 50mg Tablet,Best Biotech,,Vitamins & Supplements,51,65.0,False,False,2028-03-06 05:14:43.272
6a6d96295baa8e1afb22b8c0,Ross Vee C 500mg Injection,Rosswelt Biosciences,,Vitamins & Supplements,134,330.0,False,False,2027-01-15 10:40:57.927
6a6d96295baa8e1afb22b8c5,S-Zinc Tablet DT,Home Remedies Private Limited,,Vitamins & Supplements,129,55.0,False,False,2027-01-11 11:10:41.127
6a6d96295baa8e1afb22b8c6,Scorbia-XT Injection,Pollen Healthcure Pvt. Ltd.,,Vitamins & Supplements,74,299.0,False,False,2028-02-26 11:50:42.702
6a6d96295baa8e1afb22b8c3,Scorbix 1.5gm Injection,Fusion Healthcare Pvt Ltd,,Vitamins & Supplements,109,295.0,False,False,2028-02-24 22:13:44.188
6a6d96295baa8e1afb22b8c7,Scornix Injection,Nixi Laboratories Private Limited,,Vitamins & Supplements,97,400.0,False,False,2027-05-21 09:28:28.828
6a6d96295baa8e1afb22b8c1,Sofirash Cream,KLM Laboratories Pvt Ltd,,Vitamins & Supplements,27,130.0,False,False,2028-03-20 15:25:50.748
6a6d96295baa8e1afb22b8c2,Suncros Soft 2% Cream,Sun Pharmaceutical Industries Ltd,,Vitamins & Supplements,125,799.0,False,False,2026-12-08 21:31:11.311
6a6d96295baa8e1afb22b8c4,Sunheal Pure Cream,Alkem Laboratories Ltd,,Vitamins & Supplements,16,666.0,False,False,2027-11-25 00:44:05.289
6a6d96295baa8e1afb22b8c8,T-Zinc Syrup,Terra Pharma Private Limited,,Vitamins & Supplements,118,96.0,False,False,2027-02-07 01:26:03.302
6a6d96295baa8e1afb22b8c9,Tedyzin Syrup Mango,Insutik pharmaceuticals Private Limited,,Vitamins & Supplements,6,75.0,False,False,2028-01-30 10:27:51.416
6a6d96295baa8e1afb22b8ca,Vitamin C Injection,Mankind Pharma Ltd,,Vitamins & Supplements,35,3.08,False,False,2026-12-13 17:25:52.417
6a6d96295baa8e1afb22b8cb,W-Vit-Plus Injection Combipack,Woriox Pharma Private Limited,,Vitamins & Supplements,146,51.0,False,False,2026-12-20 19:31:05.143
6a6d96295baa8e1afb22b8cc,Xcorbic 1.5gm Injection,Dote Health Care,,Vitamins & Supplements,72,360.0,False,False,2028-04-21 02:19:22.119
6a6d96295baa8e1afb22b8d3,Zia 20 Tablet DT,West-Coast Pharmaceutical Works Ltd,,Vitamins & Supplements,50,35.0,False,False,2026-11-26 10:00:59.277
6a6d96295baa8e1afb22b8d0,Zincolak Capsule,A. Menarini India Pvt Ltd,,Vitamins & Supplements,137,21.0,False,False,2027-02-22 19:52:16.394
6a6d96295baa8e1afb22b8d2,Zincovec 50 Tablet,Biorex Healthcare Pvt Ltd,,Vitamins & Supplements,130,51.0,False,False,2027-09-30 22:28:39.789
6a6d96295baa8e1afb22b8d1,Zincshot Injection,Fusion Healthcare Pvt Ltd,,Vitamins & Supplements,88,599.0,False,False,2027-03-04 11:29:03.424
6a6d96295baa8e1afb22b8ce,Zioral Drops,FDC Ltd,,Vitamins & Supplements,33,74.8,False,False,2028-02-29 19:47:29.928
6a6d96295baa8e1afb22b8cf,Ziverdo Kit,Mankind Pharma Ltd,,Vitamins & Supplements,8,150.0,False,False,2027-05-31 15:45:17.622
6a6d96295baa8e1afb22b8cd,Zynwin Tablet,Macleods Pharmaceuticals Pvt Ltd,,Vitamins & Supplements,15,55.0,False,False,2028-04-04 07:37:34.681
